2012-07-01,14:48:55,"Richard","Carver","carverrn","advisor@crew671bsa.org",0.01,"Add something to this account.","no"
2012-07-01,14:50:52,"Richard","Carver","carverrn","advisor@crew671bsa.org",0.00,"Subtract something from this account.","no"
2012-07-01,14:53:58,"John","Doe","johndoe","johndoe@troop671bsa.org",0.00,"Test Account","no"
2012-07-01,14:54:17,"John","Doe","johndoe","johndoe@troop671bsa.org",0.00,"Test Account","no"
2012-07-01,15:00:07,"John","Doe","johndoe","johndoe@troop671bsa.org",0.00,"Test Account","no"
2012-07-01,15:00:43,"John","Doe","johndoe","johndoe@troop671bsa.org",0.00,"Test Account","yes"
2012-07-01,15:03:31,"Shadow","Cat ","Shadow Cat","blackcat@comcast.net",0.0,"Remember to change the email address to your own.  Create a security question and answer for your account.","yes"
2012-07-01,15:07:42,"Shadow","Cat ","Shadow Cat","blackcat@comcast.net",0.0,"Remember to change the email address to your own.  Create a security question and answer for your account.","no"
2012-07-01,15:08:04,"John","Doe","johndoe","johndoe@troop671bsa.org",0.00,"Test Account","yes"
2012-07-01,15:08:31,"Richard","Carver","carverrn","advisor@crew671bsa.org",0.00,"Test Account","yes"
2012-07-04,14:21:28,"Nicholas","Zblewski","Nicholas Zblewski","zblewskis@comcast.net",275.48,"Mississippi Palasides July Campout withdrawal.","no"
2012-10-14,23:02:46,"Bryce ","Douma","douma","Troop71Treasurer@comcast.net",75.00,"Welcome to your ISA! In the E-mail field please update your email address. Choose your own  security question. Your balance partially reflects the transfer from your Pack Popcorn profit.","no"
2012-10-18,22:32:28,"Richard","Carver","carverrn","advisor@crew671bsa.org",0.00,"Test Account","no"
2012-10-18,22:33:37,"Troop","Contact","troop671bsa","ISA.Troop671BSA@troop671bsa.org",,"","no"
2012-10-18,23:22:55,"Advisor","Crew 671","crew671","Advisor@Crew671BSA.org",0.00,""
2012-10-18,23:23:58,"Richard","Carver","carverrn","advisor@crew671bsa.org",0.00,"Test Account","no"
2012-10-18,23:24:27,"Advisor","Crew 671","crew671","Advisor@Crew671BSA.org",0.00,"","no"
2012-10-18,23:26:42,"Troop671BSA","ISA","troop671bsa","ISA.Troop671BSA@troop671bsa.org",,"","no"
2012-10-18,23:27:10,"ISA","Troop671BSA","troop671bsa","ISA.Troop671BSA@troop671bsa.org",,"","no"
2012-10-18,23:27:59,"Richard","Carver","carverrn","advisor@crew671bsa.org",0.00,"Developers Account","no"
2012-10-18,23:28:23,"ISA","Troop671BSA","troop671bsa","ISA.Troop671BSA@troop671bsa.org",,"DO NOT DELETE THIS ACCOUNT","no"
2012-10-18,23:34:34,"Shadow","Cat ","Shadow Cat","blackcat@comcast.net",0.0,"Remember to change the email address to your own.  Create a security question and answer for your account.","no"
2012-11-11,22:26:56,"Nicholas","Zblewski","Nicholas Zblewski","zblewskis@comcast.net",230.48,"Mississippi Palasides July Campout withdrawal.","no"
2012-11-11,22:27:23,"Nicholas","Zblewski","Nicholas Zblewski","zblewskis@comcast.net",230.48,"Recharter fee withdrawal.","no"
2012-11-19,00:35:27,"Alex","Osterman","Alex Osterman","Gizmo0692@me.com",11.00,"
$20.00 has been deducted from your account to pay for Camping: Dan Beard 2012","no"
2012-11-27,07:18:22,"Christian","Grams","Christian Grams","Troop71Treasurer@comcast.net",218.37," Please change your email address from mine to yours. Your new balance reflects the withdrawal for Camp Lowden.","no"
2013-01-21,21:14:35,"Diego","Benitez","Diego Benitez","Troop71Treasurer@comcast.net",97.28,""
2013-01-21,21:15:23,"Diego","Benitez","Diego Benitez","Troop71Treasurer@comcast.net",97.28,"Welcome to your ISA! Remember to change the email address to your own, change the Password and add a security question with an answer so if you get locked you can get back in.","no"
2013-01-21,21:16:26,"Alex","Bockheim","Alex Bockheim","Troop71Treasurer@comcast.net",55.40,"Welcome to your ISA! In the E-mail field please update to your email address. Then select your own password and security question.","no"
2013-01-21,21:18:13,"Chris","DelVecchio","Chris Delvecchio","ketsl@att.net",161.43,"","no"
2013-01-21,21:19:56,"Bryce ","Douma","douma","Troop71Treasurer@comcast.net",240.00,"Welcome to your ISA! In the E-mail field please update your email address. Choose your own  security question. Your balance partially reflects the transfer from your Pack Popcorn profit.","no"
2013-01-21,21:20:40,"David","Bergquist","David Bergquist","kmbergquist@comcast.net",161.43,"","no"
2013-01-21,21:21:02,"Chris","DelVecchio","Chris Delvecchio","ketsl@att.net",111.02,"","no"
2013-01-21,21:21:52,"Connor ","Gaecke","Connor Gaecke","Troop71Treasurer@comcast.net",221.83,"Welcome to your ISA! Remember to change the email address to your own, change the Password and add a security question with an answer so if you get locked you can get back in.","no"
2013-01-21,21:23:36,"Christian","Grams","Christian Grams","Troop71Treasurer@comcast.net",296.01," Please change your email address from mine to yours. Your new balance reflects the withdrawal for Camp Lowden.","no"
2013-01-21,21:24:41,"Nathan","Hart","Nathan Hart","mrh233@sbcglobal.net",433.95,"","no"
2013-01-21,21:26:32,"Rahul","Kajjam","Rahul Kajjam","Troop71Treasurer@comcast.net",43.81,"Welcome to your ISA! In the E-mail field please update to your email address. Choose your own password and security question.","no"
2013-01-21,21:28:56,"Liam","Korecky","Liam Korecky","koreckyp@yahoo.com",703.04,"","no"
2013-01-21,21:32:14,"Zachary","Lambert","Zachary Lambert","Troop71Treasurer@comcast.net",115.80,"Welcome to your ISA! Remember to change the email address to your own, change the Password and add a security question with an answer so if you get locked you can get back in."
2013-01-21,21:33:16,"Liam","Maag","Liam Maag","Troop71Treasurer@comcast.net",524.46,"Welcome to your ISA! In the E-mail field please update to your email address. Choose your own password and security question.","no"
2013-01-21,21:34:41,"Andrew","Miller","Andrew Miller","Troop71Treasurer@comcast.net",287.42,"In the E-mail field please delete mine and insert yours. ","no"
2013-01-21,22:33:56,"Michael","Monaco","Michael Monaco","Troop71Treasurer@comcast.net",,""
2013-01-21,22:34:24,"Michael","Monaco","Michael Monaco","Troop71Treasurer@comcast.net",,"Welcome to your ISA! Remember to change the email address to your own, change the Password and add a security question with an answer so if you get locked you can get back in.","no"
2013-01-21,22:35:59,"Michael","Monaco","Michael Monaco","Troop71Treasurer@comcast.net",380.00,"Welcome to your ISA! Remember to change the email address to your own, change the Password and add a security question with an answer so if you get locked you can get back in.","no"
2013-01-21,22:36:55,"Eric","Niesen","Eric Niesen","Troop71Treasurer@comcast.net",308.20,"Welcome to your ISA! Remember to change the email address to your own, change the Password and add a security question with an answer so if you get locked you can get back in.","no"
2013-01-21,22:38:26,"Willian","Nordeen","William Nordeen","williamrn45@gmail.com",198.41,"","no"
2013-01-21,22:39:43,"Alex","Osterman","Alex Osterman","Gizmo0692@me.com",129.56,"","no"
2013-01-21,22:40:25,"Spencer","Pavletic","Spencer Pavletic","Troop71Treasurer@comcast.net",95.02,"Welcome to your ISA! In the E-mail field please update to your email address. Choose your own password and security question.","no"
2013-01-21,22:44:43,"Gage","Rice","Gage Rice","Troop71Treasurer@comcast.net",117.55,"Welcome to your ISA! Remember to change the email address field to your own, change the Password and add a security question with an answer so if you get locked you can get back in.","no"
2013-01-21,22:45:38,"Marshall","Rice","Marshall Rice","Troop71Treasurer@comcast.net",169.11,"Welcome to your ISA! Remember to change the email address to your own, change the Password and add a security question with an answer so if you get locked you can get back in.","no"
2013-01-21,22:46:24,"Nolan","Rice","Nolan Rice","Troop71Treasurer@comcast.net",122.55,"Welcome to your ISA! Remember to change the email address to your ","no"
2013-01-21,22:47:09,"Jonathan","Roeck","Jonathan Roeck","gproeck@hotmail.com",103.11,"","no"
2013-01-21,22:55:43,"Justin","Shamberg","Justin Shamberg","Troop71Treasurer@comcast.net",95.40,"Welcome to your ISA! In the E-mail field please update to your email address. Choose your own password and security question.","no"
2013-01-21,22:57:43,"Eric","Schmidt","Eric Schmidt","schmidt6134@comcast.net",84.46,"","no"
2013-01-21,22:59:13,"Scott","Seiler","Scott Seiler","utamce@comcast.net",557.46,"","no"
2013-01-21,23:00:34,"Matthew","Sierzega","Matthew Sierzega","Troop71Treasurer@comcast.net",269.18,"Welcome to your ISA! In the E-mail field please update to your email address. Choose your own password and security question.","no"
2013-01-21,23:01:49,"Timothy","Tomei","Timothy Tomei","Troop71Treasurer@comcast.net",632.09,"Welcome to your ISA! Remember to change the email address to your own, change the Password and add a security question with an answer so if you get locked you can get back in.","no"
2013-01-21,23:02:37,"Luke","Weber","Luke Weber","Troop71Treasurer@comcast.net",71.00,"Welcome to your ISA! In the E-mail field please update to your email address. Choose your own password and security question.","no"
2013-01-21,23:03:59,"Nicholas","Zblewski","Nicholas Zblewski","zblewskis@comcast.net",423.76,"Recharter fee withdrawal.","no"
2013-01-21,23:08:43,"Liam","Korecky","Liam Korecky","koreckyp@yahoo.com",683.04,"Your balance reflects the withdrawal of funds for the campout at Adler Park.","no"
2013-01-22,22:24:49,"Alex","Osterman","Alex Osterman","Gizmo0692@me.com",64.56,"Your balance reflects the withdraw for the USS Cobia campout.","no"
2013-03-16,11:47:57,"Alex","Osterman","Alex Osterman","Gizmo0692@me.com",14.56,"Camp Makajawn deposit has been withdrawn. ","no"
2013-04-07,22:47:35,"Gavin","Short","Gavin Short","troop71treasurer@comcast.net",286.00,"Welcome to your ISA! Change your Password to your own. Change your Email address to your own. Create a Question and Answer to unlock your account if needed. "
2013-04-08,07:54:58,"Gavin","Short","Gavin Short","gavin@theshortpeople.com",,"Your account reflects your new balance after your withdrawal for Makajawan 2013.","no"
2013-05-05,16:55:52,"Gavin","Short","Gavin Short","gavin@theshortpeople.com",,"Your account reflects your new balance after your withdrawal for Makajawan 2013.","no"
2013-05-05,16:58:38,"James","Silvasy","James Silvasy","troop71treasurer@comcast.net",90.00,"Welcome to your ISA! Remember to change the email address to your own, change the Password and add a security question with an answer so if you get locked you can get back in."
2013-05-05,17:00:37,"Rutvik","Sayankar","Rutvik Sayankar","troop71treasurer@comcast.net",10.00,"Welcome to your ISA! Remember to change the email address to your own, change the Password and add a security question with an answer so if you get locked you can get back in."
2013-05-05,17:02:45,"Jacob","Adrian","Jacob Adrian","troop71treasurer@comcast.net",,"Welcome to your ISA! Remember to change the email address to your own, change the Password and add a security question with an answer so if you get locked you can get back in."
2013-05-05,17:04:23,"Greyson","Fout","Greyson Fout","troop71treasurer@comcast.net",30.00,"Welcome to your ISA! Remember to change the email address to your own, change the Password and add a security question with an answer so if you get locked you can get back in."
2013-05-05,17:04:41,"Jacob","Adrian","Jacob Adrian","troop71treasurer@comcast.net",40.00,"Welcome to your ISA! Remember to change the email address to your own, change the Password and add a security question with an answer so if you get locked you can get back in.","no"
2013-05-05,17:09:44,"Dylan ","Kozlov","Dylan Kozlov","troop71treasurer@comcast.net",30.00,"Welcome to your ISA! Remember to change the email address to your own, change the Password and add a security question with an answer so if you get locked you can get back in."
2013-05-07,22:22:09,"Bryce ","Douma","Bryce Douma","Troop71Treasurer@comcast.net",240.00,"Welcome to your ISA! In the E-mail field please update your email address. Choose your own  security question. Your balance partially reflects the transfer from your Pack Popcorn profit.","no"
2013-05-07,22:24:12,"Bryce ","Douma","Bryce Douma","Troop71Treasurer@comcast.net",240.00,"Welcome to your ISA! In the E-mail field please update your email address. Choose your own  security question. Your balance partially reflects the transfer from your Pack Popcorn profit.","no"
2013-05-07,22:25:38,"Bryce ","Douma","Bryce Douma","Troop71Treasurer@comcast.net",240.00,"Welcome to your ISA! In the E-mail field please update your email address. Choose your own  security question. Your balance partially reflects the transfer from your Pack Popcorn profit.","no"
2013-05-11,22:00:05,"Bryce ","Douma","Bryce Douma","Troop71Treasurer@comcast.net",151.10,"Welcome to your ISA! In the E-mail field please update your email address. Choose your own  security question. Your balance partially reflects the transfer from your Pack Popcorn profit and the withdrawal for our sleeping bag purchase.","no"
2013-05-11,22:04:53,"Bryce ","Douma","Bryce Douma","Troop71Treasurer@comcast.net",151.10,"Welcome to your ISA! In the E-mail field please update your email address. Choose your own  security question. Your balance partially reflects the transfer from your Pack Popcorn profit and the withdrawal for our sleeping bag purchase.","no"
2013-05-13,22:24:39,"Christian","Grams","Christian Grams","Troop71Treasurer@comcast.net",256.01," Please change your email address from mine to yours. Your new balance reflects the withdrawal for Camp Lowden.","no"
2013-05-18,14:18:11,"Nathan","Hart","Nathan Hart","mrh233@sbcglobal.net",283.95,"New balance reflects Makajawan payment.","no"
2013-05-18,14:19:07,"Christian","Grams","Christian Grams","Troop71Treasurer@comcast.net",56.01," Please change your email address from mine to yours. Your new balance reflects the withdrawal for Makajawan.","no"
2013-05-19,12:36:49,"Shadow","Cat ","Shadow Cat","blackcat@comcast.net",0.0,"Remember to change the email address to your own.  Create a security question and answer for your account.","no"
2013-05-22,07:53:28,"Rick","Carver","carverrick","carverrick@comcast.net",0.00,"Test account with Comcast address"
2013-05-26,14:43:19,"Shadow","Cat ","Shadow Cat","blackcat@comcast.net",0.0,"Remember to change the email address to your own.  Create a security question and answer for your account.","no"
2013-05-27,13:02:25,"Shadow","Cat ","Shadow Cat","blackcat@comcast.net",0.0,"Remember to change the email address to your own.  Create a security question and answer for your account.","no"
2013-05-28,00:23:44,"Bryce ","Douma","Bryce Douma","Troop71Treasurer@comcast.net",151.10,"Welcome to your ISA! In the E-mail field please update your email address. Choose your own  security question. Your balance partially reflects the transfer from your Pack Popcorn profit and the withdrawal for our sleeping bag purchase. In addition, your balance was reduced by your payment for Makajawan.","no"
2013-06-04,13:47:40,"Trevor","Roma","Trevor Roma","troop71treasurer@comcast.net",,""
2013-06-04,13:48:26,"Trevor","Roma","Trevor Roma","troop71treasurer@comcast.net",,"Welcome to your ISA! Remember to change the email address to your own, change the Password and add a security question with an answer so if you get locked you can get back in.","no"
2013-06-04,13:50:17,"Trevor","Roma","Trevor Roma","troop71treasurer@comcast.net",,"Welcome to your ISA! Remember to change the email address to your own, change the Password and add a security question with an answer so if you get locked you can get back in.","no"
2013-06-13,01:54:02,"William","Jeffries","William Jeffries","Troop71Treasurer@comcast.net",,""
2013-06-13,01:55:08,"William","Jeffries","William Jeffries","Troop71Treasurer@comcast.net",,"Welcome to your ISA! Remember to change the email address to your own, change the Password and add a security question with an answer so if you get locked you can get back in.","no"
2013-10-14,14:27:14,"Gavin","Short","Gavin Short","gavin@theshortpeople.com",35.00,"Your account is up to date with your PB13 funds. ","no"
2013-10-14,14:43:58,"Gavin","Short","Gavin Short","gavin@theshortpeople.com",15.00,"Balance after withdrawing funds for Nov 2013 campout. ","no"
2013-10-27,14:36:37,"Daniel ","Pawlak","Daniel Pawlak","Troop71Treasurer@comcast.net",31.99,"Please change the email address to your address. Set up a security question and answer. 
Balance after PB and Car Wash"
2013-11-17,13:05:34,"David","Maynen","David Maynen","Troop71Treasurer@comcast.net",149.65,"Remember to change your password and change the email address to your own. "
2013-11-19,23:33:26,"Eric","Schmidt","Eric Schmidt","schmidt6134@comcast.net",84.46,"","no"
2013-11-19,23:38:57,"Eric","Schmidt","Eric Schmidt","schmidt6134@comcast.net",109.46,"","no"
2013-11-21,07:27:11,"Eric","Schmidt","Eric Schmidt","schmidt6134@comcast.net",64.46,"","no"
2013-11-21,07:33:06,"Nicholas","Zblewski","Nicholas Zblewski","zblewskis@comcast.net",378.76,"","no"
2013-11-24,18:40:47,"David","Bergquist","David Bergquist","keith.bergquist@comcast.net",116.43,"","no"
2013-12-02,22:19:31,"Zach","Thomas","Zach Thomas","Troop71Treasurer@comcast.net",44.79,"Please change the email address to yours.  Set up a Security Question and answer.  You can use your own password if you choose. "
2013-12-02,22:21:15,"Zach","Thomas","Zach Thomas","Troop71Treasurer@comcast.net",44.79,"Please change the email address to yours.  Set up a Security Question and answer.  You can use your own password if you choose. ","no"
2013-12-02,22:29:59,"Nathan","Hart","Nathan Hart","mrh233@sbcglobal.net",238.95,"","no"
2014-01-07,13:53:39,"Jacob","Adrian","Jacob Adrian","adrian18547@aol.com",40.00,"","no"
2014-02-10,23:34:46,"Liam","Maag","Liam Maag","Troop71Treasurer@comcast.net",1123.25,"Welcome to your ISA! In the E-mail field please update to your email address. Choose your own password and security question.","no"
2014-02-23,14:13:09,"Gavin","Short","Gavin Short","gavin@theshortpeople.com",1100.50,"Balance after withdrawing funds for Makajawan Deposit. ","no"
2014-02-23,14:38:27,"Matthew","Strelzyk","Matthew Strelzyk","Troop71Treasurer@comcast.net",282.29,"Welcome to your ISA. First change the email address to your own. Change the password. Set up Security Question. "
2014-02-25,17:16:07,"Jacob","Adrian","Jacob Adrian","adrian18547@aol.com",311.93,"","no"
2014-03-03,21:41:23,"Zach","Thomas","Zach Thomas","thomasofrlb@comcast.net",497.08,"","no"
2014-03-03,21:46:13,"Zach","Thomas","Zach Thomas","thomasofrlb@comcast.net",497.08,"","no"
2014-03-03,21:46:54,"William","Jeffries","William Jeffries","Troop71Treasurer@comcast.net",517.54,"Welcome to your ISA! Remember to change the email address to your own, change the Password and add a security question with an answer so if you get locked you can get back in.","no"
2014-03-03,21:48:51,"William","Jeffries","William Jeffries","Troop71Treasurer@comcast.net",549.54,"Welcome to your ISA! Remember to change the email address to your own, change the Password and add a security question with an answer so if you get locked you can get back in.","no"
2014-03-04,21:27:14,"Daniel ","Pawlak","Daniel Pawlak","danny.pawlak@gmail.com",556.89,"Balance after Popcorn and Wreath Sales","no"
2014-03-07,07:31:15,"Daniel ","Pawlak","Daniel Pawlak","danny.pawlak@gmail.com",506.89,"Balance after Makajawan 2014 deposit.","no"
2014-03-16,18:27:37,"Gavin","Short","Gavin Short","gavin@theshortpeople.com",1090.50,"Balance after withdrawing funds for March Campout. ","no"
2014-03-19,21:46:23,"Trevor","Roma","Trevor Roma","troop71treasurer@comcast.net",224.20,"Welcome to your ISA! Remember to change the email address to your own, change the Password and add a security question with an answer so if you get locked you can get back in.","no"
2014-03-31,07:06:35,"Trevor","Roma","Trevor Roma","trevor.roma@att.net",0.00,"Your balance after payment for Makajawan 2014.","no"
2014-04-06,23:12:33,"Gavin","Short","Gavin Short","gavin@theshortpeople.com",1067.50,"Balance after withdrawing funds for Makajawan Shirt. ","no"
2014-04-06,23:22:33,"Gavin","Short","Gavin Short","gavin@theshortpeople.com",867.50,"Balance after withdrawing funds for Makajawan Shirt and for Makajawan 2014. ","no"
2014-04-06,23:29:22,"Eric","Niesen","Eric Niesen","Troop71Treasurer@comcast.net",380.90,"Welcome to your ISA! Remember to change the email address to your own, change the Password and add a security question with an answer so if you get locked you can get back in.","no"
2014-04-06,23:35:27,"Eric","Niesen","Eric Niesen","Troop71Treasurer@comcast.net",380.90,"Welcome to your ISA! Remember to change the email address to your own, change the Password and add a security question with an answer so if you get locked you can get back in.","no"
2014-04-13,15:20:01,"Shadow","Cat ","Shadow Cat","blackcat@comcast.net",0.0,"Remember to change the email address to your own.  Create a security question and answer for your account.","no"
2014-04-14,21:32:12,"Daniel ","Pawlak","Daniel Pawlak","danny.pawlak@gmail.com",486.89,"Balance after Grant Pilgrimage Campout.","no"
2014-04-14,22:25:39,"James","Silvasy","James Silvasy","troop71treasurer@comcast.net",115.00,"Welcome to your ISA! Remember to change the email address to your own, change the Password and add a security question with an answer so if you get locked you can get back in.","no"
2014-04-21,22:24:42,"James","Silvasy","James Silvasy","james.silvasy@gmail.com",0.00,"Your balance after the withdraw for Makajawan 2014. ","no"
2014-04-21,22:36:04,"David","Maynen","David Maynen","gardengzbo@aol.com",111.65,"Balance after Troop Recharter fee.","no"
2014-04-21,22:37:54,"David","Maynen","David Maynen","gardengzbo@aol.com",111.65,"Balance after Troop Recharter fee.","no"
2014-04-28,21:56:22,"Greyson","Fout","Greyson Fout","greysonfout@hotmail.com",105.96,"","no"
2014-04-29,21:40:32,"Eric","Niesen","Eric Niesen","Troop71Treasurer@comcast.net",130.90,"Welcome to your ISA! Remember to change the email address to your own, change the Password and add a security question with an answer so if you get locked you can get back in.","no"
2014-05-01,06:57:38,"Daniel ","Pawlak","Daniel Pawlak","danny.pawlak@gmail.com",286.89,"Balance after Makajawan 2014 2nd Payment.","no"
2014-05-01,06:58:32,"Greyson","Fout","Greyson Fout","greysonfout@hotmail.com",0.00,"Balance after Makajawan 2014 Payment. ","no"
2014-05-13,22:02:49,"Luke","Weber","Luke Weber","weber.law@comcast.net",541.56,"Your ISA is updated as of 5-13-14. ","no"
2014-05-17,13:30:29,"Gavin","Short","Gavin Short","gavin@theshortpeople.com",827.50,"Balance after WD funds for Mirror Lake. ","no"
2014-05-27,18:03:43,"Gavin","Short","Gavin Short","gavin@theshortpeople.com",777.50,"Balance after WD funds for Western Trip, Summer 2014. ","no"
2014-07-07,16:47:25,"Gavin","Short","Gavin Short","gavin@theshortpeople.com",587.50,"Balance after WD funds for Balance of Western Trip, Summer 2014. ","no"
2014-07-15,14:33:26,"Daniel ","Pawlak","Daniel Pawlak","danny.pawlak@gmail.com",46.89,"Balance after Wild West Trip Payment. ","no"
2014-08-05,13:06:26,"Gavin","Short","Gavin Short","gavin@theshortpeople.com",562.50,"Balance after WD of funds for Apple River Canyon.","no"
2014-08-16,08:54:39,"Spencer","Pavletic","Spencer Pavletic","Troop71Treasurer@comcast.net",527.42,"Welcome to your ISA! In the E-mail field please update to your email address. Choose your own password and security question.","no"
2014-08-20,22:33:23,"Spencer","Pavletic","Spencer Pavletic","Troop71Treasurer@comcast.net",227.42,"Welcome to your ISA! In the E-mail field please update to your email address. Choose your own password and security question.","no"
2014-09-15,00:34:00,"Liam","Maag","Liam Maag","KMaag@Comcast.net",623.25,"Balance after Philmont Payment","no"
2014-09-16,22:49:37,"Luke","Weber","Luke Weber","weber.law@comcast.net",126.56,"Balance after your payment for Philmont Cavalcade. ","no"
2014-10-07,00:08:19,"Liam","Korecky","Liam Korecky","koreckyp@yahoo.com",3.04,"SeaBase and Philmont payment was withdrawn.","no"
2014-10-07,00:16:43,"Nicholas","Zblewski","Nicholas Zblewski","zblewskis@comcast.net",333.56,"Balance after Recharter 2015 payment.","no"
2014-11-02,16:51:06,"Gavin","Short","Gavin Short","gavin@theshortpeople.com",437.50,"Balance after WD of funds for USS Cobia and 2015 Troop Fee.","no"
2014-11-02,16:59:35,"Spencer","Pavletic","Spencer Pavletic","spookme0809@gmail.com",182.42,"Your balance after withdrawing funds for the 2015 Troop Recharter. ","no"
2014-11-20,07:19:28,"Christian","Grams","Christian Grams","Troop71Treasurer@comcast.net",11.01," Please change your email address from mine to yours. Your new balance reflects the withdrawal for Makajawan.","no"
2014-11-30,19:22:06,"Gavin","Short","Gavin Short","gavin@theshortpeople.com",407.50,"Balance after WD of funds for December CO.","no"
2014-12-16,07:08:22,"Gavin","Short","Gavin Short","gavin@theshortpeople.com",372.50,"Balance after WD of funds for January CO.","no"
2015-01-18,14:10:14,"Jacob","Adrian","Jacob Adrian","adrian18547@aol.com",550.43,"Congratulations! Proceeds from Popcorn and Wreaths 2014 have been added to your ISA!","no"
2015-01-18,14:12:32,"Zachary","Andrejko","Zachary Andrejko","Troop71Treasurer@comcast.net",40.40,"Congratulations! Proceeds from Popcorn and Wreaths 2014 have been added to your ISA! Please update your email address above."
2015-01-18,14:19:45,"Zachery","Byerly","Zachery Byerly","Troop71Treasurer@comcast.net",965.28,"Welcome to your ISA! Remember to change the email address to your own, change the Password and add a security question with an answer so if you get locked you can get back in.","no"
2015-01-18,14:20:20,"Chris","DelVecchio","Chris Delvecchio","ketsl@att.net",129.27,"Congratulations! Proceeds from Popcorn and Wreaths 2014 have been added to your ISA!","no"
2015-01-18,14:21:16,"Greyson","Fout","Greyson Fout","greysonfout@hotmail.com",134.25,"Congratulations! Proceeds from Popcorn and Wreaths 2014 have been added to your ISA!","no"
2015-01-18,14:21:51,"Christian","Grams","Christian Grams","Troop71Treasurer@comcast.net",68.95," Please change your email address from mine to yours. Your new balance reflects the withdrawal for Makajawan.","no"
2015-01-18,14:23:04,"William","Jeffries","William Jeffries","Troop71Treasurer@comcast.net",1161.79,"Welcome to your ISA! Remember to change the email address to your own, change the Password and add a security question with an answer so if you get locked you can get back in. Congratulations! Proceeds from Popcorn and Wreaths 2014 have been added to your ISA!","no"
2015-01-18,14:25:18,"Kellogg","Johnathan","Johnathan Kellogg","Troop71Treasurer@comcast.net",328.50,"Change the email address above to yours. Congratulations! Proceeds from Popcorn and Wreaths 2014 have been added to your ISA!"
2015-01-18,14:27:09,"Isaac","Koob","Isaac Koob","Troop71Treasurer@comcast.net",174.80,"Change the email address above to your own. Congratulations! Proceeds from Popcorn and Wreaths 2014 have been added to your ISA!"
2015-01-18,14:29:23,"Liam","Korecky","Liam Korecky","koreckyp@yahoo.com",467.54,"Congratulations! Proceeds from Popcorn and Wreaths 2014 have been added to your ISA!","no"
2015-01-18,14:30:27,"Liam","Maag","Liam Maag","KMaag@Comcast.net",1121.25,"Congratulations! Proceeds from Popcorn and Wreaths 2014 have been added to your ISA!","no"
2015-01-18,14:31:24,"Spencer","Pavletic","Spencer Pavletic","spookme0809@gmail.com",604.22,"Congratulations! Proceeds from Popcorn and Wreaths 2014 have been added to your ISA!","no"
2015-01-18,14:32:37,"Daniel ","Pawlak","Daniel Pawlak","danny.pawlak@gmail.com",703.89,"Congratulations! Proceeds from Popcorn and Wreaths 2014 have been added to your ISA!","no"
2015-01-18,14:33:58,"Trevor","Roma","Trevor Roma","trevor.roma@att.net",55.10,"Congratulations! Proceeds from Popcorn and Wreaths 2014 have been added to your ISA!","no"
2015-01-18,14:35:55,"Hayden","Rytting","Hayden Rytting","Troop71Treasurer@comcast.net",73.20,"Please change the above email address to your own. Congratulations! Proceeds from Popcorn and Wreaths 2014 have been added to your ISA!"
2015-01-18,14:37:26,"Scott","Seiler","Scott Seiler","utamce@comcast.net",512.70,"Congratulations! Proceeds from Popcorn and Wreaths 2014 have been added to your ISA!
(Pending)","no"
2015-01-18,14:38:24,"Justin","Shamberg","Justin Shamberg","Troop71Treasurer@comcast.net",482.60,"Welcome to your ISA! In the E-mail field please update to your email address. Choose your own password and security question.
Congratulations! Proceeds from Popcorn and Wreaths 2014 have been added to your ISA!","no"
2015-01-18,14:39:40,"Gavin","Short","Gavin Short","gavin@theshortpeople.com",698.93,"Congratulations! Proceeds from Popcorn and Wreaths 2014 have been added to your ISA!","no"
2015-01-18,14:40:51,"Jake","Smith","Jake Smith","Troop71Treasurer@comcast.net",89.35,"Change the above email address to yours. Congratulations! Proceeds from Popcorn and Wreaths 2014 have been added to your ISA!"
2015-01-18,14:42:08,"Matthew","Strelzyk","Matthew Strelzyk","Troop71Treasurer@comcast.net",553.64,"Welcome to your ISA. First change the email address to your own. Change the password. Set up Security Question. 
Congratulations! Proceeds from Popcorn and Wreaths 2014 have been added to your ISA!","no"
2015-01-18,14:43:33,"Martin","Stumpf","Martin Stumpf","Troop71Treasurer@comcast.net",119.70,"Change the above email address to your own. Congratulations! Proceeds from Popcorn and Wreaths 2014 have been added to your ISA!"
2015-01-18,14:44:42,"Zach","Thomas","Zach Thomas","thomasofrlb@comcast.net",1031.68,"Congratulations! Proceeds from Popcorn and Wreaths 2014 have been added to your ISA!","no"
2015-01-18,14:47:15,"Reid","Walters","Reid Walters","Troop71Treasurer@comcast.net",23.30,"Change the above email address to your own. 
Congratulations! Proceeds from Popcorn and Wreaths 2014 have been added to your ISA!"
2015-01-18,14:48:23,"Luke","Weber","Luke Weber","weber.law@comcast.net",603.16,"Congratulations! Proceeds from Popcorn and Wreaths 2014 have been added to your ISA!","no"
2015-01-18,14:49:36,"Mason","Womack","Mason Womack","Troop71Treasurer@comcast.net",226.10,"Change the above email address to your own. Congratulations! Proceeds from Popcorn and Wreaths 2014 have been added to your ISA!"
2015-01-18,14:51:04,"Nicholas","Zblewski","Nicholas Zblewski","zblewskis@comcast.net",484.81,"Congratulations! Proceeds from Popcorn and Wreaths 2014 have been added to your ISA!","no"
2015-01-18,14:53:40,"Spencer","Burton","Spencer Burton","Troop71Treasurer@comcast.net",75.25,"Change the above email to your own. Congratulations! Proceeds from Popcorn and Wreaths 2014 have been added to your ISA!"
2015-01-18,14:55:34,"Vincent","Kirk","Vincent Kirk","Troop71Treasurer@comcast.net",25.00,"Change the email address above to your own. Congratulations! Proceeds from Popcorn and Wreaths 2014 have been added to your ISA!"
2015-01-18,14:56:46,"Eric","Niesen","Eric Niesen","Troop71Treasurer@comcast.net",140.90,"Welcome to your ISA! Remember to change the email address to your own, change the Password and add a security question with an answer so if you get locked you can get back in. Congratulations! Proceeds from Popcorn and Wreaths 2014 have been added to your ISA!","no"
2015-01-18,14:57:36,"Marshall","Rice","Marshall Rice","Troop71Treasurer@comcast.net",179.11,"Welcome to your ISA! Remember to change the email address to your own, change the Password and add a security question with an answer so if you get locked you can get back in. Congratulations! Proceeds from Popcorn and Wreaths 2014 have been added to your ISA!","no"
2015-01-18,14:58:52,"Nolan","Rice","Nolan Rice","Troop71Treasurer@comcast.net",128.05,"Welcome to your ISA! Remember to change the email address to your own. 
Congratulations! Proceeds from Popcorn and Wreaths 2014 have been added to your ISA!","no"
2015-01-18,15:00:28,"Dylan","Richards","Dylan Richards ","Troop71Treasurer@comcast.net",20.25,"Change the above email address to your own. 
Congratulations! Proceeds from Popcorn and Wreaths 2014 have been added to your ISA!"
2015-01-18,15:01:03,"Rutvik","Sayankar","Rutvik Sayankar","troop71treasurer@comcast.net",20.00,"Welcome to your ISA! Remember to change the email address to your own, change the Password and add a security question with an answer so if you get locked you can get back in.
Congratulations! Proceeds from Popcorn and Wreaths 2014 have been added to your ISA!","no"
2015-01-18,15:01:53,"Eric","Schmidt","Eric Schmidt","schmidt6134@comcast.net",69.46,"Congratulations! Proceeds from Popcorn and Wreaths 2014 have been added to your ISA!","no"
2015-02-04,07:05:03,"Gavin","Short","Gavin Short","gavin@theshortpeople.com",663.93,"Balance after the withdrawal for the February campout. ","no"
2015-02-09,22:41:26,"Scott","Seiler","Scott Seiler","utamce@comcast.net",12.70,"Balance forward after debit of Philmont payment.","no"
2015-02-16,22:38:03,"Liam","Maag","Liam Maag","KMaag@Comcast.net",621.25,"Balance after February 2015 Philmont payment. ","no"
2015-02-22,23:29:16,"Liam","Korecky","Liam Korecky","koreckyp@yahoo.com",152.54,"Balance after withdraw for Philmont Calvacade. ","no"
2015-02-22,23:32:30,"Spencer","Pavletic","Spencer Pavletic","spookme0809@gmail.com",354.22,"","no"
2015-02-22,23:33:49,"Spencer","Pavletic","Spencer Pavletic","spookme0809@gmail.com",354.22,"Balance after Philmont withdrawal. ","no"
2015-02-23,23:20:50,"Luke","Weber","Luke Weber","weber.law@comcast.net",288.16,"Balance after payment to Cavalcade.  ","no"
2015-02-23,23:25:40,"Justin","Shamberg","Justin Shamberg","the5shams@sbcglobal.net",167.60,"","no"
2015-02-23,23:26:27,"Justin","Shamberg","Justin Shamberg","the5shams@sbcglobal.net",167.60,"Balance is after the withdrawal for Cavalcade ","no"
2015-02-26,07:05:07,"Zachery","Byerly","Zachary Byerly","superturtle01997@gmail.com",650.28.28,"Balance after the withdraw in February for Philmont 2015","no"
2015-03-01,14:26:07,"Nicholas","Zblewski","Nicholas Zblewski","zblewskis@comcast.net",409.81,"Balance after Makajawan 2015 deposit. ","no"
2015-03-01,14:47:00,"Zach","Thomas","Zach Thomas","thomasofrlb@comcast.net",1031.68,"Congratulations! Proceeds from Popcorn and Wreaths 2014 have been added to your ISA!","no"
2015-03-01,17:02:54,"Zachery","Byerly","Zachary Byerly","superturtle01997@gmail.com",650.28.,"Balance after the withdraw in February for Philmont 2015","no"
2015-03-01,17:03:06,"Zachery","Byerly","Zachary Byerly","superturtle01997@gmail.com",650.28,"Balance after the withdraw in February for Philmont 2015","no"
2015-03-01,17:18:26,"Diego","Benitez","Diego Benitez","Troop71Treasurer@comcast.net",97.28,"Welcome to your ISA! Remember to change the email address to your own, change the Password and add a security question with an answer so if you get locked you can get back in.","no"
2015-03-01,17:18:39,"Joshua","Bixler","Joshua Bixler","Troop71Treasurer@comcast.net",75.30,"Welcome to your ISA! Remember to change the email address to your own, change the Password and add a security question with an answer so if you get locked you can get back in.","no"
2015-03-01,17:18:50,"Alex","Bockheim","Alex Bockheim","Troop71Treasurer@comcast.net",55.40,"Welcome to your ISA! In the E-mail field please update to your email address. Then select your own password and security question.","no"
2015-03-01,17:19:04,"Kyle ","Cassidy","Kyle Cassidy","Troop71Treasurer@comcast.net",203.82,"Welcome to your ISA! Remember to change the email address to your own, change the Password and add a security question with an answer so if you get locked you can get back in.","no"
2015-03-01,17:19:15,"Zach","Descourouez","Zach Descourouez","Troop71Treasurer@comcast.net",25.00,"Welcome to your ISA! In the E-mail field please update to your email address. Choose your own password and security question.","no"
2015-03-01,17:19:27,"Bryce ","Douma","Bryce Douma","Troop71Treasurer@comcast.net",151.10,"Welcome to your ISA! In the E-mail field please update your email address. Choose your own  security question. Your balance partially reflects the transfer from your Pack Popcorn profit and the withdrawal for our sleeping bag purchase. In addition, your balance was reduced by your payment for Makajawan.","no"
2015-03-01,17:19:39,"Justin","Elledge","Justin Elledge","Troop71Treasurer@comcast.net",131.39,"Your balance reflects the purchase of hiking boots.","no"
2015-03-01,17:19:51,"Matthew","Fix","Matthew Fix","Troop71Treasurer@comcast.net",35.25,"Welcome to your ISA! Remember to change the email address to your ","no"
2015-03-01,17:20:01,"Matthew","Fix","Matthew Fix","Troop71Treasurer@comcast.net",35.25,"Welcome to your ISA! Remember to change the email address to your ","no"
2015-03-01,17:20:14,"Nathan","Hart","Nathan Hart","mrh233@sbcglobal.net",238.95,"","no"
2015-03-01,17:20:28,"Akshay","Kajjam","Akshay Kajjam","Troop71Treasurer@comcast.net",71.91,"Welcome to your ISA! Remember to change the email address to your own, change the Password and add a security question with an answer so if you get locked you can get back in.","no"
2015-03-01,17:20:38,"Rahul","Kajjam","Rahul Kajjam","Troop71Treasurer@comcast.net",43.81,"Welcome to your ISA! In the E-mail field please update to your email address. Choose your own password and security question.","no"
2015-03-01,17:20:51,"James","Kechik","James Kechik","littleman7293@comcast.net",25.00,"Welcome to your ISA! Remember to change the email address to your own email address.  ","no"
2015-03-01,17:21:08,"Dylan ","Kozlov","Dylan Kozlov","troop71treasurer@comcast.net",30.00,"Welcome to your ISA! Remember to change the email address to your own, change the Password and add a security question with an answer so if you get locked you can get back in.","no"
2015-03-01,17:21:34,"Zachary","Lambert","Zachary Lambert","Troop71Treasurer@comcast.net",115.80,"Welcome to your ISA! Remember to change the email address to your own, change the Password and add a security question with an answer so if you get locked you can get back in.","no"
2015-03-01,17:22:14,"David","Maynen","David Maynen","gardengzbo@aol.com",111.65,"Balance after Troop Recharter fee.","no"
2015-03-01,17:22:32,"Michael","Monaco","Michael Monaco","Troop71Treasurer@comcast.net",380.00,"Welcome to your ISA! Remember to change the email address to your own, change the Password and add a security question with an answer so if you get locked you can get back in.","no"
2015-03-01,17:22:47,"Donald","Musson","Donald Musson","Troop71Treasurer@comcast.net",15.00,"Welcome to your ISA! Remember to change the email address to your own, change the Password and add a security question with an answer so if you get locked you can get back in.","no"
2015-03-01,17:23:07,"Daniel","Myers","Daniel Myers","Troo71Treasurer@comcast.net",25.00,"Welcome to your ISA! Remember to change the email address to your own, change the Password and add a security question with an answer so if you get locked you can get back in.","no"
2015-03-01,17:24:09,"Willian","Nordeen","William Nordeen","williamrn45@gmail.com",198.41,"","no"
2015-03-01,17:24:28,"Raymond","Richter","Raymond Richter","Troop71Treasurer@comcast.net",174.37,"Welcome to your ISA! Remember to change the email address to your own, change the Password and add a security question with an answer so if you get locked you can get back in.","no"
2015-03-01,17:24:44,"Marco","Ringor","Marco Ringor","Troop71Treasurer@comcast.net",55.97,"Welcome to your ISA! Remember to change the email address to your own, change the Password and add a security question with an answer so if you get locked you can get back in.","no"
2015-03-01,17:25:47,"Hayden","Rytting","Hayden Rytting","Troop71Treasurer@comcast.net",73.20,"Please change the above email address to your own. Congratulations! Proceeds from Popcorn and Wreaths 2014 have been added to your ISA!","no"
2015-03-01,17:26:18,"Joseph","Stark","Joseph Stark","Troop71Treasurer@comcast.net",25.00,"You still need to change the email address to your own!This balance is after taking out funds to pay your Recharter Fee.","no"
2015-03-01,17:26:31,"Andrew","Stotland","Andrew Stotland","Troop71Treasurer@comcast.net",25.00,"Welcome to your ISA! Remember to change the email address to your own, change the Password and add a security question with an answer so if you get locked you can get back in.","no"
2015-03-01,17:26:44,"Samuel","Stark","Samuel Stark","hstark2002@gmail.com",25.00,"","no"
2015-03-01,17:27:16,"Mark","Thommes","Mark Thommes","Troop71Treasurer@comcast.net",229.99,"Welcome to your ISA! Remember to change the email address above to your own, change the password and add a security question with an answer so that if you get locked out you can get back in.","no"
2015-03-01,17:27:35,"Timothy","Tomei","Timothy Tomei","Troop71Treasurer@comcast.net",632.09,"Welcome to your ISA! Remember to change the email address to your own, change the Password and add a security question with an answer so if you get locked you can get back in.","no"
2015-03-01,17:28:04,"Samuel","Zhu","Samuel Zhu","zhu1@comcast.net",9.38,"Your account reflects your reimbursement for Scout related clothing and hiking boots.  ","no"
2015-04-08,19:50:52,"Zach","Thomas","Zach Thomas","thomasofrlb@comcast.net",931.68,"","no"
2015-04-30,18:28:15,"Greyson","Fout","Greyson Fout","greysonfout@hotmail.com",134.25,"Congratulations! Proceeds from Popcorn and Wreaths 2014 have been added to your ISA!","no"
2015-04-30,18:40:26,"Liam","Korecky","Liam Korecky","koreckyp@yahoo.com",27.54,"Balance after withdraw for Makajawan. ","no"
2015-05-03,09:41:37,"Daniel ","Pawlak","Daniel Pawlak","danny.pawlak@gmail.com",403.89,"Balance after withdraw for Makajawan final payment.","no"
2015-05-03,09:46:31,"Gavin","Short","Gavin Short","gavin@theshortpeople.com",23.93,"Balance after the withdrawal for the May campout.","no"
2015-05-10,19:50:30,"Liam","Maag","Liam Maag","KMaag@Comcast.net",321.25,"","no"
2015-06-03,03:49:27,"Luke","Weber","Luke Weber","weber.law@comcast.net",288.16,"Balance after payment to Cavalcade.  ","no"
2015-06-03,03:54:39,"Jacob","Adrian","Jacob Adrian","adrian18547@aol.com",550.43,"Congratulations! Proceeds from Popcorn and Wreaths 2014 have been added to your ISA!","no"
2015-06-29,11:47:46,"Jacob","Adrian","Jacob Adrian","adrian18547@aol.com",607.68,"Congratulations! Proceeds from Popcorn and Wreaths 2014 have been added to your ISA!","no"
2015-06-29,11:48:14,"Arjun","Arun","Arjun Arun","Troop71Treasurer@comcast.net",78.78,"Welcome to your ISA! Remember to change the email address to your own, change the Password and add a security question with an answer so if you get locked you can get back in.","no"
2015-06-29,11:48:50,"David","Bergquist","David Bergquist","keith.bergquist@comcast.net",131.43,"","no"
2015-06-29,11:49:11,"Spencer","Burton","Spencer Burton","Troop71Treasurer@comcast.net",210.25,"Change the above email to your own. Congratulations! Proceeds from Popcorn and Wreaths 2014 have been added to your ISA!","no"
2015-06-29,11:49:36,"Zachery","Byerly","Zachary Byerly","superturtle01997@gmail.com",1171.08,"Balance after the withdraw in February for Philmont 2015","no"
2015-06-29,13:12:00,"Zachery","Byerly","Zachary Byerly","superturtle01997@gmail.com",856.08,"Balance after the withdraw in February for Philmont 2015","no"
2015-06-29,13:17:18,"Chris","DelVecchio","Chris Delvecchio","ketsl@att.net",248.03,"Congratulations! Proceeds from Popcorn and Wreaths 2014 have been added to your ISA!","no"
2015-06-29,13:18:18,"Chris","DelVecchio","Chris Delvecchio","ketsl@att.net",289.04,"Congratulations! Proceeds from Popcorn and Wreaths 2014 have been added to your ISA!","no"
2015-06-29,13:19:05,"Kevin","Doran","Kevin Doran","Troop71Treasurer@comcast.net",272.39,"Welcome to your ISA! Remember to change the email address to your own, change the Password and add a security question with an answer so if you get locked you can get back in. This is your balance resulting from your Camping Gear Receipt.","no"
2015-06-29,13:20:11,"Greyson","Fout","Greyson Fout","greysonfout@hotmail.com",206.35,"Congratulations! Proceeds from Popcorn and Wreaths 2014 have been added to your ISA!","no"
2015-06-29,13:20:43,"Connor ","Gaecke","Connor Gaecke","Troop71Treasurer@comcast.net",286.83,"Welcome to your ISA! Remember to change the email address to your own, change the Password and add a security question with an answer so if you get locked you can get back in.","no"
2015-06-29,14:01:33,"Christian","Grams","Christian Grams","Troop71Treasurer@comcast.net",386.01," Please change your email address from mine to yours. Your new balance reflects the withdrawal for Makajawan.","no"
2015-06-29,14:02:13,"William","Jeffries","William Jeffries","Troop71Treasurer@comcast.net",1235.20,"Welcome to your ISA! Remember to change the email address to your own, change the Password and add a security question with an answer so if you get locked you can get back in. Congratulations! Proceeds from Popcorn and Wreaths 2014 have been added to your ISA!","no"
2015-06-29,14:02:54,"Kellogg","Johnathan","Johnathan Kellogg","Troop71Treasurer@comcast.net",725.89,"Change the email address above to yours. Congratulations! Proceeds from Popcorn and Wreaths 2014 have been added to your ISA!","no"
2015-06-29,14:03:18,"Vincent","Kirk","Vincent Kirk","Troop71Treasurer@comcast.net",58.00,"Change the email address above to your own. Congratulations! Proceeds from Popcorn and Wreaths 2014 have been added to your ISA!","no"
2015-06-29,14:03:58,"Isaac","Koob","Isaac Koob","Troop71Treasurer@comcast.net",469.81,"Change the email address above to your own. Congratulations! Proceeds from Popcorn and Wreaths 2014 have been added to your ISA!","no"
2015-06-29,14:04:57,"Liam","Maag","Liam Maag","KMaag@Comcast.net",394.66,"","no"
2015-06-29,14:05:25,"Andrew","Miller","Andrew Miller","Troop71Treasurer@comcast.net",380.02,"In the E-mail field please delete mine and insert yours. ","no"
2015-06-29,14:06:06,"Eric","Niesen","Eric Niesen","Troop71Treasurer@comcast.net",241.09,"Welcome to your ISA! Remember to change the email address to your own, change the Password and add a security question with an answer so if you get locked you can get back in. Congratulations! Proceeds from Popcorn and Wreaths 2014 have been added to your ISA!","no"
2015-06-29,14:06:37,"Alex","Osterman","Alex Osterman","Gizmo0692@me.com",96.11,"Camp Makajawn deposit has been withdrawn. ","no"
2015-06-29,14:07:34,"Spencer","Pavletic","Spencer Pavletic","spookme0809@gmail.com",413.89,"Balance after Philmont withdrawal. ","no"
2015-06-29,14:08:11,"Spencer","Pavletic","Spencer Pavletic","spookme0809@gmail.com",433.72,"","no"
2015-06-29,14:08:47,"Daniel ","Pawlak","Daniel Pawlak","danny.pawlak@gmail.com",413.89,"","no"
2015-06-29,14:09:31,"Gage","Rice","Gage Rice","Troop71Treasurer@comcast.net",136.34,"Welcome to your ISA! Remember to change the email address field to your own, change the Password and add a security question with an answer so if you get locked you can get back in.","no"
2015-06-29,14:09:59,"Marshall","Rice","Marshall Rice","Troop71Treasurer@comcast.net",203.11,"Welcome to your ISA! Remember to change the email address to your own, change the Password and add a security question with an answer so if you get locked you can get back in. Congratulations! Proceeds from Popcorn and Wreaths 2014 have been added to your ISA!","no"
2015-06-29,14:10:40,"Nolan","Rice","Nolan Rice","Troop71Treasurer@comcast.net",271.13,"Welcome to your ISA! Remember to change the email address to your own. 
Congratulations! Proceeds from Popcorn and Wreaths 2014 have been added to your ISA!","no"
2015-06-29,14:11:11,"Dylan","Richards","Dylan Richards ","Troop71Treasurer@comcast.net",78.25,"Change the above email address to your own. 
Congratulations! Proceeds from Popcorn and Wreaths 2014 have been added to your ISA!","no"
2015-06-29,14:11:56,"Jonathan","Roeck","Jonathan Roeck","gproeck@hotmail.com",145.79,"","no"
2015-06-29,14:15:34,"Paden","Roma","Paden Roma","Troop71Treasurer@comcast.net",25.01,"Please change the email address above to your own email. Set up a security question with answer. "
2015-06-29,14:15:59,"Trevor","Roma","Trevor Roma","trevor.roma@att.net",71.11,"Congratulations! Proceeds from Popcorn and Wreaths 2014 have been added to your ISA!","no"
2015-06-29,14:16:45,"Eric","Schmidt","Eric Schmidt","schmidt6134@comcast.net",126.86,"","no"
2015-06-29,14:17:47,"Scott","Seiler","Scott Seiler","utamce@comcast.net",37.70,"","no"
2015-06-29,14:24:22,"Scott","Seiler","Scott Seiler","utamce@comcast.net",901.83,"","no"
2015-06-29,14:24:57,"Justin","Shamberg","Justin Shamberg","the5shams@sbcglobal.net",337.99,"","no"
2015-06-29,14:26:08,"Matthew","Sierzega","Matthew Sierzega","Troop71Treasurer@comcast.net",436.08,"Welcome to your ISA! In the E-mail field please update to your email address. Choose your own password and security question.","no"
2015-06-29,14:26:50,"James","Silvasy","James Silvasy","james.silvasy@gmail.com",50.00,"","no"
2015-06-29,14:28:39,"Jake","Smith","Jake Smith","Troop71Treasurer@comcast.net",41.00,"Change the above email address to yours. Congratulations! Proceeds from Popcorn and Wreaths 2014 have been added to your ISA!","no"
2015-06-29,14:29:45,"Matthew","Strelzyk","Matthew Strelzyk","Troop71Treasurer@comcast.net",603.64,"Welcome to your ISA. First change the email address to your own. Change the password. Set up Security Question. 
Congratulations! Proceeds from Popcorn and Wreaths 2014 have been added to your ISA!","no"
2015-06-29,14:30:11,"Martin","Stumpf","Martin Stumpf","Troop71Treasurer@comcast.net",171.70,"Change the above email address to your own. Congratulations! Proceeds from Popcorn and Wreaths 2014 have been added to your ISA!","no"
2015-06-29,14:30:44,"Zach","Thomas","Zach Thomas","thomasofrlb@comcast.net",936.89,"","no"
2015-06-29,14:31:52,"Reid","Walters","Reid Walters","Troop71Treasurer@comcast.net",73.70,"Change the above email address to your own. 
Congratulations! Proceeds from Popcorn and Wreaths 2014 have been added to your ISA!","no"
2015-06-29,14:32:29,"Luke","Weber","Luke Weber","weber.law@comcast.net",358.10,"","no"
2015-06-29,14:32:54,"Mason","Womack","Mason Womack","Troop71Treasurer@comcast.net",283.10,"Change the above email address to your own. Congratulations! Proceeds from Popcorn and Wreaths 2014 have been added to your ISA!","no"
2015-06-29,14:34:01,"Nicholas","Zblewski","Nicholas Zblewski","zblewskis@comcast.net",801.41,"","no"
2015-06-29,14:38:26,"David","Bergquist","David Bergquist","keith.bergquist@comcast.net",131.43,"","no"
2015-06-29,14:40:52,"Kevin","Doran","Kevin Doran","Troop71Treasurer@comcast.net",272.39,"Welcome to your ISA! Remember to change the email address to your own, change the Password and add a security question with an answer so if you get locked you can get back in. This is your balance resulting from your Camping Gear Receipt.","no"
2015-06-29,14:42:13,"William","Klauber","William Klauber","Troop71Treasurer@comcast.net",,"Welcome to your ISA! Remember to change the email address to your own, change the Password and add a security question with an answer so if you get locked you can get back in.","no"
2015-06-29,14:44:31,"Gage","Rice","Gage Rice","Troop71Treasurer@comcast.net",136.34,"Welcome to your ISA! Remember to change the email address field to your own, change the Password and add a security question with an answer so if you get locked you can get back in.","no"
2015-06-29,14:50:51,"Jack ","Cummingham","Jack Cummingham","Troop71Treasurer@comcast.net",25.00,"Change the email address below to your own. Choose a security question and answer. "
2015-06-29,14:53:07,"Wilmer","Isip","Wilmer Isip","Troop71Treasurer@comcast.net",7.00,"Change the email below to your email address.  Choose a security question and answer. "
2015-06-29,14:54:47,"Joe","Johnston","Joe Johnston","Troop71Treasurer@comcast.net",10.00,"Change the email below to your email address.  Choose a security question and answer. "
2015-06-29,14:56:44,"Manus","Mathur","Manus Mathur","Troop71Treasurer@comcast.net",8.00,"Change the email below to your email address.  Choose a security question and answer. "
2015-06-29,14:59:19,"Patrick","Naumann","Patrick Naumann","Troop71Treasurer@comcast.net",81.82,"Change the email below to your email address.  Choose a security question and answer. "
2015-06-29,15:24:25,"Sachin","Patel","Sachin Patel","Troop71Treasurer@comcast.net",5.00,"Change the email address below to your own email address.  Choose a security question and answer. "
2015-06-29,15:28:49,"Shaunak","Saswade","Shaunak Saswade","Troop71Treasurer@comcast.net",25.00,"Change the email address below to your own email address.  Choose a security question and answer. "
2015-06-29,15:32:53,"Josh ","Tagudar","Josh Tagudar","Troop71Treasurer@comcast.net",8.00,"Change the email address below to your own email address.  Choose a security question and answer. "
2015-06-29,15:35:04,"Brennan","Vrba","Brennan Vrba","Troop71Treasurer@comcast.net",22.00,"Change the email address below to your own email address.  Choose a security question and answer. "
2015-06-29,15:37:43,"Johnathan","Kellogg","Johnathan Kellogg","Troop71Treasurer@comcast.net",725.89,"Change the email address above to yours. Congratulations! Proceeds from Popcorn and Wreaths 2014 have been added to your ISA!","no"
2015-06-29,15:43:53,"Joe","Barber","Joe Barber","Troop71Treasurer@comcast.net",25.00,"Change the email address below to your own email address.  Choose a security question and answer. "
2015-06-29,22:22:28,"Lucas","Kyllmann","Lucas Kyllmann","Troop71Treasurer@comcast.net",25.00,"Change the email address below to your own. Choose a security question and answer. "
2015-06-29,22:24:57,"Mathias","Kyllmann","Mathias Kyllmann","Troop71Treasurer@comcast.net",25.00,"Change the email address below to your own. Choose a security question and an answer. "
2015-06-29,22:28:25,"Jacob","Wiser","Jacob Wiser","Troop71Treasurer@comcast.net",25.00,"Change the email address below to your own. Choose a security question and an answer. "
2015-06-29,22:38:22,"Jacob","Adrian","Jacob Adrian","adrian18547@aol.com",607.68,"","no"
2015-06-29,22:38:49,"Zachary","Andrejko","Zachary Andrejko","Troop71Treasurer@comcast.net",40.40,"Please update your email address above.","no"
2015-06-29,22:39:03,"Arjun","Arun","Arjun Arun","Troop71Treasurer@comcast.net",78.78,"Welcome to your ISA! Remember to change the email address to your own, change the Password and add a security question with an answer so if you get locked you can get back in.","no"
2015-06-29,22:39:12,"Joe","Barber","Joe Barber","Troop71Treasurer@comcast.net",25.00,"Change the email address below to your own email address.  Choose a security question and answer. ","no"
2015-06-29,22:39:39,"Spencer","Burton","Spencer Burton","Troop71Treasurer@comcast.net",210.25,"Change the above email to your own. ","no"
2015-06-29,22:40:05,"Zachery","Byerly","Zachary Byerly","superturtle01997@gmail.com",856.08,"","no"
2015-06-29,22:40:13,"Jack ","Cummingham","Jack Cummingham","Troop71Treasurer@comcast.net",25.00,"Change the email address below to your own. Choose a security question and answer. ","no"
2015-06-29,22:40:25,"Chris","DelVecchio","Chris Delvecchio","ketsl@att.net",289.04,"","no"
2015-06-29,22:40:39,"Greyson","Fout","Greyson Fout","greysonfout@hotmail.com",206.35,"","no"
2015-06-29,22:45:56,"Liam","Korecky","Liam Korecky","koreckyp@yahoo.com",27.54,"","no"
2015-06-29,22:46:45,"Andrew","Miller","Andrew Miller","Troop71Treasurer@comcast.net",380.02,"In the E-mail field please delete mine and insert yours. ","no"
2015-06-29,22:47:27,"Alex","Osterman","Alex Osterman","Gizmo0692@me.com",96.11,"","no"
2015-06-29,22:49:26,"Trevor","Roma","Trevor Roma","trevor.roma@att.net",71.11,"","no"
2015-06-29,22:50:33,"Gavin","Short","Gavin Short","gavin@theshortpeople.com",23.93,"","no"
2015-06-29,22:52:55,"Nicholas","Zblewski","Nicholas Zblewski","zblewskis@comcast.net",801.41,"","no"
2015-07-15,12:59:01,"Justin","Shamberg","Justin Shamberg","the5shams@sbcglobal.net",337.99,"","no"
2015-07-20,07:26:31,"Luke","Weber","Luke Weber","weber.law@comcast.net",46.99,"Balance after Cavalcade reimbursement","no"
2015-07-21,06:43:38,"Justin","Shamberg","Justin Shamberg","the5shams@sbcglobal.net",103.99,"Balance after Cavalcade withdraw. ","no"
2015-08-11,06:51:46,"Spencer","Pavletic","Spencer Pavletic","spookme0809@gmail.com",383.72,"Balance after Space Jam","no"
2015-09-18,17:29:20,"Janell","Wilson","Janell Wilson","Troop71Treasurer@comcast.net",,"","yes"
2015-09-18,17:29:39,"Brad","Wilson","Brad","brad@rhift.com",,"","yes"
2015-09-18,17:31:16,"Evelyn","Weber","evelynweber","weber.k.e@comcast.net",,""
2015-09-18,17:33:39,"Rick","Jeffries","RJeffries","jeffriesrg@sbcglobal.net",,"Rick you are awesome!!!!"
2015-09-18,17:35:29,"Richard","Pavletic","rpavletic","rgpavletic@gmail.com",,""
2015-10-06,05:57:48,"William","Jeffries","William Jeffries","Troop71Treasurer@comcast.net",1235.20,"Welcome to your ISA! Remember to change the email address to your own, change the Password and add a security question with an answer so if you get locked you can get back in. Congratulations! Proceeds from Popcorn and Wreaths 2014 have been added to your ISA!","no"
2015-10-06,06:17:25,"Zach","Thomas","Zach Thomas","thomasofrlb@comcast.net",551.89,"","no"
2015-10-06,06:18:49,"Zachery","Byerly","Zachary Byerly","superturtle01997@gmail.com",,"","no"
2015-10-06,06:20:09,"Gavin","Short","Gavin Short","gavin@theshortpeople.com",63.02,"","no"
2015-10-28,18:29:40,"William","Jeffries","William Jeffries","wrdj0621@gmail.com",850.20,"After 10/15 Philmont 2016 payment of $385.","no"
2015-10-28,18:31:26,"Spencer","Pavletic","Spencer Pavletic","spookme0809@gmail.com",348.72,"Balance after Indian Mounds 11/15","no"
2015-10-28,18:32:22,"Daniel ","Pawlak","Daniel Pawlak","danny.pawlak@gmail.com",378.89,"After Indian Mounds campout 11/15","no"
2015-10-28,19:53:38,"Eric","Schmidt","Eric Schmidt","schmidt6134@comcast.net",76.86,"After 2016 dues","no"
2015-11-10,18:22:32,"Spencer","Pavletic","Spencer Pavletic","spookme0809@gmail.com",298.72,"Balance after Indian Mounds 11/15 and troop dues","no"
2015-11-10,18:23:29,"Daniel ","Pawlak","Daniel Pawlak","danny.pawlak@gmail.com",328.89,"After Indian Mounds campout 11/15 and troop dues","no"
2015-11-10,18:26:53,"Daniel ","Pawlak","Daniel Pawlak","danny.pawlak@gmail.com",328.89,"After Indian Mounds campout 11/15 and troop dues","no"
2015-11-10,18:27:29,"Liam","Maag","Liam Maag","KMaag@Comcast.net",344.66,"Balance after troop dues","no"
2015-11-10,18:30:05,"Liam","Maag","Liam Maag","KMaag@Comcast.net",344.66,"Balance after troop dues","no"
2015-11-10,18:30:56,"Scott","Seiler","Scott Seiler","utamce@comcast.net",876.83,"Balance after Crew dues","no"
2016-01-13,05:51:17,"Matthew","Strelzyk","Matthew Strelzyk","treasurer@troop671bsa.org",603.64,"Welcome to your ISA. First change the email address to your own. Change the password. Set up Security Question. 
Congratulations! Proceeds from Popcorn and Wreaths 2014 have been added to your ISA!","no"
2016-01-18,13:39:19,"Jacob","Adrian","Jacob Adrian","adrian18547@aol.com",956.58,"","no"
2016-01-18,13:40:39,"Spencer","Burton","Spencer Burton","treasurer@troop671bsa.org",335.25,"Change the above email to your own. ","no"
2016-01-18,13:41:28,"Jack ","Cunningham","Jack Cunningham","treasurer@troop671bsa.org",25.00,"Change the email address below to your own. Choose a security question and answer. ","no"
2016-01-18,13:42:53,"Chris","DelVecchio","Chris Delvecchio","ketsl@att.net",301.64,"","no"
2016-01-18,13:43:55,"Greyson","Fout","Greyson Fout","greysonfout@hotmail.com",322.35,"","no"
2016-01-18,13:45:07,"Christian","Grams","Christian Grams","treasurer@troop671bsa.org",443.81," Please change your email address from mine to yours. Your new balance reflects the withdrawal for Makajawan.","no"
2016-01-18,13:46:23,"William","Jeffries","William Jeffries","wrdj0621@gmail.com",1423.1,"After 10/15 Philmont 2016 payment of $385.","no"
2016-01-18,13:47:28,"Johnathan","Kellogg","Johnathan Kellogg","treasurer@troop671bsa.org",845.89,"Change the email address above to yours. Congratulations! Proceeds from Popcorn and Wreaths 2014 have been added to your ISA!","no"
2016-01-18,13:48:16,"Vincent","Kirk","Vincent Kirk","treasurer@troop671bsa.org",73.00,"Change the email address above to your own. Congratulations! Proceeds from Popcorn and Wreaths 2014 have been added to your ISA!","no"
2016-01-18,13:49:16,"Isaac","Koob","Isaac Koob","treasurer@troop671bsa.org",671.01,"Change the email address above to your own. Congratulations! Proceeds from Popcorn and Wreaths 2014 have been added to your ISA!","no"
2016-01-18,13:50:08,"Liam","Korecky","Liam Korecky","koreckyp@yahoo.com",67.54,"","no"
2016-01-18,13:50:56,"Lucas","Kyllmann","Lucas Kyllmann","treasurer@troop671bsa.org",35.00,"Change the email address below to your own. Choose a security question and answer. ","no"
2016-01-18,13:52:07,"Liam","Maag","Liam Maag","KMaag@Comcast.net",580.36,"Balance after troop dues","no"
2016-01-18,13:52:59,"Patrick","Naumann","Patrick Naumann","treasurer@troop671bsa.org",86.82,"Change the email below to your email address.  Choose a security question and answer. ","no"
2016-01-18,13:53:55,"Eric","Niesen","Eric Niesen","treasurer@troop671bsa.org",256.09,"Welcome to your ISA! Remember to change the email address to your own, change the Password and add a security question with an answer so if you get locked you can get back in. Congratulations! Proceeds from Popcorn and Wreaths 2014 have been added to your ISA!","no"
2016-01-18,13:55:22,"Daniel ","Pawlak","Daniel Pawlak","danny.pawlak@gmail.com",668.79,"After Indian Mounds campout 11/15 and troop dues","no"
2016-01-18,13:58:44,"Paden","Roma","Paden Roma","treasurer@troop671bsa.org",44.96,"Please change the email address above to your own email. Set up a security question with answer. ","no"
2016-01-18,13:59:38,"Trevor","Roma","Trevor Roma","trevor.roma@att.net",109.11,"","no"
2016-01-18,14:01:08,"Eric","Schmidt","Eric Schmidt","schmidt6134@comcast.net",46.86,"After 2016 dues","no"
2016-01-18,14:01:51,"Scott","Seiler","Scott Seiler","utamce@comcast.net",,"Balance transferred to crew","no"
2016-01-18,14:03:22,"Justin","Shamberg","Justin Shamberg","the5shams@sbcglobal.net",380.49,"Balance after popcorn and wreaths 2015","no"
2016-01-18,14:04:31,"Gavin","Short","Gavin Short","gavin@theshortpeople.com",830.12,"Balance after popcorn and wreaths 2015","no"
2016-01-18,14:07:29,"Matthew","Strelzyk","Matthew Strelzyk","mstrelzyk@gmail.com",38.64,"Balance after popcorn and wreaths 2015 and your withdrawal of $600 for Philmont.","no"
2016-01-18,14:09:44,"Zach","Thomas","Zach Thomas","thomasofrlb@comcast.net",646.89,"Balance after popcorn and wreaths 2015.","no"
2016-01-18,14:10:32,"Brennan","Vrba","Brennan Vrba","treasurer@troop671bsa.org",42.00,"Change the email address below to your own email address.  Choose a security question and answer. Balance after wreaths 2015","no"
2016-01-18,14:12:12,"Reid","Walters","Reid Walters","treasurer@troop671bsa.org",132.60,"Change the above email address to your own. Balance after popcorn 2015.","no"
2016-01-18,14:14:02,"Luke","Weber","Luke Weber","weber.law@comcast.net",449.99,"Balance after popcorn and wreaths 2015.","no"
2016-01-18,14:15:18,"Mason","Womack","Mason Womack","treasurer@troop671bsa.org",437.00,"Change the above email address to your own. 
Balance after popcorn and wreaths 2015.","no"
2016-01-18,14:17:24,"Nicholas","Zblewski","Nicholas Zblewski","zblewskis@comcast.net",904.76,"Balance after 33% popcorn. Paid 5% popcorn to you and reimbursed OA dues and NYLT shirt.","no"
2016-01-18,14:18:29,"Jacob","Adrian","Jacob Adrian","adrian18547@aol.com",956.58,"Balance after popcorn and wreaths 2015.","no"
2016-01-18,14:19:13,"Spencer","Burton","Spencer Burton","treasurer@troop671bsa.org",335.25,"Change the above email to your own. Balance after wreaths 2015.","no"
2016-01-18,14:19:39,"Chris","DelVecchio","Chris Delvecchio","ketsl@att.net",301.64,"Balance after popcorn and wreaths 2015.","no"
2016-01-18,14:20:08,"Greyson","Fout","Greyson Fout","greysonfout@hotmail.com",322.35,"Balance after popcorn and wreaths 2015.","no"
2016-01-18,14:21:08,"Christian","Grams","Christian Grams","treasurer@troop671bsa.org",443.81," Please change your email address from mine to yours. Balance after popcorn and wreaths 2015.","no"
2016-01-18,14:21:46,"William","Jeffries","William Jeffries","wrdj0621@gmail.com",1423.1,"After 10/15 Philmont 2016 payment of $385.
Balance after popcorn and wreaths 2015.","no"
2016-01-18,14:22:36,"Johnathan","Kellogg","Johnathan Kellogg","treasurer@troop671bsa.org",845.89,"Change the email address above to yours. 
Balance after wreaths 2015.","no"
2016-01-18,14:23:15,"Vincent","Kirk","Vincent Kirk","treasurer@troop671bsa.org",73.00,"Change the email address above to your own. 
Balance after wreaths 2015.","no"
2016-01-18,14:23:56,"Isaac","Koob","Isaac Koob","treasurer@troop671bsa.org",671.01,"Change the email address above to your own.
Balance after popcorn and wreaths 2015.","no"
2016-01-18,14:24:24,"Liam","Korecky","Liam Korecky","koreckyp@yahoo.com",67.54,"Balance after wreaths 2015.","no"
2016-01-18,14:24:55,"Lucas","Kyllmann","Lucas Kyllmann","treasurer@troop671bsa.org",35.00,"Change the email address below to your own. Choose a security question and answer. 
Balance after wreaths 2015.","no"
2016-01-18,14:25:25,"Liam","Maag","Liam Maag","KMaag@Comcast.net",580.36,"Balance after popcorn and wreaths 2015.","no"
2016-01-18,14:25:53,"Patrick","Naumann","Patrick Naumann","treasurer@troop671bsa.org",86.82,"Change the email below to your email address.  Choose a security question and answer. 
Balance after wreaths 2015.","no"
2016-01-18,14:26:36,"Eric","Niesen","Eric Niesen","treasurer@troop671bsa.org",256.09,"Welcome to your ISA! Remember to change the email address to your own, change the Password and add a security question with an answer so if you get locked you can get back in. 
Balance after wreaths 2015.","no"
2016-01-18,14:27:29,"Daniel ","Pawlak","Daniel Pawlak","danny.pawlak@gmail.com",668.79,"Balance after popcorn and wreaths 2015.","no"
2016-01-18,14:28:42,"Paden","Roma","Paden Roma","treasurer@troop671bsa.org",44.96,"Please change the email address above to your own email. Set up a security question with answer. 
Balance after popcorn 2015.","no"
2016-01-18,14:29:12,"Trevor","Roma","Trevor Roma","trevor.roma@att.net",109.11,"Balance after popcorn 2015.","no"
2016-01-18,14:29:52,"Eric","Schmidt","Eric Schmidt","schmidt6134@comcast.net",46.86,"After 2016 dues, wreaths 2015 and Lakota.","no"
2016-01-18,14:33:14,"Dylan","Richards","Dylan Richards ","treasurer@troop671bsa.org",166.75,"Change the above email address to your own. 
Balance after popcorn and wreaths 2015.","no"
2016-01-18,15:06:05,"Nicholas","Zblewski","Nicholas Zblewski","zblewskis@comcast.net",894.76,"Balance after 33% popcorn. Paid 5% popcorn to you and reimbursed OA dues and NYLT shirt.","no"
2016-01-20,15:37:01,"Gavin","Short","Gavin Short","gavin@theshortpeople.com",530.12,"Balance after popcorn and wreaths 2015 and MKJW 2016","no"
2016-01-21,11:27:17,"Zach","Thomas","Zach Thomas","thomasofrlb@comcast.net",261.89,"Balance after popcorn and wreaths 2015 and 3rd Philmont installment","no"
2016-02-17,20:19:25,"Johnathan","Kellogg","Johnathan Kellogg","treasurer@troop671bsa.org",845.89,"Change the email address above to yours. 
Balance after wreaths 2015.","no"
2016-02-18,04:52:40,"William","Jeffries","William Jeffries","wrdj0621@gmail.com",1038.1,"After 10/15 Philmont 2016 payment of $385.
Balance after popcorn and wreaths 2015.","no"
2016-02-23,06:34:12,"Spencer","Burton","Spencer Burton","treasurer@troop671bsa.org",335.25,"Change the above email to your own. Balance after wreaths 2015.","no"
2016-02-23,11:05:15,"Shadow","Cat ","Shadow Cat","Advisor@Crew671BSA.org",0.0,"Remember to change the email address to your own.  Create a security question and answer for your account.","no"
2016-02-23,12:25:46,"Shadow","Cat ","Shadow Cat","weber.k.e@comcast.net",0.0,"Remember to change the email address to your own.  Create a security question and answer for your account.","no"
2016-03-02,13:08:10,"Gavin","Short","Gavin Short","gavin@theshortpeople.com",55.12,"Balance after popcorn and wreaths 2015 and $300 MKJW 2016, $400 Philmont and $75 MKJW week 2","no"
2016-03-02,13:09:58,"Spencer","Pavletic","Spencer Pavletic","spookme0809@gmail.com",,"Balance after Indian Mounds 11/15 and troop dues, also deducted Philmont $298.72","no"
2016-03-02,19:35:56,"Jacob","Adrian","Jacob Adrian","adrian18547@aol.com",956.58,"Balance after popcorn and wreaths 2015.","no"
2016-03-03,15:46:15,"Jacob","Adrian","Jacob Adrian","adrian18547@aol.com",186.58,"Balance after popcorn and wreaths 2015.","no"
2016-04-05,05:57:23,"Nicholas","Zblewski","Nicholas Zblewski","zblewskis@comcast.net",649.63,"Balance after 33% popcorn. Paid 5% popcorn to you and reimbursed OA dues and NYLT shirt. Also after Venture Crew shirt, OA buckle and polo.","no"
2016-04-05,06:34:42,"Elijah","Baugh","Elijah Baugh","treasurer@troop671bsa.org",,"Change the email address below to your own email address.  Choose a security question and answer. "
2016-04-05,06:36:01,"Derek","Jahn","Derek Jahn","treasurer@troop671bsa.org",,"Change the email address below to your own email address.  Choose a security question and answer. "
2016-04-05,06:36:38,"Griffin","Pavletic","Griffin Pavletic","treasurer@troop671bsa.org",,"Change the email address below to your own email address.  Choose a security question and answer. "
2016-04-05,06:37:25,"Jack","Pawlak","Jack Pawlak","treasurer@troop671bsa.org",,"Change the email address below to your own email address.  Choose a security question and answer. "
2016-04-05,06:38:17,"Ansh","Shah","Ansh Shah","treasurer@troop671bsa.org",,"Change the email address below to your own email address.  Choose a security question and answer. "
2016-04-05,06:38:54,"Arthur","Terrones","Arthur Terrones","treasurer@troop671bsa.org",,"Change the email address below to your own email address.  Choose a security question and answer. "
2016-04-05,06:39:40,"Matthieu","Weinberg","Matthieu Weinberg","treasurer@troop671bsa.org",,"Change the email address below to your own email address.  Choose a security question and answer. "
2016-04-05,06:40:07,"Ryan","Young","Ryan Young","treasurer@troop671bsa.org",,"Change the email address below to your own email address.  Choose a security question and answer. "
2016-04-05,06:40:37,"Alex","Laycock","Alex Laycock","treasurer@troop671bsa.org",,"Change the email address below to your own email address.  Choose a security question and answer. "
2016-04-05,06:41:31,"Noah","Adrian","Noah Adrian","treasurer@troop671bsa.org",,"Change the email address below to your own email address.  Choose a security question and answer. "
2016-04-05,06:42:00,"Noah","Aldrin","Noah Aldrin","treasurer@troop671bsa.org",,"Change the email address below to your own email address.  Choose a security question and answer. "
2016-04-05,06:42:46,"Grant","Fadlovich","Grant Fadlovich","treasurer@troop671bsa.org",,"Change the email address below to your own email address.  Choose a security question and answer. "
2016-04-05,06:43:18,"Jack","Haack","Jack Haack","treasurer@troop671bsa.org",,"Change the email address below to your own email address.  Choose a security question and answer. "
2016-04-05,06:43:58,"Tyler","Montano","Tyler Montano","treasurer@troop671bsa.org",,"Change the email address below to your own email address.  Choose a security question and answer. "
2016-04-05,06:45:02,"Robert","Remedi","Robert Remedi","treasurer@troop671bsa.org",,"Change the email address below to your own email address.  Choose a security question and answer. "
2016-04-05,06:45:52,"Ian","Saenz","Ian Saenz","treasurer@troop671bsa.org",,"Change the email address below to your own email address.  Choose a security question and answer. "
2016-04-05,06:47:38,"Zachery","Byerly","Zachary Byerly","superturtle01997@gmail.com",,"","yes"
2016-04-05,06:48:30,"Scott","Seiler","Scott Seiler","utamce@comcast.net",,"Balance transferred to crew","yes"
2016-04-05,06:49:21,"Jake","Smith","Jake Smith","treasurer@troop671bsa.org",0.0,"Change the above email address to yours. Congratulations! Proceeds from Popcorn and Wreaths 2014 have been added to your ISA!","yes"
2016-04-05,06:49:51,"Jake","Smith","Jake Smith","treasurer@troop671bsa.org",41,"Change the above email address to yours. Congratulations! Proceeds from Popcorn and Wreaths 2014 have been added to your ISA!","no"
2016-04-05,06:59:04,"Jake","Smith","Jake Smith","treasurer@troop671bsa.org",41,"Change the above email address to yours. Congratulations! Proceeds from Popcorn and Wreaths 2014 have been added to your ISA!","no"
2016-04-19,13:09:22,"Zach","Thomas","Zach Thomas","thomasofrlb@comcast.net",27.89,"Balance after popcorn and wreaths 2015 and 3rd Philmont installment and Amtrak","no"
2016-04-27,10:24:22,"Daniel ","Pawlak","Daniel Pawlak","danny.pawlak@gmail.com",434.79,"Balance after popcorn and wreaths 2015 and Amtrak payment.","no"
2016-05-13,13:15:11,"Nicholas","Zblewski","Nicholas Zblewski","zblewskis@comcast.net",649.63,"Balance after 33% popcorn. Paid 5% popcorn to you and reimbursed OA dues and NYLT shirt. Also after Venture Crew shirt, OA buckle and polo.","no"
2016-05-19,06:20:22,"Jacob","Adrian","Jacob Adrian","adrian18547@aol.com",186.58,"Balance after popcorn and wreaths 2015.","no"
2016-05-19,06:29:21,"Nicholas","Zblewski","Nicholas Zblewski","zblewskis@comcast.net",429.63,"Balance after 33% popcorn. Paid 5% popcorn to you and reimbursed OA dues and NYLT shirt. Also after Venture Crew shirt, OA buckle and polo. Also after MKJW, 2015 NYLT and 2016 camp shirt.","no"
2016-05-19,06:42:37,"Ryan","Young","Ryan Young","treasurer@troop671bsa.org",,"Change the email address below to your own email address.  Choose a security question and answer. ","no"
2016-05-31,18:24:06,"Patrick","Naumann","Patrick Naumann","treasurer@troop671bsa.org",86.82,"Change the email below to your email address.  Choose a security question and answer. 
Balance after wreaths 2015.","no"
2016-05-31,18:25:41,"Patrick","Naumann","Patrick Naumann","treasurer@troop671bsa.org",86.82,"Change the email below to your email address.  Choose a security question and answer. 
Balance after wreaths 2015.","no"
2016-05-31,19:21:02,"Jacob","Adrian","Jacob Adrian","adrian18547@aol.com",65.58,"Balance after popcorn and wreaths 2015 and MKJW payment of $150 and PB tickets","no"
2016-05-31,19:27:04,"Noah","Adrian","Noah Adrian","treasurer@troop671bsa.org",25.00,"Change the email address below to your own email address.  Choose a security question and answer. ","no"
2016-05-31,19:28:41,"Joe","Barber","Joe Barber","treasurer@troop671bsa.org",50.00,"Change the email address below to your own email address.  Choose a security question and answer. ","no"
2016-05-31,19:29:11,"Elijah","Baugh","Elijah Baugh","treasurer@troop671bsa.org",25.00,"Change the email address below to your own email address.  Choose a security question and answer. ","no"
2016-05-31,19:30:35,"Chris","DelVecchio","Chris Delvecchio","ketsl@att.net",307.64,"Balance after popcorn and wreaths 2015 and PB tics 2016.","no"
2016-05-31,19:31:39,"Greyson","Fout","Greyson Fout","greysonfout@hotmail.com",350.35,"Balance after popcorn and wreaths 2015 and PB tics 2016","no"
2016-05-31,19:33:26,"Christian","Grams","Christian Grams","treasurer@troop671bsa.org",446.81," Please change your email address from mine to yours. Balance after popcorn and wreaths 2015 and PB tics 2016.","no"
2016-05-31,19:34:13,"Jack","Haack","Jack Haack","treasurer@troop671bsa.org",6.00,"Change the email address below to your own email address.  Choose a security question and answer. ","no"
2016-05-31,19:34:58,"Derek","Jahn","Derek Jahn","treasurer@troop671bsa.org",16.00,"Change the email address below to your own email address.  Choose a security question and answer. ","no"
2016-05-31,19:36:24,"William","Jeffries","William Jeffries","wrdj0621@gmail.com",1063.10,"After 10/15 Philmont 2016 payment of $385 and PB tics 2016
Balance after popcorn and wreaths 2015.","no"
2016-05-31,19:37:16,"Joe","Johnston","Joe Johnston","treasurer@troop671bsa.org",26.00,"Change the email below to your email address.  Choose a security question and answer. ","no"
2016-05-31,19:38:22,"Johnathan","Kellogg","Johnathan Kellogg","treasurer@troop671bsa.org",872.89,"Change the email address above to yours. 
Balance after wreaths 2015.","no"
2016-05-31,19:38:55,"Vincent","Kirk","Vincent Kirk","treasurer@troop671bsa.org",88.00,"Change the email address above to your own. 
Balance after wreaths 2015.","no"
2016-05-31,19:39:54,"Isaac","Koob","Isaac Koob","treasurer@troop671bsa.org",696.01,"Change the email address above to your own.
Balance after popcorn and wreaths 2015.","no"
2016-05-31,19:40:43,"Alex","Laycock","Alex Laycock","treasurer@troop671bsa.org",79.00,"Change the email address below to your own email address.  Choose a security question and answer. ","no"
2016-05-31,19:41:27,"Liam","Maag","Liam Maag","KMaag@Comcast.net",605.36,"Balance after popcorn and wreaths 2015.","no"
2016-05-31,19:41:55,"Manus","Mathur","Manus Mathur","treasurer@troop671bsa.org",29.00,"Change the email below to your email address.  Choose a security question and answer. ","no"
2016-05-31,19:42:51,"Andrew","Miller","Andrew Miller","treasurer@troop671bsa.org",393.02,"In the E-mail field please delete mine and insert yours. ","no"
2016-05-31,19:43:30,"Tyler","Montano","Tyler Montano","treasurer@troop671bsa.org",28.00,"Change the email address below to your own email address.  Choose a security question and answer. ","no"
2016-05-31,19:44:10,"Patrick","Naumann","Patrick Naumann","treasurer@troop671bsa.org",103.82,"Change the email below to your email address.  Choose a security question and answer. 
Balance after wreaths 2015.","no"
2016-05-31,19:45:05,"Eric","Niesen","Eric Niesen","treasurer@troop671bsa.org",281.09,"Welcome to your ISA! Remember to change the email address to your own, change the Password and add a security question with an answer so if you get locked you can get back in. 
Balance after wreaths 2015.","no"
2016-05-31,19:45:50,"Alex","Osterman","Alex Osterman","Gizmo0692@me.com",121.11,"","no"
2016-05-31,19:46:24,"Griffin","Pavletic","Griffin Pavletic","treasurer@troop671bsa.org",25.00,"Change the email address below to your own email address.  Choose a security question and answer. ","no"
2016-05-31,19:47:36,"Spencer","Pavletic","Spencer Pavletic","spookme0809@gmail.com",25.00,"Balance after Indian Mounds 11/15 and troop dues, also deducted Philmont $298.72. After PB tics 2016","no"
2016-05-31,19:48:39,"Daniel ","Pawlak","Daniel Pawlak","danny.pawlak@gmail.com",459.79,"Balance after popcorn and wreaths 2015 and Amtrak payment and PB tics 2016.","no"
2016-05-31,19:49:12,"Jack","Pawlak","Jack Pawlak","treasurer@troop671bsa.org",25.00,"Change the email address below to your own email address.  Choose a security question and answer. ","no"
2016-05-31,19:49:53,"Robert","Remedi","Robert Remedi","treasurer@troop671bsa.org",17.00,"Change the email address below to your own email address.  Choose a security question and answer. ","no"
2016-05-31,19:50:48,"Dylan","Richards","Dylan Richards ","treasurer@troop671bsa.org",185.75,"Change the above email address to your own. 
Balance after popcorn and wreaths 2015.","no"
2016-05-31,19:51:23,"Paden","Roma","Paden Roma","treasurer@troop671bsa.org",49.96,"Please change the email address above to your own email. Set up a security question with answer. 
Balance after popcorn 2015.","no"
2016-05-31,19:51:48,"Trevor","Roma","Trevor Roma","trevor.roma@att.net",134.11,"Balance after popcorn 2015.","no"
2016-05-31,19:52:20,"Ian","Saenz","Ian Saenz","treasurer@troop671bsa.org",25.00,"Change the email address below to your own email address.  Choose a security question and answer. ","no"
2016-05-31,19:53:25,"Eric","Schmidt","Eric Schmidt","schmidt6134@comcast.net",59.86,"After 2016 dues, wreaths 2015 and Lakota.","no"
2016-05-31,19:54:01,"Eric","Schmidt","Eric Schmidt","schmidt6134@comcast.net",59.86,"After 2016 dues, wreaths 2015 and Lakota and PB tics 2016","no"
2016-05-31,19:54:28,"Ansh","Shah","Ansh Shah","treasurer@troop671bsa.org",25.00,"Change the email address below to your own email address.  Choose a security question and answer. ","no"
2016-05-31,19:56:05,"Justin","Shamberg","Justin Shamberg","the5shams@sbcglobal.net",424.49,"Balance after popcorn and wreaths 2015","no"
2016-05-31,19:56:26,"Justin","Shamberg","Justin Shamberg","the5shams@sbcglobal.net",424.49,"Balance after popcorn and wreaths 2015 and PB tics 2016","no"
2016-05-31,19:57:21,"Gavin","Short","Gavin Short","gavin@theshortpeople.com",62.12,"Balance after popcorn and wreaths 2015 and $300 MKJW 2016, $400 Philmont and $75 MKJW week 2 and PB tics 2016","no"
2016-05-31,19:58:07,"Matthew","Sierzega","Matthew Sierzega","treasurer@troop671bsa.org",461.08,"Welcome to your ISA! In the E-mail field please update to your email address. Choose your own password and security question.","no"
2016-05-31,19:58:51,"James","Silvasy","James Silvasy","james.silvasy@gmail.com",75.00,"","no"
2016-05-31,19:59:37,"Jake","Smith","Jake Smith","treasurer@troop671bsa.org",4.00,"Change the above email address to yours. Congratulations! Proceeds from Popcorn and Wreaths 2014 have been added to your ISA!","no"
2016-05-31,20:00:28,"Matthew","Strelzyk","Matthew Strelzyk","mstrelzyk@gmail.com",63.64,"Balance after popcorn and wreaths 2015 and your withdrawal of $600 for Philmont and PB tics 2016.","no"
2016-05-31,20:01:28,"Martin","Stumpf","Martin Stumpf","treasurer@troop671bsa.org",196.70,"Change the above email address to your own. Congratulations! Proceeds from Popcorn and Wreaths 2014 have been added to your ISA!","no"
2016-05-31,20:02:16,"Arthur","Terrones","Arthur Terrones","treasurer@troop671bsa.org",25.00,"Change the email address below to your own email address.  Choose a security question and answer. ","no"
2016-05-31,20:03:18,"Zach","Thomas","Zach Thomas","thomasofrlb@comcast.net",52.89,"Balance after popcorn and wreaths 2015 and 3rd Philmont installment and Amtrak and PB tics 2016","no"
2016-05-31,20:04:03,"Reid","Walters","Reid Walters","treasurer@troop671bsa.org",157.60,"Change the above email address to your own. Balance after popcorn 2015.","no"
2016-05-31,20:04:55,"Luke","Weber","Luke Weber","weber.law@comcast.net",474.99,"Balance after popcorn and wreaths 2015 and PB tics 2016","no"
2016-05-31,20:06:01,"Mason","Womack","Mason Womack","treasurer@troop671bsa.org",462.00,"Change the above email address to your own. 
Balance after popcorn and wreaths 2015.","no"
2016-05-31,20:06:42,"Ryan","Young","Ryan Young","treasurer@troop671bsa.org",29.00,"Change the email address below to your own email address.  Choose a security question and answer. ","no"
2016-05-31,20:07:06,"Grant","Fadlovich","Grant Fadlovich","treasurer@troop671bsa.org",7.00,"Change the email address below to your own email address.  Choose a security question and answer. ","no"
2016-05-31,20:08:12,"Nicholas","Zblewski","Nicholas Zblewski","zblewskis@comcast.net",472.63,"Balance after 33% popcorn. Paid 5% popcorn to you and reimbursed OA dues and NYLT shirt. Also after Venture Crew shirt, OA buckle and polo. Also after MKJW, 2015 NYLT and 2016 camp shirt.","no"
2016-05-31,20:09:10,"Nicholas","Zblewski","Nicholas Zblewski","zblewskis@comcast.net",472.63,"Balance after 33% popcorn. Paid 5% popcorn to you and reimbursed OA dues and NYLT shirt. Also after Venture Crew shirt, OA buckle and polo. Also after MKJW, 2015 NYLT and 2016 camp shirt and PB tics 2016.","no"
2016-05-31,20:17:38,"Spencer","Burton","Spencer Burton","Heidimburton@comcast.net",8.00," Balance after wreaths 2015, Philmont and PB tics 2016","no"
2016-06-03,13:13:38,"Patrick","Naumann","Patrick Naumann","treasurer@troop671bsa.org",17.82,"Change the email below to your email address.  Choose a security question and answer. 
Balance after wreaths 2015 and PB tics 2016.
","no"
2016-07-28,08:41:51,"Jacob","Adrian","Jacob Adrian","adrian18547@aol.com",76.93,"Balance after popcorn and wreaths 2015 and MKJW  payment of $150 and PB tickets and car wash
","no"
2016-07-28,08:43:06,"Noah","Adrian","Noah Adrian","treasurer@troop671bsa.org",30.68,"Change the email address below to your own email address.  Choose a security question and answer. ","no"
2016-07-28,08:43:59,"Joe","Barber","Joe Barber","treasurer@troop671bsa.org",78.38,"Change the email address below to your own email address.  Choose a security question and answer. ","no"
2016-07-28,08:47:14,"Christian","Grams","Christian Grams","treasurer@troop671bsa.org",469.51," Please change your email address from mine to yours. Balance after popcorn and wreaths 2015 and PB tics 2016.","no"
2016-07-28,08:48:24,"Griffin","Pavletic","Griffin Pavletic","treasurer@troop671bsa.org",30.68,"Change the email address below to your own email address.  Choose a security question and answer. ","no"
2016-07-28,08:49:37,"Jonathan","Roeck","Jonathan Roeck","gproeck@hotmail.com",157.14,"After car wash","no"
2016-07-28,08:50:30,"Ian","Saenz","Ian Saenz","treasurer@troop671bsa.org",30.68,"Change the email address below to your own email address.  Choose a security question and answer. ","no"
2016-07-28,08:51:31,"Rutvik","Sayankar","Rutvik Sayankar","treasurer@troop671bsa.org",37.03,"Welcome to your ISA! Remember to change the email address to your own, change the Password and add a security question with an answer so if you get locked you can get back in.
Congratulations! Proceeds from Popcorn and Wreaths 2014 have been added to your ISA!","no"
2016-07-28,08:52:17,"Arthur","Terrones","Arthur Terrones","treasurer@troop671bsa.org",30.68,"Change the email address below to your own email address.  Choose a security question and answer. ","no"
2016-10-04,20:31:25,"Chris","DelVecchio","Chris Delvecchio","ketsl@att.net",307.64,"Balance after popcorn and wreaths 2015 and PB tics 2016.","no"
2016-10-23,09:16:20,"Jack","Pawlak","Jack Pawlak","treasurer@troop671bsa.org",25.00,"Change the email address below to your own email address.  Choose a security question and answer. ","no"
2016-10-31,19:16:13,"Jonathan","Roeck","Jonathan Roeck","gproeck@hotmail.com",157.14,"After car wash","no"
2016-11-01,05:16:55,"Nicholas","Zblewski","Nicholas Zblewski","zblewskis@comcast.net",472.63,"Balance after 33% popcorn. Paid 5% popcorn to you and reimbursed OA dues and NYLT shirt. Also after Venture Crew shirt, OA buckle and polo. Also after MKJW, 2015 NYLT and 2016 camp shirt and PB tics 2016.","no"
2016-11-01,05:42:08,"Andrew","Miller","Andrew Miller","treasurer@troop671bsa.org",393.02,"In the E-mail field please delete mine and insert yours. ","no"
2016-11-01,07:11:22,"Andrew","Miller","Andrew Miller","treasurer@troop671bsa.org",343.02,"In the E-mail field please delete mine and insert yours. ","no"
2016-11-01,07:14:46,"Chris","DelVecchio","Chris Delvecchio","ketsl@att.net",252.64,"Balance after popcorn and wreaths 2015 and PB tics  2016. After 2017 recharter fee & boo camp shirt.","no"
2016-11-01,07:15:30,"Andrew","Miller","Andrew Miller","treasurer@troop671bsa.org",343.02,"In the E-mail field please delete mine and insert 
yours. 
After 2017 recharter fee","no"
2016-11-01,14:55:29,"Nicholas","Zblewski","Nicholas Zblewski","zblewskis@comcast.net",422.63,"Balance after 33% popcorn. Paid 5% popcorn to you and reimbursed OA dues and NYLT shirt. Also after Venture Crew shirt, OA buckle and polo. Also after MKJW, 2015 NYLT and 2016 camp shirt and PB tics 2016. Paid 2017 troop fee.","no"
2016-11-02,10:59:16,"Jonathan","Roeck","Jonathan Roeck","jgroeck@gmail.com",107.14,"After car wash. After 2017 troop fee.","no"
2016-11-02,10:59:37,"Daniel ","Pawlak","Daniel Pawlak","danny.pawlak@gmail.com",409.79,"Balance after popcorn and wreaths 2015 and Amtrak payment and PB tics 2016.","no"
2016-11-02,11:00:15,"Daniel ","Pawlak","Daniel Pawlak","danny.pawlak@gmail.com",409.79,"Balance after popcorn and wreaths 2015 and Amtrak payment and PB tics 2016. After 2017 troop fee.","no"
2016-11-02,11:04:09,"Daniel ","Pawlak","Daniel Pawlak","danny.pawlak@gmail.com",409.79,"Balance after popcorn and wreaths 2015 and Amtrak payment and PB tics 2016. After 2017 troop fee.","no"
2016-11-14,19:33:23,"William","Jeffries","William Jeffries","wrdj0621@gmail.com",1063.10,"After 10/15 Philmont 2016 payment of $385 and PB tics 2016
Balance after popcorn and wreaths 2015.","no"
2016-11-15,14:43:04,"Johnathan","Kellogg","Johnathan Kellogg","treasurer@troop671bsa.org",872.89,"Change the email address above to yours. 
Balance after wreaths 2015.","no"
2016-12-06,06:02:58,"Jacob","Adrian","Jacob Adrian","adrian18547@aol.com",86.93,"Balance after popcorn and wreaths 2015 and MKJW  payment of $150 and PB tickets and car wash. Wreaths 2016 applied.
","no"
2016-12-06,06:04:48,"Noah","Adrian","Noah Adrian","treasurer@troop671bsa.org",408.48,"Change the email address below to your own email .address.  Choose a security question and answer. After wreaths and popcorn 2016.","no"
2016-12-06,06:06:16,"Joe","Barber","Joe Barber","treasurer@troop671bsa.org",108.38,"Change the email address below to your own email address.  Choose a security question and answer. After wreaths 2016.","no"
2016-12-06,06:07:03,"Spencer","Burton","Spencer Burton","Heidimburton@comcast.net",143.00," Balance after wreaths 2015, Philmont and PB tics 2016. After wreaths 2016","no"
2016-12-06,06:08:52,"Chris","DelVecchio","Chris Delvecchio","ketsl@att.net",227.64,"Balance after popcorn and wreaths 2015 and PB tics  2016. After 2017 recharter fee & boo camp shirt and Camp Timber.","no"
2016-12-06,06:10:08,"Greyson","Fout","Greyson Fout","greysonfout@hotmail.com",457.55,"Balance after popcorn and wreaths 2015 and PB tics 2016. After wreaths and popcorn 2016.","no"
2016-12-06,06:11:26,"Christian","Grams","Christian Grams","treasurer@troop671bsa.org",474.51," Please change your email address from mine to yours. Balance after popcorn and wreaths 2015 and PB tics 2016. After wreaths 2016.","no"
2016-12-06,06:13:24,"William","Jeffries","William Jeffries","wrdj0621@gmail.com",900.6,"After 10/15 Philmont 2016 payment of $385 and PB tics 2016
Balance after popcorn and wreaths 2015. After wreaths 2016, Jambo and OKPIK.","no"
2016-12-06,06:14:57,"Johnathan","Kellogg","Johnathan Kellogg","JAKellogg1@comcast.net",825.89,"Balance after wreaths 2015. After Jambo and wreaths 2016.","no"
2016-12-06,06:16:02,"Isaac","Koob","Isaac Koob","treasurer@troop671bsa.org",733.31,"Change the email address above to your own.
Balance after popcorn and wreaths 2015. After wreaths and popcorn 2016.","no"
2016-12-06,06:16:53,"Liam","Korecky","Liam Korecky","koreckyp@yahoo.com",,"Balance after wreaths 2015. Moved to Crew.","no"
2016-12-06,06:19:05,"Alex","Laycock","Alex Laycock","treasurer@troop671bsa.org",622.00,"Change the email address below to your own email address.  Choose a security question and answer. After wreaths and popcorn 2016.","no"
2016-12-06,06:20:23,"Tyler","Montano","Tyler Montano","treasurer@troop671bsa.org",252.2,"Change the email address below to your own email address.  Choose a security question and answer. After popcorn 2016. ","no"
2016-12-06,06:25:59,"Daniel ","Pawlak","Daniel Pawlak","danny.pawlak@gmail.com",579.99,"Balance after popcorn and wreaths 2015 and Amtrak payment and PB tics 2016. After 2017 troop fee. After Lowden and popcorn 2016.","no"
2016-12-06,06:27:14,"Jack","Pawlak","Jack Pawlak","treasurer@troop671bsa.org",463.50,"Change the email address below to your own email address.  Choose a security question and answer. After wreaths and popcorn 2016. ","no"
2016-12-06,06:28:39,"Dylan","Richards","Dylan Richards ","treasurer@troop671bsa.org",210.75,"Change the above email address to your own. 
Balance after popcorn and wreaths 2015. After wreaths 2016.","no"
2016-12-06,06:30:00,"Paden","Roma","Paden Roma","treasurer@troop671bsa.org",69.91,"Please change the email address above to your own email. Set up a security question with answer. 
Balance after popcorn 2015. After popcorn 2016.","no"
2016-12-06,06:31:35,"Justin","Shamberg","Justin Shamberg","the5shams@sbcglobal.net",768.09,"Balance after popcorn and wreaths 2015 and PB tics 2016. After wreaths and popcorn 2016.","no"
2016-12-06,06:32:48,"Gavin","Short","Gavin Short","gavin@theshortpeople.com",172.92,"Balance after popcorn and wreaths 2015 and $300 MKJW 2016, $400 Philmont and $75 MKJW week 2 and PB tics 2016. After wreaths and popcorn 2016.","no"
2016-12-06,06:34:04,"Matthew","Strelzyk","Matthew Strelzyk","mstrelzyk@gmail.com",139.24,"Balance after popcorn and wreaths 2015 and your withdrawal of $600 for Philmont and PB tics 2016. After wreaths and popcorn 2016.","no"
2016-12-06,06:35:29,"Martin","Stumpf","Martin Stumpf","treasurer@troop671bsa.org",387.8,"Change the above email address to your own. Congratulations! Proceeds from Popcorn and Wreaths 2014 have been added to your ISA! After popcorn 2016.","no"
2016-12-06,06:36:55,"Arthur","Terrones","Arthur Terrones","treasurer@troop671bsa.org",321.08,"Change the email address below to your own email address.  Choose a security question and answer. After popcorn 2016.","no"
2016-12-06,06:38:06,"Zach","Thomas","Zach Thomas","thomasofrlb@comcast.net",97.89,"Balance after popcorn and wreaths 2015 and 3rd Philmont installment and Amtrak and PB tics 2016. After wreaths 2016.","no"
2016-12-06,06:39:03,"Brennan","Vrba","Brennan Vrba","treasurer@troop671bsa.org",82.00,"Change the email address below to your own email address.  Choose a security question and answer. Balance after wreaths 2015. After wreaths 2016.","no"
2016-12-06,06:40:12,"Luke","Weber","Luke Weber","weber.law@comcast.net",747.59,"Balance after popcorn and wreaths 2015 and PB tics 2016. After wreaths and popcorn 2016.","no"
2016-12-06,06:41:29,"Mason","Womack","Mason Womack","treasurer@troop671bsa.org",564.4,"Change the above email address to your own. 
Balance after popcorn and wreaths 2015. After wreaths and popcorn 2016.","no"
2016-12-06,18:05:20,"Christian","Grams","Christian Grams","treasurer@troop671bsa.org",474.51," Please change your email address from mine to yours. Balance after popcorn and wreaths 2015 and PB tics 2016. After wreaths 2016.","no"
2016-12-06,18:15:42,"Zachary","Andrejko","Zachary Andrejko","treasurer@troop671bsa.org",,"Please update your email address above.","yes"
2016-12-06,18:16:14,"Jack ","Cunningham","Jack Cunningham","treasurer@troop671bsa.org",,"Change the email address below to your own. Choose a security question and answer. ","yes"
2016-12-06,18:16:36,"Wilmer","Isip","Wilmer Isip","treasurer@troop671bsa.org",,"Change the email below to your email address.  Choose a security question and answer. ","yes"
2016-12-06,18:17:19,"Sachin","Patel","Sachin Patel","treasurer@troop671bsa.org",,"Change the email address below to your own email address.  Choose a security question and answer. ","yes"
2016-12-06,18:17:51,"Marshall","Rice","Marshall Rice","treasurer@troop671bsa.org",,"Welcome to your ISA! Remember to change the email address to your own, change the Password and add a security question with an answer so if you get locked you can get back in. Congratulations! Proceeds from Popcorn and Wreaths 2014 have been added to your ISA!","yes"
2016-12-06,18:18:15,"Nolan","Rice","Nolan Rice","treasurer@troop671bsa.org",,"Welcome to your ISA! Remember to change the email address to your own. 
Congratulations! Proceeds from Popcorn and Wreaths 2014 have been added to your ISA!","yes"
2016-12-06,18:18:49,"Shaunak","Saswade","Shaunak Saswade","treasurer@troop671bsa.org",,"Change the email address below to your own email address.  Choose a security question and answer. ","yes"
2016-12-06,18:19:38,"Josh ","Tagudar","Josh Tagudar","treasurer@troop671bsa.org",,"Change the email address below to your own email address.  Choose a security question and answer. ","yes"
2016-12-06,18:20:18,"Jacob","Wiser","Jacob Wiser","treasurer@troop671bsa.org",,"Change the email address below to your own. Choose a security question and an answer. ","yes"
2016-12-20,20:42:54,"Alex","Osterman","Alex Osterman","Gizmo0692@me.com",71.11,"","no"
2017-01-18,12:00:56,"Christian","Grams","Christian Grams","treasurer@troop671bsa.org",369.51," Please change your email address from mine to yours. Balance after popcorn and wreaths 2015 and PB tics 2016. After wreaths 2016.","no"
2017-01-24,18:35:48,"Dylan","Richards","Dylan Richards ","treasurer@troop671bsa.org",210.75,"Change the above email address to your own. 
Balance after popcorn and wreaths 2015. After wreaths 2016.","no"
2017-01-31,15:21:07,"Noah","Adrian","Noah Adrian","treasurer@troop671bsa.org",408.48,"Change the email address below to your own email .address.  Choose a security question and answer. After wreaths and popcorn 2016.","no"
2017-01-31,15:23:27,"Jacob","Adrian","Jacob Adrian","adrian18547@aol.com",86.93,"Balance after popcorn and wreaths 2015 and MKJW  payment of $150 and PB tickets and car wash. Wreaths 2016 applied.
","no"
2017-01-31,15:54:06,"Jacob","Adrian","Jacob Adrian","adrian18547@aol.com",86.93,"Balance after popcorn and wreaths 2015 and MKJW  payment of $150 and PB tickets and car wash. Wreaths 2016 applied.
","no"
2017-01-31,19:35:57,"Andrew","Miller","Andrew Miller","treasurer@troop671bsa.org",0.0,"In the E-mail field please delete mine and insert 
yours. 
After 2017 recharter fee","no"
2017-03-07,20:28:39,"Justin","Shamberg","Justin Shamberg","the5shams@sbcglobal.net",768.09,"Balance after popcorn and wreaths 2015 and PB tics 2016. After wreaths and popcorn 2016.","no"
2017-03-13,11:15:57,"William","Jeffries","William Jeffries","wrdj0621@gmail.com",900.6,"After 10/15 Philmont 2016 payment of $385 and PB tics 2016
Balance after popcorn and wreaths 2015. After wreaths 2016, Jambo and OKPIK.","no"
2017-04-04,18:39:11,"Jack","Pawlak","Jack Pawlak","treasurer@troop671bsa.org",338.50,"Change the email address below to your own email address.  Choose a security question and answer. After wreaths and popcorn 2016. ","no"
2017-04-04,18:48:18,"Daniel ","Pawlak","Daniel Pawlak","danny.pawlak@gmail.com",454.99,"Balance after popcorn and wreaths 2015 and Amtrak payment and PB tics 2016. After 2017 troop fee. After Lowden and popcorn 2016.","no"
2017-05-09,13:39:10,"Johnathan","Kellogg","Johnathan Kellogg","JAKellogg1@comcast.net",625.89,"Balance after wreaths 2015. After Jambo and wreaths 2016.","no"
2017-05-17,11:10:23,"Zach","Thomas","Zach Thomas","thomasofrlb@comcast.net",97.89,"Balance after popcorn and wreaths 2015 and 3rd Philmont installment and Amtrak and PB tics 2016. After wreaths 2016.","no"
2017-05-19,12:00:03,"Martin","Stumpf","Martin Stumpf","treasurer@troop671bsa.org",387.8,"Change the above email address to your own. Congratulations! Proceeds from Popcorn and Wreaths 2014 have been added to your ISA! After popcorn 2016.","no"
2017-05-19,19:10:38,"James","Silvasy","James Silvasy","james.silvasyjr@gmail.com",25.00,"After your 2017 MKJW payment and PB ticket sales.","no"
2017-05-19,19:20:39,"Jacob","Adrian","Jacob Adrian","adrian18547@aol.com",46.93,"Balance after popcorn and wreaths 2015 and MKJW  payment of $150 and PB tickets and car wash. Wreaths 2016 applied. Deducted MKJW winter camp 2017 and PB tics 2017 were added.","no"
2017-05-19,19:22:12,"Noah","Adrian","Noah Adrian","treasurer@troop671bsa.org",368.48,"Change the email address below to your own email .address.  Choose a security question and answer. After wreaths and popcorn 2016. After MKJW winter 2017 and PB tics 2017.","no"
2017-05-19,19:22:42,"Noah","Aldrin","Noah Aldrin","treasurer@troop671bsa.org",25.00,"Change the email address below to your own email address.  Choose a security question and answer. After 2017 PB tics","no"
2017-05-19,19:24:07,"Joe","Barber","Joe Barber","treasurer@troop671bsa.org",133.38,"Change the email address below to your own email address.  Choose a security question and answer. After wreaths 2016. After PB tics 2017.","no"
2017-05-19,19:25:17,"Spencer","Burton","Spencer Burton","Heidimburton@comcast.net",147.00," Balance after wreaths 2015, Philmont and PB tics 2016. After wreaths 2016. After 2017 PB tics.","no"
2017-05-19,19:26:28,"Greyson","Fout","Greyson Fout","greysonfout@hotmail.com",488.55,"Balance after popcorn and wreaths 2015 and PB tics 2016. After wreaths and popcorn 2016. After PB tics 2017.","no"
2017-05-19,19:27:34,"William","Jeffries","William Jeffries","wrdj0621@gmail.com",925.6,"After 10/15 Philmont 2016 payment of $385 and PB tics 2016
Balance after popcorn and wreaths 2015. After wreaths 2016, Jambo and OKPIK. After 2017 PB tics.","no"
2017-05-19,19:30:11,"Johnathan","Kellogg","Johnathan Kellogg","JAKellogg1@comcast.net",651.89,"Balance after wreaths 2015. After Jambo and wreaths 2016. After 2017 PB tics.","no"
2017-05-19,19:31:01,"Vincent","Kirk","Vincent Kirk","treasurer@troop671bsa.org",100.00,"Change the email address above to your own. 
Balance after wreaths 2015. After 2017 PB tics.","no"
2017-05-19,19:32:19,"Isaac","Koob","Isaac Koob","treasurer@troop671bsa.org",768.31,"Change the email address above to your own.
Balance after popcorn and wreaths 2015. After wreaths and popcorn 2016. After 2017 PB tics.","no"
2017-05-19,19:33:18,"Alex","Laycock","Alex Laycock","treasurer@troop671bsa.org",679.00,"Change the email address below to your own email address.  Choose a security question and answer. After wreaths and popcorn 2016. After 2017 PB tics.","no"
2017-05-19,19:34:25,"Manus","Mathur","Manus Mathur","treasurer@troop671bsa.org",35.00,"Change the email below to your email address.  Choose a security question and answer. After 2017 PB tics.","no"
2017-05-19,19:36:04,"Tyler","Montano","Tyler Montano","treasurer@troop671bsa.org",264.20,"Change the email address below to your own email address.  Choose a security question and answer. After popcorn 2016. After 2017 PB tics.","no"
2017-05-19,19:36:51,"Patrick","Naumann","Patrick Naumann","treasurer@troop671bsa.org",42.82,"Change the email below to your email address.  Choose a security question and answer. 
Balance after wreaths 2015 and PB tics 2016. After 2017 PB tics.
","no"
2017-05-19,19:37:34,"Griffin","Pavletic","Griffin Pavletic","treasurer@troop671bsa.org",55.68,"Change the email address below to your own email address.  Choose a security question and answer. After 2017 PB tics.","no"
2017-05-19,19:38:09,"Spencer","Pavletic","Spencer Pavletic","spookme0809@gmail.com",50.00,"Balance after Indian Mounds 11/15 and troop dues, also deducted Philmont $298.72. After PB tics 2016. After 2017 PB tics.","no"
2017-05-19,19:39:01,"Daniel ","Pawlak","Daniel Pawlak","danny.pawlak@gmail.com",479.99,"Balance after popcorn and wreaths 2015 and Amtrak payment and PB tics 2016. After 2017 troop fee. After Lowden and popcorn 2016. After 2017 PB tics.","no"
2017-05-19,19:40:00,"Jack","Pawlak","Jack Pawlak","pawlak@gmail.com",363.50,"Change the email address below to your own email address.  Choose a security question and answer. After wreaths and popcorn 2016. After 2017 PB tics.","no"
2017-05-19,19:44:20,"Aaron","Richards","Aaron Richards","treasurer@troop671bsa.org",29.00,""
2017-05-19,19:45:16,"Aaron","Richards","Aaron Richards","treasurer@troop671bsa.org",29.00,"Welcome to your ISA! Remember to change the email address to your own, change the Password and add a security question with an answer so if you get locked you can get back in.","no"
2017-05-19,19:47:11,"Dylan","Richards","Dylan Richards ","treasurer@troop671bsa.org",25.00,"Change the above email address to your own. 
Balance after popcorn and wreaths 2015. After wreaths 2016. After Jamboree payment. After 2017 PB tics.","no"
2017-05-19,19:48:02,"Trevor","Roma","Trevor Roma","trevor.roma@att.net",144.11,"Balance after popcorn 2015. After 2017 PB tics.","no"
2017-05-19,19:48:47,"Rutvik","Sayankar","Rutvik Sayankar","treasurer@troop671bsa.org",47.03,"Welcome to your ISA! Remember to change the email address to your own, change the Password and add a security question with an answer so if you get locked you can get back in.
Congratulations! Proceeds from Popcorn and Wreaths 2014 have been added to your ISA! After 2017 PB tics.","no"
2017-05-19,19:49:58,"Ansh","Shah","Ansh Shah","treasurer@troop671bsa.org",29.00,"Change the email address below to your own email address.  Choose a security question and answer. After 2017 PB tics.","no"
2017-05-19,19:52:05,"Justin","Shamberg","Justin Shamberg","the5shams@sbcglobal.net",716.09,"Balance after popcorn and wreaths 2015 and PB tics 2016. After wreaths and popcorn 2016. After Seabase and 2017 PB tics.","no"
2017-05-19,19:53:35,"Gavin","Short","Gavin Short","gavin@theshortpeople.com",197.92,"Balance after popcorn and wreaths 2015 and $300 MKJW 2016, $400 Philmont and $75 MKJW week 2 and PB tics 2016. After wreaths and popcorn 2016. After 2017 PB tics.","no"
2017-05-19,19:54:43,"Matthew","Sierzega","Matthew Sierzega","treasurer@troop671bsa.org",486.08,"Welcome to your ISA! In the E-mail field please update to your email address. Choose your own password and security question. After 2017 PB tics.","no"
2017-05-19,19:56:09,"Martin","Stumpf","Martin Stumpf","treasurer@troop671bsa.org",412.80,"Change the above email address to your own. Congratulations! Proceeds from Popcorn and Wreaths 2014 have been added to your ISA! After popcorn 2016. After 2017 PB tics.","no"
2017-05-19,19:57:32,"Zach","Thomas","Zach Thomas","thomasofrlb@comcast.net",122.89,"Balance after popcorn and wreaths 2015 and 3rd Philmont installment and Amtrak and PB tics 2016. After wreaths 2016. After 2017 PB tics.","no"
2017-05-19,19:58:45,"Reid","Walters","Reid Walters","treasurer@troop671bsa.org",182.60,"Change the above email address to your own. Balance after popcorn 2015. After 2017 PB tics.","no"
2017-05-19,19:59:32,"Luke","Weber","Luke Weber","weber.law@comcast.net",772.59,"Balance after popcorn and wreaths 2015 and PB tics 2016. After wreaths and popcorn 2016. After 2017 PB tics.","no"
2017-05-19,20:00:47,"Mason","Womack","Mason Womack","treasurer@troop671bsa.org",589.40,"Change the above email address to your own. 
Balance after popcorn and wreaths 2015. After wreaths and popcorn 2016. After 2017 PB tics.","no"
2017-05-19,20:01:41,"James","Edwards","James Edwards","treasurer@troop671bsa.org",,"Welcome to your ISA! Remember to change the email address to your own, change the Password and add a security question with an answer so if you get locked you can get back in."
2017-05-19,20:02:09,"James","Edwards","James Edwards","treasurer@troop671bsa.org",25.00,"Welcome to your ISA! Remember to change the email address to your own, change the Password and add a security question with an answer so if you get locked you can get back in. After 2017 PB tics.","no"
2017-05-23,11:56:45,"Martin","Stumpf","Martin Stumpf","treasurer@troop671bsa.org",87.80,"Change the above email address to your own. Congratulations! Proceeds from Popcorn and Wreaths 2014 have been added to your ISA! After popcorn 2016. After 2017 PB tics. Also after MKJW summer camp payment.","no"
2017-06-01,06:09:12,"Daniel ","Pawlak","Daniel Pawlak","danny.pawlak@gmail.com",449.99,"Balance after popcorn and wreaths 2015 and Amtrak payment and PB tics 2016. After 2017 troop fee. After Lowden and popcorn 2016. After 2017 PB tics. After MKJW payment of $30.","no"
2017-06-01,06:09:47,"Jack","Pawlak","Jack Pawlak","pawlak@gmail.com",333.50,"Change the email address below to your own email address.  Choose a security question and answer. After wreaths and popcorn 2016. After 2017 PB tics. After MKJW payment of $30.","no"
2017-06-12,11:17:51,"Zach","Thomas","Zach Thomas","thomasofrlb@comcast.net",0.00,"Balance after popcorn and wreaths 2015 and 3rd Philmont installment and Amtrak and PB tics 2016. After wreaths 2016. After 2017 PB tics. After MKJW high adventure.","no"
2017-06-26,14:07:44,"Daniel ","Pawlak","Daniel Pawlak","danny.pawlak@gmail.com",407.99,"Balance after popcorn and wreaths 2015 and Amtrak payment and PB tics 2016. After 2017 troop fee. After Lowden and popcorn 2016. After 2017 PB tics. After MKJW payment of $30. After 2017 MKJW t-shirts.","no"
2017-06-26,14:10:18,"Jack","Pawlak","Jack Pawlak","pawlak@gmail.com",312.50,"Change the email address below to your own email address.  Choose a security question and answer. After wreaths and popcorn 2016. After 2017 PB tics. After MKJW payment of $30. After 2017 MKJW t-shirt.","no"
2017-07-11,20:15:02,"Justin","Shamberg","Justin Shamberg","the5shams@sbcglobal.net",716.09,"Balance after popcorn and wreaths 2015 and PB tics 2016. After wreaths and popcorn 2016. After Seabase and 2017 PB tics.","no"
2017-07-13,19:59:09,"Justin","Shamberg","Justin Shamberg","the5shams@sbcglobal.net",441.59,"Balance after popcorn and wreaths 2015 and PB tics 2016. After wreaths and popcorn 2016. After Seabase and 2017 PB tics. After 2017 Philmont Amtrak and bus.","no"
2017-07-17,14:48:27,"Joe","Barber","Joe Barber","treasurer@troop671bsa.org",175.00,"Change the email address below to your own email address.  Choose a security question and answer. After wreaths 2016. After PB tics 2017. After car wash 6/10/17.","no"
2017-07-17,14:49:38,"Johnathan","Kellogg","Johnathan Kellogg","JAKellogg1@comcast.net",682.55,"Balance after wreaths 2015. After Jambo and wreaths 2016. After 2017 PB tics. After car wash 6/10/17.","no"
2017-07-17,14:51:41,"Greyson","Fout","Greyson Fout","greysonfout@hotmail.com",512.65,"Balance after popcorn and wreaths 2015 and PB tics 2016. After wreaths and popcorn 2016. After PB tics 2017. After car wash 6/10/17.","no"
2017-07-17,14:52:49,"William","Jeffries","William Jeffries","wrdj0621@gmail.com",954.07,"After 10/15 Philmont 2016 payment of $385 and PB tics 2016.
Balance after popcorn and wreaths 2015. After wreaths 2016, Jambo and OKPIK. After 2017 PB tics. After car wash 6/10/17.","no"
2017-07-17,14:53:48,"Alex","Laycock","Alex Laycock","treasurer@troop671bsa.org",700.90,"Change the email address below to your own email address.  Choose a security question and answer. After wreaths and popcorn 2016. After 2017 PB tics. After car wash 6/10/17.","no"
2017-07-18,18:49:59,"Christian","Grams","Christian Grams","treasurer@troop671bsa.org",369.51," Please change your email address from mine to yours. Balance after popcorn and wreaths 2015 and PB tics 2016. After wreaths 2016.","no"
2017-07-18,18:57:03,"Jack","Pawlak","Jack Pawlak","pawlak@gmail.com",227.5,"Change the email address below to your own email address.  Choose a security question and answer. After wreaths and popcorn 2016. After 2017 PB tics. After MKJW payment of $30. After 2017 MKJW t-shirt. After $85 JAX campout fee.","no"
2017-07-18,18:57:54,"Daniel ","Pawlak","Daniel Pawlak","danny.pawlak@gmail.com",322.99,"Balance after popcorn and wreaths 2015 and Amtrak payment and PB tics 2016. After 2017 troop fee. After Lowden and popcorn 2016. After 2017 PB tics. After MKJW payment of $30. After 2017 MKJW t-shirts. After $85 JAX fee.","no"
2017-07-19,10:43:46,"Christian","Grams","Christian Grams","treasurer@troop671bsa.org",62.25," Please change your email address from mine to yours. Balance after popcorn and wreaths 2015 and PB tics 2016. After wreaths 2016. After your Eagle project reimbursement of $307.26","no"
2017-07-31,18:27:31,"William","Jeffries","William Jeffries","wrdj0621@gmail.com",204.80,"After 10/15 Philmont 2016 payment of $385 and PB tics 2016.
Balance after popcorn and wreaths 2015. After wreaths 2016, Jambo and OKPIK. After 2017 PB tics. After car wash 6/10/17. After $249.27 Eagle reimbursement. After $500 Jamboree reimbursement.","no"
2017-08-08,14:28:24,"Nicholas","Zblewski","Nicholas Zblewski","zblewskis@comcast.net",422.63,"Balance after 33% popcorn. Paid 5% popcorn to you and reimbursed OA dues and NYLT shirt. Also after Venture Crew shirt, OA buckle and polo. Also after MKJW, 2015 NYLT and 2016 camp shirt and PB tics 2016. Paid 2017 troop fee.","no"
2017-08-08,14:33:05,"Nicholas","Zblewski","Nicholas Zblewski","zblewskis@comcast.net",422.63,"Balance after 33% popcorn. Paid 5% popcorn to you and reimbursed OA dues and NYLT shirt. Also after Venture Crew shirt, OA buckle and polo. Also after MKJW, 2015 NYLT and 2016 camp shirt and PB tics 2016. Paid 2017 troop fee.","no"
2017-08-08,14:34:51,"Nicholas","Zblewski","Nicholas Zblewski","zblewskis@comcast.net",422.63,"Balance after 33% popcorn. Paid 5% popcorn to you and reimbursed OA dues and NYLT shirt. Also after Venture Crew shirt, OA buckle and polo. Also after MKJW, 2015 NYLT and 2016 camp shirt and PB tics 2016. Paid 2017 troop fee.","no"
2017-08-08,14:37:29,"Nicholas","Zblewski","Nick Zblewski","zblewskis@comcast.net",422.63,"Balance after 33% popcorn. Paid 5% popcorn to you and reimbursed OA dues and NYLT shirt. Also after Venture Crew shirt, OA buckle and polo. Also after MKJW, 2015 NYLT and 2016 camp shirt and PB tics 2016. Paid 2017 troop fee.","no"
2017-09-18,13:12:44,"Joe","Barber","Joe Barber","treasurer@troop671bsa.org",175.00,"Change the email address below to your own email address.  Choose a security question and answer. After wreaths 2016. After PB tics 2017. After car wash 6/10/17.","no"
2017-09-19,09:56:36,"Joe","Barber","Joe Barber","mabar7@gmail.com",115.00,"Change the email address below to your own email address.  Choose a security question and answer. After wreaths 2016. After PB tics 2017. After car wash 6/10/17. After 2017 troop fee.","no"
2017-10-03,07:19:57,"Luke","Weber","Luke Weber","weber.law@comcast.net",712.59,"Balance after popcorn and wreaths 2015 and PB tics 2016. After wreaths and popcorn 2016. After 2017 PB tics. After 2018 troop fee of $60.","no"
2017-10-12,10:43:52,"Luke","Weber","Luke Weber","weber.law@comcast.net",707.59,"Balance after popcorn and wreaths 2015 and PB tics 2016. After wreaths and popcorn 2016. After 2017 PB tics. After 2018 troop fee of $60. After 2017 boo camp t-shirt.","no"
2017-10-20,09:48:29,"Greyson","Fout","Greyson Fout","greysonfout@hotmail.com",512.65,"Balance after popcorn and wreaths 2015 and PB tics 2016. After wreaths and popcorn 2016. After PB tics 2017. After car wash 6/10/17.","no"
2017-10-24,08:03:37,"Justin","Shamberg","Justin Shamberg","the5shams@sbcglobal.net",52.59,"Balance after popcorn and wreaths 2015 and PB tics 2016. After wreaths and popcorn 2016. After Seabase and 2017 PB tics. After 2017 Philmont Amtrak and bus. After 1st payment for Seabase 2018.","no"
2017-10-24,11:55:22,"Greyson","Fout","Greyson Fout","greysonfout@hotmail.com",123.65,"Balance after popcorn and wreaths 2015 and PB tics 2016. After wreaths and popcorn 2016. After PB tics 2017. After car wash 6/10/17. After Seabase 2018 payment of $389.","no"
2017-11-04,07:30:43,"Jack","Pawlak","Jack Pawlak","pawlak@gmail.com",179.50,"Change the email address below to your own email address.  Choose a security question and answer. After wreaths and popcorn 2016. After 2017 PB tics. After MKJW payment of $30. After 2017 MKJW t-shirt. After $85 JAX campout fee. After 2018 troop fee ($48 due to Boy's Life reduction)","no"
2017-11-04,07:31:44,"Daniel ","Pawlak","Daniel Pawlak","danny.pawlak@gmail.com",262.99,"Balance after popcorn and wreaths 2015 and Amtrak payment and PB tics 2016. After 2017 troop fee. After Lowden and popcorn 2016. After 2017 PB tics. After MKJW payment of $30. After 2017 MKJW t-shirts. After $85 JAX fee. After 2018 troop fee.","no"
2017-11-04,07:32:42,"Jonathan","Roeck","Jonathan Roeck","jgroeck@gmail.com",107.14,"After car wash. After 2017 troop fee.","no"
2017-11-07,08:14:00,"Jonathan","Roeck","Jonathan Roeck","jgroeck@gmail.com",47.14,"After car wash. After 2017 troop fee. After 2018 troop fee.","no"
2017-11-07,14:42:03,"Alex","Laycock","Alex Laycock","treasurer@troop671bsa.org",700.90,"Change the email address below to your own email address.  Choose a security question and answer. After wreaths and popcorn 2016. After 2017 PB tics. After car wash 6/10/17.","no"
2017-11-09,21:02:44,"Noah","Adrian","Noah Adrian","treasurer@troop671bsa.org",308.48,"Change the email address below to your own email .address.  Choose a security question and answer. After wreaths and popcorn 2016. After MKJW winter 2017 and PB tics 2017.","no"
2017-11-14,18:57:59,"Alex","Osterman","Alex Osterman","Gizmo0692@me.com",71.11,"","no"
2017-11-20,15:32:40,"Mason","Womack","Mason Womack","treasurer@troop671bsa.org",589.40,"Change the above email address to your own. 
Balance after popcorn and wreaths 2015. After wreaths and popcorn 2016. After 2017 PB tics.","no"
2017-11-28,15:22:25,"Mason","Womack","Mason Womack","treasurer@troop671bsa.org",529.40,"Change the above email address to your own. 
Balance after popcorn and wreaths 2015. After wreaths and popcorn 2016. After 2017 PB tics. After scout dues of $60 for 2018 year.","no"
2017-11-28,20:00:50,"Alex","Osterman","Alex Osterman","Gizmo0692@me.com",11.11,"After 2018 troop fee $60.","no"
2018-01-15,13:57:50,"Jacob","Adrian","Jacob Adrian","adrian18547@aol.com",149.43,"Balance after popcorn and wreaths 2015 and MKJW  payment of $150 and PB tickets and car wash. Wreaths 2016 applied. Deducted MKJW winter camp 2017 and PB tics 2017 were added. After 2017 popcorn and evergreens.","no"
2018-01-15,13:58:57,"Noah","Adrian","Noah Adrian","treasurer@troop671bsa.org",596.38,"Change the email address below to your own email .address.  Choose a security question and answer. After wreaths and popcorn 2016. After MKJW winter 2017 and PB tics 2017.","no"
2018-01-15,14:00:10,"Spencer","Burton","Spencer Burton","Heidimburton@comcast.net",337.00," Balance after wreaths 2015, Philmont and PB tics 2016. After wreaths 2016. After 2017 PB tics. After 2017 popcorn and evergreens.","no"
2018-01-15,14:01:20,"Greyson","Fout","Greyson Fout","greysonfout@hotmail.com",272.59,"Balance after popcorn and wreaths 2015 and PB tics 2016. After wreaths and popcorn 2016. After PB tics 2017. After car wash 6/10/17. After Seabase 2018 payment of $389. After 2017 popcorn and evergreens.","no"
2018-01-15,14:02:56,"William","Jeffries","William Jeffries","wrdj0621@gmail.com",627.45,"After 10/15 Philmont 2016 payment of $385 and PB tics 2016.
Balance after popcorn and wreaths 2015. After wreaths 2016, Jambo and OKPIK. After 2017 PB tics. After car wash 6/10/17. After $249.27 Eagle reimbursement. After $500 Jamboree reimbursement. After 2017 popcorn and evergreens.","no"
2018-01-15,14:03:53,"Johnathan","Kellogg","Johnathan Kellogg","JAKellogg1@comcast.net",722.55,"Balance after wreaths 2015. After Jambo and wreaths 2016. After 2017 PB tics. After car wash 6/10/17. After 2017 popcorn and evergreens.","no"
2018-01-15,14:04:45,"Vincent","Kirk","Vincent Kirk","treasurer@troop671bsa.org",115.00,"Change the email address above to your own. 
Balance after wreaths 2015. After 2017 PB tics. After 2017 popcorn and evergreens.","no"
2018-01-15,14:05:50,"Isaac","Koob","Isaac Koob","treasurer@troop671bsa.org",856.12,"Change the email address above to your own.
Balance after popcorn and wreaths 2015. After wreaths and popcorn 2016. After 2017 PB tics. After 2017 popcorn and evergreens.","no"
2018-01-15,14:07:01,"Alex","Laycock","Alex Laycock","treasurer@troop671bsa.org",1,174.30,"Change the email address below to your own email address.  Choose a security question and answer. After wreaths and popcorn 2016. After 2017 PB tics. After car wash 6/10/17. After 2017 popcorn and evergreens.","no"
2018-01-15,14:08:34,"Patrick","Naumann","Patrick Naumann","treasurer@troop671bsa.org",47.82,"Change the email below to your email address.  Choose a security question and answer. 
Balance after wreaths 2015 and PB tics 2016. After 2017 PB tics. After 2017 popcorn and evergreens.
","no"
2018-01-15,14:10:01,"Daniel ","Pawlak","Daniel Pawlak","danny.pawlak@gmail.com",561.69,"Balance after popcorn and wreaths 2015 and Amtrak payment and PB tics 2016. After 2017 troop fee. After Lowden and popcorn 2016. After 2017 PB tics. After MKJW payment of $30. After 2017 MKJW t-shirts. After $85 JAX fee. After 2018 troop fee. After 2017 popcorn and evergreens.","no"
2018-01-15,14:12:40,"Jack","Pawlak","Jack Pawlak","pawlak@gmail.com",557.40," After wreaths and popcorn 2016. After 2017 PB tics. After MKJW payment of $30. After 2017 MKJW t-shirt. After $85 JAX campout fee. After 2018 troop fee.  After 2017 popcorn and evergreens.","no"
2018-01-15,14:14:01,"Aaron","Richards","Aaron Richards","treasurer@troop671bsa.org",64.00,"Welcome to your ISA! Remember to change the email address to your own, change the Password and add a security question with an answer so if you get locked you can get back in. After 2017 PB tics. After 2017 popcorn and evergreens.","no"
2018-01-15,14:15:25,"Dylan","Richards","Dylan Richards ","treasurer@troop671bsa.org",88.00,"Change the above email address to your own. 
Balance after popcorn and wreaths 2015. After wreaths 2016. After Jamboree payment. After 2017 PB tics. After 2017 popcorn and evergreens.","no"
2018-01-15,14:16:30,"Paden","Roma","Paden Roma","treasurer@troop671bsa.org",94.07,"Please change the email address above to your own email. Set up a security question with answer. 
Balance after popcorn 2015. After popcorn 2016. After 2017 popcorn and evergreens.","no"
2018-01-15,14:17:23,"Trevor","Roma","Trevor Roma","trevor.roma@att.net",205.17,"Balance after popcorn 2015. After 2017 PB tics. After 2017 popcorn and evergreens.","no"
2018-01-15,14:17:48,"Trevor","Roma","Trevor Roma","trevor.roma@att.net",205.17,"Balance after popcorn 2015. After 2017 PB tics. After 2017 popcorn and evergreens.","no"
2018-01-15,14:19:02,"Rutvik","Sayankar","Rutvik Sayankar","treasurer@troop671bsa.org",67.55,"Welcome to your ISA! Remember to change the email address to your own, change the Password and add a security question with an answer so if you get locked you can get back in.
Congratulations! Proceeds from Popcorn and Wreaths 2014 have been added to your ISA! After 2017 PB tics. After 2017 popcorn and evergreens.","no"
2018-01-15,14:20:10,"Justin","Shamberg","Justin Shamberg","the5shams@sbcglobal.net",451.68,"Balance after popcorn and wreaths 2015 and PB tics 2016. After wreaths and popcorn 2016. After Seabase and 2017 PB tics. After 2017 Philmont Amtrak and bus. After 1st payment for Seabase 2018. After 2017 popcorn and evergreens.","no"
2018-01-15,14:22:14,"Gavin","Short","Gavin Short","gavin@theshortpeople.com",259.02,"Balance after popcorn and wreaths 2015 and $300 MKJW 2016, $400 Philmont and $75 MKJW week 2 and PB tics 2016. After wreaths and popcorn 2016. After 2017 PB tics. After 2017 popcorn and evergreens.","no"
2018-01-15,14:23:13,"Martin","Stumpf","Martin Stumpf","treasurer@troop671bsa.org",111.96,"Change the above email address to your own. Congratulations! Proceeds from Popcorn and Wreaths 2014 have been added to your ISA! After popcorn 2016. After 2017 PB tics. Also after MKJW summer camp payment. After 2017 popcorn and evergreens.","no"
2018-01-15,14:24:22,"Zach","Thomas","Zach Thomas","thomasofrlb@comcast.net",108.30,"Balance after popcorn and wreaths 2015 and 3rd Philmont installment and Amtrak and PB tics 2016. After wreaths 2016. After 2017 PB tics. After MKJW high adventure. After 2017 popcorn and evergreens.","no"
2018-01-15,14:25:20,"Reid","Walters","Reid Walters","treasurer@troop671bsa.org",194.68,"Change the above email address to your own. Balance after popcorn 2015. After 2017 PB tics. After 2017 popcorn and evergreens.","no"
2018-01-15,14:27:11,"Luke","Weber","Luke Weber","weber.law@comcast.net",508.99,"Balance after popcorn and wreaths 2015 and PB tics 2016. After wreaths and popcorn 2016. After 2017 PB tics. After 2018 troop fee of $60. After 2017 boo camp t-shirt. After 2017 popcorn and evergreens. After lifetime NESA membership of $250.","no"
2018-01-15,14:28:08,"Mason","Womack","Mason Womack","treasurer@troop671bsa.org",539.40,"Change the above email address to your own. 
Balance after popcorn and wreaths 2015. After wreaths and popcorn 2016. After 2017 PB tics. After scout dues of $60 for 2018 year. After 2017 popcorn and evergreens.","no"
2018-01-15,14:29:51,"Nicholas","Zblewski","Nick Zblewski","zblewskis@comcast.net",0.00,"Balance after 33% popcorn. Paid 5% popcorn to you and reimbursed OA dues and NYLT shirt. Also after Venture Crew shirt, OA buckle and polo. Also after MKJW, 2015 NYLT and 2016 camp shirt and PB tics 2016. Paid 2017 troop fee. After Eagle reimbursement of $318.13. After transfer to crew of $104.50.","no"
2018-01-24,15:09:56,"Sumanth","Muthukrishnan","Sumanth Muthukrishnan","treasurer@troop671bsa.org",39.50,""
2018-01-24,15:10:55,"Sumanth","Muthukrishnan","Sumanth Muthukrishnan","treasurer@troop671bsa.org",39.50,"Change the email address below to your own email address.  Choose a security question and answer. ","no"
2018-01-24,15:12:38,"Samuel","Sheedy","Samuel Sheedy","treasurer@troop671bsa.org",26.10,"Change the email address below to your own email address.  Choose a security question and answer. After 2017 popcorn and evergreens."
2018-01-24,15:13:09,"Sumanth","Muthukrishnan","Sumanth Muthukrishnan","treasurer@troop671bsa.org",39.50,"Change the email address below to your own email address.  Choose a security question and answer. After 2017 popcorn and evergreens.","no"
2018-02-06,13:12:46,"Justin","Shamberg","Justin Shamberg","the5shams@sbcglobal.net",62.62,"Balance after popcorn and wreaths 2015 and PB tics 2016. After wreaths and popcorn 2016. After Seabase and 2017 PB tics. After 2017 Philmont Amtrak and bus. After 1st payment for Seabase 2018. After 2017 popcorn and evergreens. After Seabase 2018 payment #2.","no"
2018-02-06,13:14:15,"Luke","Weber","Luke Weber","weber.law@comcast.net",423.99,"Balance after popcorn and wreaths 2015 and PB tics 2016. After wreaths and popcorn 2016. After 2017 PB tics. After 2018 troop fee of $60. After 2017 boo camp t-shirt. After 2017 popcorn and evergreens. After lifetime NESA membership of $250. After Camp Gerber pymt.","no"
2018-02-27,08:36:29,"Alex","Laycock","Alex Laycock","kimlaycock67@gmail.com",199.30,"Change the email address below to your own email address.  Choose a security question and answer. After wreaths and popcorn 2016. After 2017 PB tics. After car wash 6/10/17. After 2017 popcorn and evergreens. After World Jamboree $850 and MJKW deposit $125.","no"
2018-02-28,05:19:11,"Daniel ","Pawlak","Daniel Pawlak","danny.pawlak@gmail.com",526.69,"Balance after popcorn and wreaths 2015 and Amtrak payment and PB tics 2016. After 2017 troop fee. After Lowden and popcorn 2016. After 2017 PB tics. After MKJW payment of $30. After 2017 MKJW t-shirts. After $85 JAX fee. After 2018 troop fee. After 2017 popcorn and evergreens. After Camp Lowden 2018.","no"
2018-02-28,05:19:48,"Jack","Pawlak","Jack Pawlak","pawlak@gmail.com",522.40," After wreaths and popcorn 2016. After 2017 PB tics. After MKJW payment of $30. After 2017 MKJW t-shirt. After $85 JAX campout fee. After 2018 troop fee.  After 2017 popcorn and evergreens.","no"
2018-04-29,14:02:00,"Noah","Adrian","Noah Adrian","treasurer@troop671bsa.org",596.38,"Change the email address below to your own email .address.  Choose a security question and answer. After wreaths and popcorn 2016. After MKJW winter 2017 and PB tics 2017.","no"
2018-06-05,18:37:56,"Noah","Adrian","Noah Adrian","treasurer@troop671bsa.org",596.38,"Change the email address below to your own email .address.  Choose a security question and answer. After wreaths and popcorn 2016. After MKJW winter 2017 and PB tics 2017.","no"
2018-06-06,11:07:34,"Noah","Adrian","Noah Adrian","adrian18547@aol.com",436.38,"Change the email address below to your own email .address.  Choose a security question and answer. After wreaths and popcorn 2016. After MKJW winter 2017 and PB tics 2017.","no"
2018-07-10,18:14:41,"Patrick","Naumann","Patrick Naumann","treasurer@troop671bsa.org",47.82,"Change the email below to your email address.  Choose a security question and answer. 
Balance after wreaths 2015 and PB tics 2016. After 2017 PB tics. After 2017 popcorn and evergreens.
","no"
2018-07-20,13:42:21,"Patrick","Naumann","Patrick Naumann","patrick.naumann@ymail.com",35.56,"Change the email below to your email address.  Choose a security question and answer. 
Balance after wreaths 2015 and PB tics 2016. After 2017 PB tics. After 2017 popcorn and evergreens.
","no"
2018-08-14,14:38:03,"Noah","Aldrin","Noah Aldrin","treasurer@troop671bsa.org",50.00,"Change the email address below to your own email address.  Choose a security question and answer. After 2017 PB tics","no"
2018-08-14,14:38:59,"Joe","Barber","Joe Barber","mabar7@gmail.com",163.22,"Change the email address below to your own email address.  Choose a security question and answer. After wreaths 2016. After PB tics 2017. After car wash 6/10/17. After 2017 troop fee.","no"
2018-08-14,14:39:32,"Elijah","Baugh","Elijah Baugh","treasurer@troop671bsa.org",0.00,"Change the email address below to your own email address.  Choose a security question and answer. ","yes"
2018-08-14,14:39:48,"Arjun","Arun","Arjun Arun","treasurer@troop671bsa.org",78.78,"Welcome to your ISA! Remember to change the email address to your own, change the Password and add a security question with an answer so if you get locked you can get back in.","yes"
2018-08-14,14:40:24,"Chris","DelVecchio","Chris Delvecchio","ketsl@att.net",,"Balance after popcorn and wreaths 2015 and PB tics  2016. After 2017 recharter fee & boo camp shirt and Camp Timber.","yes"
2018-08-14,14:42:08,"Giovanni","Cava","Giovanni Cava","treasurer@troop671bsa.org",,""
2018-08-14,14:45:11,"Giovanni","Cava","Giovanni Cava","treasurer@troop671bsa.org",12,"Please update your email address above.","no"
2018-08-14,14:47:58,"Daniel","Cutting","Daniel Cutting","treasurer@troop671bsa.org",27,"Please update your email address above."
2018-08-14,14:49:01,"Grant","Fadlovich","Grant Fadlovich","treasurer@troop671bsa.org",0.00,"Change the email address below to your own email address.  Choose a security question and answer. ","yes"
2018-08-14,14:50:25,"Greyson","Fout","Greyson Fout","greysonfout@hotmail.com",309.81,"Balance after popcorn and wreaths 2015 and PB tics 2016. After wreaths and popcorn 2016. After PB tics 2017. After car wash 6/10/17. After Seabase 2018 payment of $389. After 2017 popcorn and evergreens. After 2018 PB and car wash.","no"
2018-08-14,14:52:13,"Noah","Adrian","Noah Adrian","adrian18547@aol.com",436.38,"Change the email address below to your own email .address.  Choose a security question and answer. After wreaths and popcorn 2016. After MKJW winter 2017 and PB tics 2017. After troop fee, popcorn and MKJW summer 17/18.","no"
2018-08-14,14:53:05,"Jacob","Adrian","Jacob Adrian","adrian18547@aol.com",149.43,"Balance after popcorn and wreaths 2015 and MKJW  payment of $150 and PB tickets and car wash. Wreaths 2016 applied. Deducted MKJW winter camp 2017 and PB tics 2017 were added. After 2017 popcorn and evergreens. ","no"
2018-08-14,14:54:38,"Noah","Adrian","Noah Adrian","adrian18547@aol.com",436.38,"Change the email address below to your own email .address.  Choose a security question and answer. After wreaths and popcorn 2016. After MKJW winter 2017 and PB tics 2017. After 2017 troop fee, 2017 popcorn and 2018 MKJW summer.","no"
2018-08-14,14:55:09,"Noah","Aldrin","Noah Aldrin","treasurer@troop671bsa.org",50.00,"Change the email address below to your own email address.  Choose a security question and answer. After 2017 PB tics. After 2018 PB tics.","no"
2018-08-14,14:56:06,"Joe","Barber","Joe Barber","mabar7@gmail.com",163.22,"Change the email address below to your own email address.  Choose a security question and answer. After wreaths 2016. After PB tics 2017. After car wash 6/10/17. After 2017 troop fee. After 2018 PB tics and car wash.","no"
2018-08-14,14:56:31,"Spencer","Burton","Spencer Burton","Heidimburton@comcast.net",337.00," Balance after wreaths 2015, Philmont and PB tics 2016. After wreaths 2016. After 2017 PB tics. After 2017 popcorn and evergreens.","no"
2018-08-14,14:57:16,"Giovanni","Cava","Giovanni Cava","treasurer@troop671bsa.org",12,"Please update your email address above. After 2018 PB tics.","no"
2018-08-14,14:58:07,"Daniel","Cutting","Daniel Cutting","treasurer@troop671bsa.org",27,"Please update your email address above. After 2018 PB tics.","no"
2018-08-14,14:58:48,"James","Edwards","James Edwards","treasurer@troop671bsa.org",25.00,"Welcome to your ISA! Remember to change the email address to your own, change the Password and add a security question with an answer so if you get locked you can get back in. After 2017 PB tics.","no"
2018-08-14,14:59:30,"Greyson","Fout","Greyson Fout","greysonfout@hotmail.com",309.81,"Balance after popcorn and wreaths 2015 and PB tics 2016. After wreaths and popcorn 2016. After PB tics 2017. After car wash 6/10/17. After Seabase 2018 payment of $389. After 2017 popcorn and evergreens. After 2018 PB and car wash.","no"
2018-08-14,15:02:32,"Connor ","Gaecke","Connor Gaecke","treasurer@troop671bsa.org",,"Welcome to your ISA! Remember to change the email address to your own, change the Password and add a security question with an answer so if you get locked you can get back in.","yes"
2018-08-14,15:03:03,"Christian","Grams","Christian Grams","treasurer@troop671bsa.org",62.25," Please change your email address from mine to yours. Balance after popcorn and wreaths 2015 and PB tics 2016. After wreaths 2016. After your Eagle project reimbursement of $307.26","yes"
2018-08-14,15:03:32,"Jack","Haack","Jack Haack","treasurer@troop671bsa.org",0.00,"Change the email address below to your own email address.  Choose a security question and answer. ","yes"
2018-08-14,15:04:06,"Derek","Jahn","Derek Jahn","treasurer@troop671bsa.org",0.00,"Change the email address below to your own email address.  Choose a security question and answer. ","yes"
2018-08-14,15:05:39,"Leith","Hoffman","Leith Hoffman","treasurer@troop671bsa.org",49.00,"Please update your email address above. After 2018 PB tics."
2018-08-14,15:06:54,"William","Jeffries","William Jeffries","wrdj0621@gmail.com",672.01,"After 10/15 Philmont 2016 payment of $385 and PB tics 2016.
Balance after popcorn and wreaths 2015. After wreaths 2016, Jambo and OKPIK. After 2017 PB tics. After car wash 6/10/17. After $249.27 Eagle reimbursement. After $500 Jamboree reimbursement. After 2017 popcorn and evergreens. After 2018 PB and car wash.","no"
2018-08-14,15:08:21,"Joe","Johnston","Joe Johnston","treasurer@troop671bsa.org",26.00,"Change the email below to your email address.  Choose a security question and answer. ","yes"
2018-08-14,15:09:48,"Aaron","Katz","Aaron Katz","treasurer@troop671bsa.org",20.00,"Please update your email address above. After 2018 PB tics."
2018-08-14,15:11:03,"Noah","Katz","Noah Katz","treasurer@troop671bsa.org",20.00,"Please update your email address above. After 2018 PB tics."
2018-08-14,15:12:04,"Johnathan","Kellogg","Johnathan Kellogg","JAKellogg1@comcast.net",747.55,"Balance after wreaths 2015. After Jambo and wreaths 2016. After 2017 PB tics. After car wash 6/10/17. After 2017 popcorn and evergreens. After 2018 PB tics.","no"
2018-08-14,15:13:08,"Vincent","Kirk","Vincent Kirk","treasurer@troop671bsa.org",120.00,"Change the email address above to your own. 
Balance after wreaths 2015. After 2017 PB tics. After 2017 popcorn and evergreens. After 2018 PB tics.","no"
2018-08-14,15:14:01,"Isaac","Koob","Isaac Koob","treasurer@troop671bsa.org",885.12,"Change the email address above to your own.
Balance after popcorn and wreaths 2015. After wreaths and popcorn 2016. After 2017 PB tics. After 2017 popcorn and evergreens. After 2018 PB tics.","no"
2018-08-14,16:12:03,"Liam","Korecky","Liam Korecky","koreckyp@yahoo.com",,"Balance after wreaths 2015. Moved to Crew.","yes"
2018-08-14,16:12:25,"Lucas","Kyllmann","Lucas Kyllmann","treasurer@troop671bsa.org",,"Change the email address below to your own. Choose a security question and answer. 
Balance after wreaths 2015.","yes"
2018-08-14,16:12:43,"Mathias","Kyllmann","Mathias Kyllmann","treasurer@troop671bsa.org",,"Change the email address below to your own. Choose a security question and an answer. ","yes"
2018-08-14,16:16:26,"Alex","Laycock","Alex Laycock","ALaycock1234@gmail.com",3.30,"Change the email address below to your own email address.  Choose a security question and answer. After wreaths and popcorn 2016. After 2017 PB tics. After car wash 6/10/17. After 2017 popcorn and evergreens. After World Jamboree $850 and MJKW deposit $125. After 2018 PB tics and World Jamboree pymt.","no"
2018-08-14,16:18:08,"Liam","Maag","Liam Maag","KMaag@Comcast.net",0.00,"Balance after popcorn and wreaths 2015.","yes"
2018-08-14,16:19:09,"Andrew","Miller","Andrew Miller","treasurer@troop671bsa.org",0.0,"In the E-mail field please delete mine and insert 
yours. 
After 2017 recharter fee","yes"
2018-08-14,16:20:27,"Tyler","Montano","Tyler Montano","treasurer@troop671bsa.org",247.20,"Change the email address below to your own email address.  Choose a security question and answer. After popcorn 2016. After 2017 PB tics. After 2018 MKJW tshirt (no request).","no"
2018-08-14,16:22:30,"Zachary","Morrey","Zachary Morrey","treasurer@troop671bsa.org",25.00,""
2018-08-14,16:23:05,"Zachary","Morrey","Zachary Morrey","treasurer@troop671bsa.org",25.00,"Change the email address below to your own email address.  Choose a security question and answer.","no"
2018-08-14,16:23:28,"Zachary","Morrey","Zachary Morrey","treasurer@troop671bsa.org",25.00,"Change the email address below to your own email address.  Choose a security question and answer. After 2018 PB tics.","no"
2018-08-14,16:25:09,"Sumanth","Muthukrishnan","Sumanth Muthukrishnan","treasurer@troop671bsa.org",59.06,"Change the email address below to your own email address.  Choose a security question and answer. After 2017 popcorn and evergreens. After car wash 6/16/18.","no"
2018-08-14,16:28:28,"Patrick","Naumann","Patrick Naumann","patrick.naumann@ymail.com",55.56,"Change the email below to your email address.  Choose a security question and answer. 
Balance after wreaths 2015 and PB tics 2016. After 2017 PB tics. After 2017 popcorn and evergreens. After 2018 PB tics and Eagle expenses.
","no"
2018-08-14,16:28:58,"Eric","Niesen","Eric Niesen","treasurer@troop671bsa.org",0.00,"Welcome to your ISA! Remember to change the email address to your own, change the Password and add a security question with an answer so if you get locked you can get back in. 
Balance after wreaths 2015.","yes"
2018-08-14,16:30:44,"Daniel ","Pawlak","Daniel Pawlak","danny.pawlak@gmail.com",551.69,"Balance after popcorn and wreaths 2015 and Amtrak payment and PB tics 2016. After 2017 troop fee. After Lowden and popcorn 2016. After 2017 PB tics. After MKJW payment of $30. After 2017 MKJW t-shirts. After $85 JAX fee. After 2018 troop fee. After 2017 popcorn and evergreens. After Camp Lowden 2018. After 2018 PB tics.","no"
2018-08-14,16:31:28,"Jack","Pawlak","Jack Pawlak","pawlak@gmail.com",547.40," After wreaths and popcorn 2016. After 2017 PB tics. After MKJW payment of $30. After 2017 MKJW t-shirt. After $85 JAX campout fee. After 2018 troop fee.  After 2017 popcorn and evergreens. After 2018 PB tics.","no"
2018-08-14,16:32:41,"Joseph","Pec","Joseph Pec","treasurer@troop671bsa.org",25.00,"Change the email address below to your own email address.  Choose a security question and answer. After 2018 PB tics."
2018-08-14,16:33:46,"Robert","Remedi","Robert Remedi","treasurer@troop671bsa.org",0.00,"Change the email address below to your own email address.  Choose a security question and answer. ","yes"
2018-08-14,16:35:48,"Aaron","Richards","Aaron Richards","treasurer@troop671bsa.org",89.00,"Welcome to your ISA! Remember to change the email address to your own, change the Password and add a security question with an answer so if you get locked you can get back in. After 2017 PB tics. After 2017 popcorn and evergreens. After 2018 PB tics.","no"
2018-08-14,16:36:48,"Dylan","Richards","Dylan Richards ","treasurer@troop671bsa.org",113.00,"Change the above email address to your own. 
Balance after popcorn and wreaths 2015. After wreaths 2016. After Jamboree payment. After 2017 PB tics. After 2017 popcorn and evergreens. After 2018 PB tics.","no"
2018-08-14,16:37:29,"Paden","Roma","Paden Roma","treasurer@troop671bsa.org",96.07,"Please change the email address above to your own email. Set up a security question with answer. 
Balance after popcorn 2015. After popcorn 2016. After 2017 popcorn and evergreens. After 2018 PB tics.","no"
2018-08-14,16:38:17,"Trevor","Roma","Trevor Roma","trevor.roma@att.net",213.17,"Balance after popcorn 2015. After 2017 PB tics. After 2017 popcorn and evergreens.  After 2018 PB tics.","no"
2018-08-14,16:38:42,"Ian","Saenz","Ian Saenz","treasurer@troop671bsa.org",0.00,"Change the email address below to your own email address.  Choose a security question and answer. ","yes"
2018-08-14,16:40:11,"Vedant","Sayankar","Vedant Sayankar","treasurer@troop671bsa.org",,"Change the email address below to your own email address.  Choose a security question and answer. After 2018 PB tics."
2018-08-14,16:40:37,"Vedant","Sayankar","Vedant Sayankar","treasurer@troop671bsa.org",11.00,"Change the email address below to your own email address.  Choose a security question and answer. After 2018 PB tics.","no"
2018-08-14,16:41:18,"Eric","Schmidt","Eric Schmidt","schmidt6134@comcast.net",0.00,"After 2016 dues, wreaths 2015 and Lakota and PB tics 2016","no"
2018-08-14,16:41:32,"Eric","Schmidt","Eric Schmidt","schmidt6134@comcast.net",0.00,"After 2016 dues, wreaths 2015 and Lakota and PB tics 2016","yes"
2018-08-14,16:42:00,"Ansh","Shah","Ansh Shah","treasurer@troop671bsa.org",29.00,"Change the email address below to your own email address.  Choose a security question and answer. After 2017 PB tics.","yes"
2018-08-14,16:42:57,"Justin","Shamberg","Justin Shamberg","the5shams@sbcglobal.net",116.06,"Balance after popcorn and wreaths 2015 and PB tics 2016. After wreaths and popcorn 2016. After Seabase and 2017 PB tics. After 2017 Philmont Amtrak and bus. After 1st payment for Seabase 2018. After 2017 popcorn and evergreens. After Seabase 2018 payment #2. After 2018 PB tics and car wash.","no"
2018-08-14,16:44:04,"Gavin","Short","Gavin Short","gavin@theshortpeople.com",284.02,"Balance after popcorn and wreaths 2015 and $300 MKJW 2016, $400 Philmont and $75 MKJW week 2 and PB tics 2016. After wreaths and popcorn 2016. After 2017 PB tics. After 2017 popcorn and evergreens. After PB tics.","no"
2018-08-14,16:44:59,"Matthew","Sierzega","Matthew Sierzega","treasurer@troop671bsa.org",511.08,"Welcome to your ISA! In the E-mail field please update to your email address. Choose your own password and security question. After 2017 PB tics. After 2018 PB tics.","no"
2018-08-14,16:45:52,"James","Silvasy","James Silvasy","james.silvasyjr@gmail.com",50.00,"After your 2017 MKJW payment and PB ticket sales. After 2018 PB tics.","no"
2018-08-14,16:46:18,"Jake","Smith","Jake Smith","treasurer@troop671bsa.org",0.00,"Change the above email address to yours. Congratulations! Proceeds from Popcorn and Wreaths 2014 have been added to your ISA!","yes"
2018-08-14,18:27:58,"Martin","Stumpf","Martin Stumpf","treasurer@troop671bsa.org",136.96,"Change the above email address to your own. Congratulations! Proceeds from Popcorn and Wreaths 2014 have been added to your ISA! After popcorn 2016. After 2017 PB tics. Also after MKJW summer camp payment. After 2017 popcorn and evergreens. After 2018 PB tics","no"
2018-08-14,18:28:57,"Arthur","Terrones","Arthur Terrones","treasurer@troop671bsa.org",321.08,"Change the email address below to your own email address.  Choose a security question and answer. After popcorn 2016.","yes"
2018-08-14,18:29:31,"Zach","Thomas","Zach Thomas","thomasofrlb@comcast.net",133.30,"Balance after popcorn and wreaths 2015 and 3rd Philmont installment and Amtrak and PB tics 2016. After wreaths 2016. After 2017 PB tics. After MKJW high adventure. After 2017 popcorn and evergreens. After 2018 PB tics.","no"
2018-08-14,18:29:49,"Brennan","Vrba","Brennan Vrba","treasurer@troop671bsa.org",82.00,"Change the email address below to your own email address.  Choose a security question and answer. Balance after wreaths 2015. After wreaths 2016.","yes"
2018-08-14,18:30:19,"Reid","Walters","Reid Walters","treasurer@troop671bsa.org",219.68,"Change the above email address to your own. Balance after popcorn 2015. After 2017 PB tics. After 2017 popcorn and evergreens. After 2018 PB tics.","no"
2018-08-14,18:32:15,"Connor","White","Connor White","treasurer@troop671bsa.org",25.00,"Change the email address below to your own email address.  Choose a security question and answer. After 2018 PB tics."
2018-08-14,18:32:45,"Ryan","Young","Ryan Young","treasurer@troop671bsa.org",0.00,"Change the email address below to your own email address.  Choose a security question and answer. ","yes"
2018-08-14,18:33:59,"Luke","Weber","Luke Weber","weber.law@comcast.net",451.99,"Balance after popcorn and wreaths 2015 and PB tics 2016. After wreaths and popcorn 2016. After 2017 PB tics. After 2018 troop fee of $60. After 2017 boo camp t-shirt. After 2017 popcorn and evergreens. After lifetime NESA membership of $250. After Camp Gerber pymt. After 2018 PB tics.","no"
2018-08-21,08:03:53,"Gavin","Short","Gavin Short","gavin@theshortpeople.com",84.02,"Balance after popcorn and wreaths 2015 and $300 MKJW 2016, $400 Philmont and $75 MKJW week 2 and PB tics 2016. After wreaths and popcorn 2016. After 2017 PB tics. After 2017 popcorn and evergreens. After 2018 PB tics. After final Seabase payment.","no"
2018-08-21,08:05:42,"Gavin","Short","Gavin Short","gavin@theshortpeople.com",84.02,"Balance after popcorn and wreaths 2015 and $300 MKJW 2016, $400 Philmont and $75 MKJW week 2 and PB tics 2016. After wreaths and popcorn 2016. After 2017 PB tics. After 2017 popcorn and evergreens. After 2018 PB tics. After final Seabase payment.","no"
2018-08-21,13:13:10,"Gavin","Short","Gavin Short","gavin@theshortpeople.com",82.81,"Balance after popcorn and wreaths 2015 and $300 MKJW 2016, $400 Philmont and $75 MKJW week 2 and PB tics 2016. After wreaths and popcorn 2016. After 2017 PB tics. After 2017 popcorn and evergreens. After 2018 PB tics. After final Seabase payment of $201.21.","no"
2018-10-01,14:39:31,"William","Jeffries","William Jeffries","wrdj0621@gmail.com",237.01,"After 10/15 Philmont 2016 payment of $385 and PB tics 2016.
Balance after popcorn and wreaths 2015. After wreaths 2016, Jambo and OKPIK. After 2017 PB tics. After car wash 6/10/17. After $249.27 Eagle reimbursement. After $500 Jamboree reimbursement. After 2017 popcorn and evergreens. After 2018 PB and car wash. After 1st installment 2019 Philmont.","no"
2018-10-01,14:41:30,"Daniel ","Pawlak","Daniel Pawlak","danny.pawlak@gmail.com",116.69,"Balance after popcorn and wreaths 2015 and Amtrak payment and PB tics 2016. After 2017 troop fee. After Lowden and popcorn 2016. After 2017 PB tics. After MKJW payment of $30. After 2017 MKJW t-shirts. After $85 JAX fee. After 2018 troop fee. After 2017 popcorn and evergreens. After Camp Lowden 2018. After 2018 PB tics. After 1st installment 2019 Philmont.","no"
2018-10-01,14:42:24,"Jack","Pawlak","Jack Pawlak","pawlak@gmail.com",112.40," After wreaths and popcorn 2016. After 2017 PB tics. After MKJW payment of $30. After 2017 MKJW t-shirt. After $85 JAX campout fee. After 2018 troop fee.  After 2017 popcorn and evergreens. After 2018 PB tics. After 1st installment 2019 Philmont.","no"
2018-10-01,14:43:39,"Gavin","Short","Gavin Short","gavin@theshortpeople.com",75.81,"Balance after popcorn and wreaths 2015 and $300 MKJW 2016, $400 Philmont and $75 MKJW week 2 and PB tics 2016. After wreaths and popcorn 2016. After 2017 PB tics. After 2017 popcorn and evergreens. After 2018 PB tics. After final Seabase payment of $201.21. After 2018 Boo camp t-shirt.","no"
2018-10-04,12:13:11,"Rutvik","Sayankar","Rutvik Sayankar","treasurer@troop671bsa.org",67.55,"Welcome to your ISA! Remember to change the email address to your own, change the Password and add a security question with an answer so if you get locked you can get back in.
Congratulations! Proceeds from Popcorn and Wreaths 2014 have been added to your ISA! After 2017 PB tics. After 2017 popcorn and evergreens.","no"
2018-10-04,12:14:07,"Vedant","Sayankar","Vedant Sayankar","treasurer@troop671bsa.org",11.00,"Change the email address below to your own email address.  Choose a security question and answer. After 2018 PB tics.","no"
2018-10-09,18:26:53,"Luke","Weber","Luke Weber","weber.law@comcast.net",39199,"Balance after popcorn and wreaths 2015 and PB tics 2016. After wreaths and popcorn 2016. After 2017 PB tics. After 2018 troop fee of $60. After 2017 boo camp t-shirt. After 2017 popcorn and evergreens. After lifetime NESA membership of $250. After Camp Gerber pymt. After 2018 PB tics. After troop fee for 2019.","no"
2018-10-15,14:47:01,"Spencer","Burton","Spencer Burton","Heidimburton@comcast.net",337.00," Balance after wreaths 2015, Philmont and PB tics 2016. After wreaths 2016. After 2017 PB tics. After 2017 popcorn and evergreens.","no"
2018-10-15,14:49:59,"Joe","Barber","Joe Barber","mabar7@gmail.com",163.22,"Change the email address below to your own email address.  Choose a security question and answer. After wreaths 2016. After PB tics 2017. After car wash 6/10/17. After 2017 troop fee. After 2018 PB tics and car wash.","no"
2018-10-16,18:41:55,"Sumanth","Muthukrishnan","Sumanth Muthukrishnan","treasurer@troop671bsa.org",59.06,"Change the email address below to your own email address.  Choose a security question and answer. After 2017 popcorn and evergreens. After car wash 6/16/18.","no"
2018-10-16,18:58:12,"Joe","Barber","Joe Barber","mabar7@gmail.com",103.22,"Change the email address below to your own email address.  Choose a security question and answer. After wreaths 2016. After PB tics 2017. After car wash 6/10/17. After 2017 troop fee. After 2018 PB tics and car wash. After 2018 troop dues.","no"
2018-10-18,13:46:07,"Sumanth","Muthukrishnan","Sumanth Muthukrishnan","treasurer@troop671bsa.org",4.06,"Change the email address below to your own email address.  Choose a security question and answer. After 2017 popcorn and evergreens. After car wash 6/16/18. After $55 pymt for Eagle Cave.","no"
2018-10-25,12:17:19,"Spencer","Burton","Spencer Burton","Heidimburton@comcast.net",277.00," Balance after wreaths 2015, Philmont and PB tics 2016. After wreaths 2016. After 2017 PB tics. After 2017 popcorn and evergreens. After troop fees for 2019 $60.","no"
2018-10-30,17:59:32,"Rutvik","Sayankar","Rutvik Sayankar","rutvikts@gmail.com",7.55,"Welcome to your ISA! Remember to change the email address to your own, change the Password and add a security question with an answer so if you get locked you can get back in.
Congratulations! Proceeds from Popcorn and Wreaths 2014 have been added to your ISA! After 2017 PB tics. After 2017 popcorn and evergreens. After troop dues for 2019.","no"
2018-10-31,11:47:47,"Daniel ","Pawlak","Daniel Pawlak","danny.pawlak@gmail.com",56.69,"Balance after popcorn and wreaths 2015 and Amtrak payment and PB tics 2016. After 2017 troop fee. After Lowden and popcorn 2016. After 2017 PB tics. After MKJW payment of $30. After 2017 MKJW t-shirts. After $85 JAX fee. After 2018 troop fee. After 2017 popcorn and evergreens. After Camp Lowden 2018. After 2018 PB tics. After 1st installment 2019 Philmont. After troop fee of $60 for 2019.","no"
2018-10-31,11:48:22,"Jack","Pawlak","Jack Pawlak","pawlak@gmail.com",52.40," After wreaths and popcorn 2016. After 2017 PB tics. After MKJW payment of $30. After 2017 MKJW t-shirt. After $85 JAX campout fee. After 2018 troop fee.  After 2017 popcorn and evergreens. After 2018 PB tics. After 1st installment 2019 Philmont. After troop fee of $60 for 2019.","no"
2018-10-31,11:48:40,"Jack","Pawlak","Jack Pawlak","pawlak@gmail.com",52.40," After wreaths and popcorn 2016. After 2017 PB tics. After MKJW payment of $30. After 2017 MKJW t-shirt. After $85 JAX campout fee. After 2018 troop fee.  After 2017 popcorn and evergreens. After 2018 PB tics. After 1st installment 2019 Philmont. After troop fee of $60 for 2019.","no"
2018-11-06,05:32:53,"Giovanni","Cava","Giovanni Cava","treasurer@troop671bsa.org",12,"Please update your email address above. After 2018 PB tics.","no"
2018-11-06,05:33:16,"Giovanni","Cava","Giovanni Cava","treasurer@troop671bsa.org",12,"Please update your email address above. After 2018 PB tics.","no"
2018-11-11,08:27:41,"Giovanni","Cava","Giovanni Cava","anjaandgiosmom@gmail.com",61.90,"Please update your email address above. After 2018 PB tics. After 2018 evergreens, popcorn and troop fee for 2019.","no"
2018-11-11,08:28:49,"Noah","Adrian","Noah Adrian","adrian18547@aol.com",476.38,"Change the email address below to your own email .address.  Choose a security question and answer. After wreaths and popcorn 2016. After MKJW winter 2017 and PB tics 2017. After 2017 troop fee, 2017 popcorn and 2018 MKJW summer. After 2018 evergreens.","no"
2018-11-11,08:30:07,"Spencer","Burton","Spencer Burton","Heidimburton@comcast.net",352.00," Balance after wreaths 2015, Philmont and PB tics 2016. After wreaths 2016. After 2017 PB tics. After 2017 popcorn and evergreens. After troop fees for 2019 $60. After 2018 evergreens.","no"
2018-11-11,08:30:54,"Greyson","Fout","Greyson Fout","greysonfout@hotmail.com",344.81,"Balance after popcorn and wreaths 2015 and PB tics 2016. After wreaths and popcorn 2016. After PB tics 2017. After car wash 6/10/17. After Seabase 2018 payment of $389. After 2017 popcorn and evergreens. After 2018 PB and car wash. After 2018 evergreens.","no"
2018-11-11,08:32:22,"William","Jeffries","William Jeffries","wrdj0621@gmail.com",452.01,"After 10/15 Philmont 2016 payment of $385 and PB tics 2016.
Balance after popcorn and wreaths 2015. After wreaths 2016, Jambo and OKPIK. After 2017 PB tics. After car wash 6/10/17. After $249.27 Eagle reimbursement. After $500 Jamboree reimbursement. After 2017 popcorn and evergreens. After 2018 PB and car wash. After 1st installment 2019 Philmont. After 2018 evergreens and popcorn.","no"
2018-11-11,08:33:22,"Johnathan","Kellogg","Johnathan Kellogg","JAKellogg1@comcast.net",837.55,"Balance after wreaths 2015. After Jambo and wreaths 2016. After 2017 PB tics. After car wash 6/10/17. After 2017 popcorn and evergreens. After 2018 PB tics. After 2018 evergreens.","no"
2018-11-11,08:33:58,"Vincent","Kirk","Vincent Kirk","treasurer@troop671bsa.org",135.00,"Change the email address above to your own. 
Balance after wreaths 2015. After 2017 PB tics. After 2017 popcorn and evergreens. After 2018 PB tics. After 2018 evergreens.","no"
2018-11-11,08:35:08,"Isaac","Koob","Isaac Koob","treasurer@troop671bsa.org",825.12,"Change the email address above to your own.
Balance after popcorn and wreaths 2015. After wreaths and popcorn 2016. After 2017 PB tics. After 2017 popcorn and evergreens. After 2018 PB tics. After Eagle Cave and 2018 evergreens.","no"
2018-11-11,08:36:46,"Daniel ","Pawlak","Daniel Pawlak","danny.pawlak@gmail.com",204.69,"Balance after popcorn and wreaths 2015 and Amtrak payment and PB tics 2016. After 2017 troop fee. After Lowden and popcorn 2016. After 2017 PB tics. After MKJW payment of $30. After 2017 MKJW t-shirts. After $85 JAX fee. After 2018 troop fee. After 2017 popcorn and evergreens. After Camp Lowden 2018. After 2018 PB tics. After 1st installment 2019 Philmont. After troop fee of $60 for 2019. After 2018 popcorn.","no"
2018-11-11,08:37:23,"Jack","Pawlak","Jack Pawlak","pawlak@gmail.com",200.40," After wreaths and popcorn 2016. After 2017 PB tics. After MKJW payment of $30. After 2017 MKJW t-shirt. After $85 JAX campout fee. After 2018 troop fee.  After 2017 popcorn and evergreens. After 2018 PB tics. After 1st installment 2019 Philmont. After troop fee of $60 for 2019. After 2018 popcorn.","no"
2018-11-11,08:39:15,"Aaron","Richards","Aaron Richards","treasurer@troop671bsa.org",190.75,"Welcome to your ISA! Remember to change the email address to your own, change the Password and add a security question with an answer so if you get locked you can get back in. After 2017 PB tics. After 2017 popcorn and evergreens. After 2018 PB tics. After 2018 popcorn.","no"
2018-11-11,08:39:45,"Dylan","Richards","Dylan Richards ","treasurer@troop671bsa.org",153.00,"Change the above email address to your own. 
Balance after popcorn and wreaths 2015. After wreaths 2016. After Jamboree payment. After 2017 PB tics. After 2017 popcorn and evergreens. After 2018 PB tics. After 2018 evergreens.","no"
2018-11-11,08:41:23,"Vedant","Sayankar","Vedant Sayankar","vedant.sayankar@gmail.com",418.00,"Change the email address below to your own email address.  Choose a security question and answer. After 2018 PB tics. After 2018 popcorn.","no"
2018-11-11,08:42:32,"Justin","Shamberg","Justin Shamberg","the5shams@sbcglobal.net",328.11,"Balance after popcorn and wreaths 2015 and PB tics 2016. After wreaths and popcorn 2016. After Seabase and 2017 PB tics. After 2017 Philmont Amtrak and bus. After 1st payment for Seabase 2018. After 2017 popcorn and evergreens. After Seabase 2018 payment #2. After 2018 PB tics and car wash. After 2018 evergreens and popcorn.","no"
2018-11-11,08:43:32,"Gavin","Short","Gavin Short","gavin@theshortpeople.com",115.81,"Balance after popcorn and wreaths 2015 and $300 MKJW 2016, $400 Philmont and $75 MKJW week 2 and PB tics 2016. After wreaths and popcorn 2016. After 2017 PB tics. After 2017 popcorn and evergreens. After 2018 PB tics. After final Seabase payment of $201.21. After 2018 Boo camp t-shirt. After 2018 evergreens.","no"
2018-11-11,08:45:10,"Zach","Thomas","Zach Thomas","thomasofrlb@comcast.net",163.30,"Balance after popcorn and wreaths 2015 and 3rd Philmont installment and Amtrak and PB tics 2016. After wreaths 2016. After 2017 PB tics. After MKJW high adventure. After 2017 popcorn and evergreens. After 2018 PB tics. After 2018 evergreens.","no"
2018-11-11,08:46:28,"Luke","Weber","Luke Weber","weber.law@comcast.net",512.29,"Balance after popcorn and wreaths 2015 and PB tics 2016. After wreaths and popcorn 2016. After 2017 PB tics. After 2018 troop fee of $60. After 2017 boo camp t-shirt. After 2017 popcorn and evergreens. After lifetime NESA membership of $250. After Camp Gerber pymt. After 2018 PB tics. After troop fee for 2019. After 2018 evergreens and popcorn.","no"
2018-11-27,12:58:29,"Alex","Osterman","Alex Osterman","Gizmo0692@me.com",0.00,"After 2018 troop fee $11.11 (ISA) and check for rest.","no"
2018-12-04,20:03:42,"Jacob","Adrian","Jacob Adrian","padrian@swalco.org",89.43,"Balance after popcorn and wreaths 2015 and MKJW  payment of $150 and PB tickets and car wash. Wreaths 2016 applied. Deducted MKJW winter camp 2017 and PB tics 2017 were added. After 2017 popcorn and evergreens. After 2019 recharter fee.","no"
2018-12-04,20:04:12,"Noah","Adrian","Noah Adrian","padrian@swalco.org",416.38,"Change the email address below to your own email .address.  Choose a security question and answer. After wreaths and popcorn 2016. After MKJW winter 2017 and PB tics 2017. After 2017 troop fee, 2017 popcorn and 2018 MKJW summer. After 2018 evergreens. After 2019 recharter fee.","no"
2018-12-07,13:52:24,"Richard","Pavletic","rpavletic","rgpavletic@gmail.com",,"","yes"
2018-12-07,13:55:15,"Richard","Pavletic","rpavletic","rgpavletic@gmail.com",,"","yes"
2018-12-07,14:01:00,"Richard","Pavletic","rpavletic","rgpavletic@gmail.com",,"","no"
2018-12-07,14:01:26,"Richard","Pavletic","rpavletic","rgpavletic@gmail.com",,"","yes"
2018-12-11,15:13:00,"Luke","Weber","Luke Weber","weber.law@comcast.net",512.29,"Balance after popcorn and wreaths 2015 and PB tics 2016. After wreaths and popcorn 2016. After 2017 PB tics. After 2018 troop fee of $60. After 2017 boo camp t-shirt. After 2017 popcorn and evergreens. After lifetime NESA membership of $250. After Camp Gerber pymt. After 2018 PB tics. After troop fee for 2019. After 2018 evergreens and popcorn. TESTING UPDATES!!","no"
2018-12-11,15:13:48,"Gavin","Short","Gavin Short","gavin@theshortpeople.com",115.81,"Balance after popcorn and wreaths 2015 and $300 MKJW 2016, $400 Philmont and $75 MKJW week 2 and PB tics 2016. After wreaths and popcorn 2016. After 2017 PB tics. After 2017 popcorn and evergreens. After 2018 PB tics. After final Seabase payment of $201.21. After 2018 Boo camp t-shirt. After 2018 evergreens. TESTING UPDATES!!","no"
2019-01-04,11:33:57,"Justin","Shamberg","Justin Shamberg","the5shams@sbcglobal.net",3.11,"Balance after popcorn and wreaths 2015 and PB tics 2016. After wreaths and popcorn 2016. After Seabase and 2017 PB tics. After 2017 Philmont Amtrak and bus. After 1st payment for Seabase 2018. After 2017 popcorn and evergreens. After Seabase 2018 payment #2. After 2018 PB tics and car wash. After 2018 evergreens and popcorn. After 2019 Philmont 1st installment.","no"
2019-01-15,18:10:24,"Matthew","Sierzega","Matthew Sierzega","treasurer@troop671bsa.org",511.08,"Welcome to your ISA! In the E-mail field please update to your email address. Choose your own password and security question. After 2017 PB tics. After 2018 PB tics.","no"
2019-01-16,19:11:44,"Matthew","Sierzega","Matthew Sierzega","MatthewSierzega1@gmail.com",451.08,"Welcome to your ISA! In the E-mail field please update to your email address. Choose your own password and security question. After 2017 PB tics. After 2018 PB tics. After 2019 Troop fee.","no"
2019-02-18,14:39:14,"Greyson","Fout","Greyson Fout","greysonfout@hotmail.com",344.81,"Balance after popcorn and wreaths 2015 and PB tics 2016. After wreaths and popcorn 2016. After PB tics 2017. After car wash 6/10/17. After Seabase 2018 payment of $389. After 2017 popcorn and evergreens. After 2018 PB and car wash. After 2018 evergreens.","no"
2019-02-18,15:15:11,"Greyson","Fout","Greyson Fout","greysonfout@hotmail.com",0.00,"Balance after popcorn and wreaths 2015 and PB tics 2016. After wreaths and popcorn 2016. After PB tics 2017. After car wash 6/10/17. After Seabase 2018 payment of $389. After 2017 popcorn and evergreens. After 2018 PB and car wash. After 2018 evergreens.After 2019 Philmont Trek balance request $344.81.","no"
2019-02-19,11:08:29,"Vedant","Sayankar","Vedant Sayankar","vedant.sayankar@gmail.com",83.00,"Change the email address below to your own email address.  Choose a security question and answer. After 2018 PB tics. After 2018 popcorn. After 2019 MKJW.","no"
2019-02-20,14:37:06,"William","Jeffries","William Jeffries","wrdj0621@gmail.com",17.01,"After 10/15 Philmont 2016 payment of $385 and PB tics 2016.
Balance after popcorn and wreaths 2015. After wreaths 2016, Jambo and OKPIK. After 2017 PB tics. After car wash 6/10/17. After $249.27 Eagle reimbursement. After $500 Jamboree reimbursement. After 2017 popcorn and evergreens. After 2018 PB and car wash. After 1st installment 2019 Philmont. After 2018 evergreens and popcorn. After 2nd Philmont installment.","no"
2019-02-25,12:41:25,"Matthew","Sierzega","Matthew Sierzega","MatthewSierzega1@gmail.com",68.24,"Welcome to your ISA! In the E-mail field please update to your email address. Choose your own password and security question. After 2017 PB tics. After 2018 PB tics. After 2019 Troop fee. After Eagle expense reimbursement.","no"
2019-03-15,12:16:13,"Johnathan","Kellogg","Johnathan Kellogg","JAKellogg1@comcast.net",0.00,"Balance after wreaths 2015. After Jambo and wreaths 2016. After 2017 PB tics. After car wash 6/10/17. After 2017 popcorn and evergreens. After 2018 PB tics. After 2018 evergreens. Balance after World Jamboree withdrawal $837.55.","no"
2019-04-02,18:31:49,"Isaac","Koob","Isaac Koob","treasurer@troop671bsa.org",825.12,"Change the email address above to your own.
Balance after popcorn and wreaths 2015. After wreaths and popcorn 2016. After 2017 PB tics. After 2017 popcorn and evergreens. After 2018 PB tics. After Eagle Cave and 2018 evergreens.","no"
2019-04-02,18:33:12,"Spencer","Pavletic","Spencer Pavletic","spookme0809@gmail.com",50.00,"Balance after Indian Mounds 11/15 and troop dues, also deducted Philmont $298.72. After PB tics 2016. After 2017 PB tics.","no"
2019-04-02,20:04:15,"Spencer","Pavletic","Spencer Pavletic","spookme0809@gmail.com",50.00,"Balance after Indian Mounds 11/15 and troop dues, also deducted Philmont $298.72. After PB tics 2016. After 2017 PB tics.","no"
2019-04-08,12:21:02,"Spencer","Pavletic","Spencer Pavletic","spookme0809@gmail.com",0.00,"Balance after Indian Mounds 11/15 and troop dues, also deducted Philmont $298.72. After PB tics 2016. After 2017 PB tics. After uniform reimbursement.","no"
2019-04-10,05:14:42,"Isaac","Koob","Isaac Koob","treasurer@troop671bsa.org",825.12,"Change the email address above to your own.
Balance after popcorn and wreaths 2015. After wreaths and popcorn 2016. After 2017 PB tics. After 2017 popcorn and evergreens. After 2018 PB tics. After Eagle Cave and 2018 evergreens.","no"
2019-04-10,05:19:36,"Zach","Thomas","Zach Thomas","thomasofrlb@comcast.net",16.30,"Balance after popcorn and wreaths 2015 and 3rd Philmont installment and Amtrak and PB tics 2016. After wreaths 2016. After 2017 PB tics. After MKJW high adventure. After 2017 popcorn and evergreens. After 2018 PB tics. After 2018 evergreens.After Philmont 2019.","no"
2019-04-17,15:16:20,"Daniel ","Pawlak","Daniel Pawlak","danny.pawlak@gmail.com",0.00,"Balance after popcorn and wreaths 2015 and Amtrak payment and PB tics 2016. After 2017 troop fee. After Lowden and popcorn 2016. After 2017 PB tics. After MKJW payment of $30. After 2017 MKJW t-shirts. After $85 JAX fee. After 2018 troop fee. After 2017 popcorn and evergreens. After Camp Lowden 2018. After 2018 PB tics. After 1st installment 2019 Philmont. After troop fee of $60 for 2019. After 2018 popcorn. After $204.69 pmt toward 2019 Philmont.","no"
2019-04-17,15:17:03,"Jack","Pawlak","Jack Pawlak","pawlak@gmail.com",0.00," After wreaths and popcorn 2016. After 2017 PB tics. After MKJW payment of $30. After 2017 MKJW t-shirt. After $85 JAX campout fee. After 2018 troop fee.  After 2017 popcorn and evergreens. After 2018 PB tics. After 1st installment 2019 Philmont. After troop fee of $60 for 2019. After 2018 popcorn. After $200.40 pmt toward 2019 Philmont.","no"
2019-04-24,13:35:25,"Isaac","Koob","Isaac Koob","treasurer@troop671bsa.org",490.12,"Change the email address above to your own.
Balance after popcorn and wreaths 2015. After wreaths and popcorn 2016. After 2017 PB tics. After 2017 popcorn and evergreens. After 2018 PB tics. After Eagle Cave and 2018 evergreens. After MKJW 2019.","no"
2019-05-29,17:32:39,"Isaac","Koob","Isaac Koob","treasurer@troop671bsa.org",290.12,"Change the email address above to your own.
Balance after popcorn and wreaths 2015. After wreaths and popcorn 2016. After 2017 PB tics. After 2017 popcorn and evergreens. After 2018 PB tics. After Eagle Cave and 2018 evergreens. After MKJW 2019. After 2019 Northern Tier of $200.","no"
2019-06-11,12:32:34,"Noah","Aldrin","Noah Aldrin","treasurer@troop671bsa.org",75.00,"Change the email address below to your own email address.  Choose a security question and answer. After 2017 PB tics. After 2018 PB tics. After 2019 PB tics.","no"
2019-06-11,12:33:18,"Joe","Barber","Joe Barber","mabar7@gmail.com",128.22,"Change the email address below to your own email address.  Choose a security question and answer. After wreaths 2016. After PB tics 2017. After car wash 6/10/17. After 2017 troop fee. After 2018 PB tics and car wash. After 2018 troop dues. After 2019 PB tics.","no"
2019-06-11,12:40:55,"Aldo","Avendano","Aldo Avendano","treasurer@troop671bsa.org",,""
2019-06-11,12:41:47,"Aldo","Avendano","Aldo Avendano","treasurer@troop671bsa.org",10.00,"Please update your email address above.","no"
2019-06-11,12:43:01,"Anthony","Burr","Anthony Burr","treasurer@troop71bsa.org",,"Please update your email above."
2019-06-11,12:43:39,"Anthony","Burr","Anthony Burr","treasurer@troop671bsa.org",25.00,"Please update your email above.","no"
2019-06-11,12:44:34,"Giovanni","Cava","Giovanni Cava","anjaandgiosmom@gmail.com",86.90,"Please update your email address above. After 2018 PB tics. After 2018 evergreens, popcorn and troop fee for 2019. After 2019 PB tics.","no"
2019-06-11,12:44:48,"Aldo","Avendano","Aldo Avendano","treasurer@troop671bsa.org",10.00,"Please update your email address above. After 2019 PB tics.","no"
2019-06-11,12:45:07,"Anthony","Burr","Anthony Burr","treasurer@troop671bsa.org",25.00,"Please update your email above. After 2019 PB tics.","no"
2019-06-11,12:45:49,"Daniel","Cutting","Daniel Cutting","treasurer@troop671bsa.org",52.00,"Please update your email address above. After 2018 PB tics. After 2019 PB tics.","no"
2019-06-11,12:46:30,"Greyson","Fout","Greyson Fout","greysonfout@hotmail.com",5.00,"Balance after popcorn and wreaths 2015 and PB tics 2016. After wreaths and popcorn 2016. After PB tics 2017. After car wash 6/10/17. After Seabase 2018 payment of $389. After 2017 popcorn and evergreens. After 2018 PB and car wash. After 2018 evergreens.After 2019 Philmont Trek balance request $344.81. After 2019 PB tics.","no"
2019-06-11,12:48:15,"Jonathan","Gasgonia","Jonathan Gasgonia","treasurer@troop671bsa.org",25.00,"Please update your email above.  After 2019 PB tics."
2019-06-11,12:49:15,"Leith","Hoffman","Leith Hoffman","treasurer@troop671bsa.org",79.00,"Please update your email address above. After 2018 PB tics. After 2019 PB tics.","no"
2019-06-11,12:50:28,"William","Jeffries","William Jeffries","wrdj0621@gmail.com",42.01,"After 10/15 Philmont 2016 payment of $385 and PB tics 2016.
Balance after popcorn and wreaths 2015. After wreaths 2016, Jambo and OKPIK. After 2017 PB tics. After car wash 6/10/17. After $249.27 Eagle reimbursement. After $500 Jamboree reimbursement. After 2017 popcorn and evergreens. After 2018 PB and car wash. After 1st installment 2019 Philmont. After 2018 evergreens and popcorn. After 2nd Philmont installment. After 2019 PB tics.","no"
2019-06-11,12:51:08,"Johnathan","Kellogg","Johnathan Kellogg","JAKellogg1@comcast.net",8.00,"Balance after wreaths 2015. After Jambo and wreaths 2016. After 2017 PB tics. After car wash 6/10/17. After 2017 popcorn and evergreens. After 2018 PB tics. After 2018 evergreens. Balance after World Jamboree withdrawal $837.55. After 2019 PB tics.","no"
2019-06-11,12:52:28,"Bryce","Kenworthy","Bryce Kenworthy","treasurer@troop671bsa.org",25.00,"Please update the email above. After 2019 PB tics."
2019-06-11,12:53:13,"Vincent","Kirk","Vincent Kirk","treasurer@troop671bsa.org",145.00,"Change the email address above to your own. 
Balance after wreaths 2015. After 2017 PB tics. After 2017 popcorn and evergreens. After 2018 PB tics. After 2018 evergreens. After 2019 PB tics.","no"
2019-06-11,12:54:12,"Isaac","Koob","Isaac Koob","treasurer@troop671bsa.org",321.12,"Change the email address above to your own.
Balance after popcorn and wreaths 2015. After wreaths and popcorn 2016. After 2017 PB tics. After 2017 popcorn and evergreens. After 2018 PB tics. After Eagle Cave and 2018 evergreens. After MKJW 2019. After 2019 Northern Tier of $200. After 2019 PB tics.","no"
2019-06-11,12:55:03,"Sumanth","Muthukrishnan","Sumanth Muthukrishnan","treasurer@troop671bsa.org",7.06,"Change the email address below to your own email address.  Choose a security question and answer. After 2017 popcorn and evergreens. After car wash 6/16/18. After $55 pymt for Eagle Cave. After 2019 PB tics.","no"
2019-06-11,12:55:54,"Patrick","Naumann","Patrick Naumann","patrick.naumann@ymail.com",73.56,"Change the email below to your email address.  Choose a security question and answer. 
Balance after wreaths 2015 and PB tics 2016. After 2017 PB tics. After 2017 popcorn and evergreens. After 2018 PB tics and Eagle expenses.
After 2019 PB tics.","no"
2019-06-11,12:57:31,"Christopher","Padden","Christopher Padden","treasurer@troop671bsa.org",25.00,"Please update email address to your own.  After 2019 PB tics."
2019-06-11,13:00:36,"Daniel ","Pawlak","Daniel Pawlak","danny.pawlak@gmail.com",25.00,"Balance after popcorn and wreaths 2015 and Amtrak payment and PB tics 2016. After 2017 troop fee. After Lowden and popcorn 2016. After 2017 PB tics. After MKJW payment of $30. After 2017 MKJW t-shirts. After $85 JAX fee. After 2018 troop fee. After 2017 popcorn and evergreens. After Camp Lowden 2018. After 2018 PB tics. After 1st installment 2019 Philmont. After troop fee of $60 for 2019. After 2018 popcorn. After $204.69 pmt toward 2019 Philmont. After 2019 PB tics.","no"
2019-06-11,13:01:16,"Jack","Pawlak","Jack Pawlak","pawlak@gmail.com",25.00," After wreaths and popcorn 2016. After 2017 PB tics. After MKJW payment of $30. After 2017 MKJW t-shirt. After $85 JAX campout fee. After 2018 troop fee.  After 2017 popcorn and evergreens. After 2018 PB tics. After 1st installment 2019 Philmont. After troop fee of $60 for 2019. After 2018 popcorn. After $200.40 pmt toward 2019 Philmont. After 2019 PB tics.","no"
2019-06-11,13:01:54,"Joseph","Pec","Joseph Pec","treasurer@troop671bsa.org",50.00,"Change the email address below to your own email address.  Choose a security question and answer. After 2018 PB tics. After 2019 PB tics.","no"
2019-06-11,13:02:56,"Aaron","Richards","Aaron Richards","treasurer@troop671bsa.org",215.75,"Welcome to your ISA! Remember to change the email address to your own, change the Password and add a security question with an answer so if you get locked you can get back in. After 2017 PB tics. After 2017 popcorn and evergreens. After 2018 PB tics. After 2018 popcorn. After 2019 PB tics.","no"
2019-06-11,13:03:44,"Dylan","Richards","Dylan Richards ","treasurer@troop671bsa.org",178.00,"Change the above email address to your own. 
Balance after popcorn and wreaths 2015. After wreaths 2016. After Jamboree payment. After 2017 PB tics. After 2017 popcorn and evergreens. After 2018 PB tics. After 2018 evergreens. After 2019 PB tics.","no"
2019-06-11,13:05:51,"Jacob","Richards","Jacob Richards","treasurer@troop671bsa.org",25.00,"Please update email address to your own. After 2019 PB tics."
2019-06-11,13:07:07,"Trevor","Roma","Trevor Roma","trevor.roma@att.net",217.17,"Balance after popcorn 2015. After 2017 PB tics. After 2017 popcorn and evergreens.  After 2018 PB tics. After 2019 PB tics.","no"
2019-06-11,13:08:55,"Henry","Rothenbach","Henry Rothenbach","treasurer@troop671bsa.org",23.00,"Please change your email address to your own."
2019-06-11,13:09:47,"Vedant","Sayankar","Vedant Sayankar","vedant.sayankar@gmail.com",87.00,"Change the email address below to your own email address.  Choose a security question and answer. After 2018 PB tics. After 2018 popcorn. After 2019 MKJW. After 2019 PB tics.","no"
2019-06-11,13:10:31,"Justin","Shamberg","Justin Shamberg","the5shams@sbcglobal.net",50.11,"Balance after popcorn and wreaths 2015 and PB tics 2016. After wreaths and popcorn 2016. After Seabase and 2017 PB tics. After 2017 Philmont Amtrak and bus. After 1st payment for Seabase 2018. After 2017 popcorn and evergreens. After Seabase 2018 payment #2. After 2018 PB tics and car wash. After 2018 evergreens and popcorn. After 2019 Philmont 1st installment.After 2019 PB tics.","no"
2019-06-11,13:11:11,"Samuel","Sheedy","Samuel Sheedy","treasurer@troop671bsa.org",29.10,"Change the email address below to your own email address.  Choose a security question and answer. After 2017 popcorn and evergreens. After 2019 PB tics.","no"
2019-06-11,13:12:12,"Gavin","Short","Gavin Short","gavin@theshortpeople.com",140.81,"Balance after popcorn and wreaths 2015 and $300 MKJW 2016, $400 Philmont and $75 MKJW week 2 and PB tics 2016. After wreaths and popcorn 2016. After 2017 PB tics. After 2017 popcorn and evergreens. After 2018 PB tics. After final Seabase payment of $201.21. After 2018 Boo camp t-shirt. After 2018 evergreens. TESTING UPDATES!! After 2019 PB tics.","no"
2019-06-11,13:12:52,"James","Silvasy","James Silvasy","james.silvasyjr@gmail.com",75.00,"After your 2017 MKJW payment and PB ticket sales. After 2018 PB tics. After 2019 PB tics.","no"
2019-06-11,13:13:42,"Martin","Stumpf","Martin Stumpf","treasurer@troop671bsa.org",161.96,"Change the above email address to your own. Congratulations! Proceeds from Popcorn and Wreaths 2014 have been added to your ISA! After popcorn 2016. After 2017 PB tics. Also after MKJW summer camp payment. After 2017 popcorn and evergreens. After 2018 PB tics. After 2019 PB tics.","no"
2019-06-11,13:15:28,"Gabriel","Tate","Gabriel Tate","treasurer@troop671bsa.org",10.00,"Please change email address to your own."
2019-06-11,13:16:15,"Joseph","Tate","Joseph Tate","treasurer@troop671bsa.org",9.00,"Please change email address to your own."
2019-06-11,13:18:18,"Benjamin","Veronie","Benjamin Veronie","treasurer@troop671.org",25.00,"Please change email address to your own."
2019-06-11,13:18:42,"Gabriel","Tate","Gabriel Tate","treasurer@troop671bsa.org",10.00,"Please change email address to your own. After 2019 PB tics.","no"
2019-06-11,13:18:59,"Joseph","Tate","Joseph Tate","treasurer@troop671bsa.org",9.00,"Please change email address to your own. After 2019 PB tics.","no"
2019-06-11,13:19:13,"Benjamin","Veronie","Benjamin Veronie","treasurer@troop671.org",25.00,"Please change email address to your own. After 2019 PB tics.","no"
2019-06-11,13:19:44,"Luke","Weber","Luke Weber","weber.law@comcast.net",537.29,"Balance after popcorn and wreaths 2015 and PB tics 2016. After wreaths and popcorn 2016. After 2017 PB tics. After 2018 troop fee of $60. After 2017 boo camp t-shirt. After 2017 popcorn and evergreens. After lifetime NESA membership of $250. After Camp Gerber pymt. After 2018 PB tics. After troop fee for 2019. After 2018 evergreens and popcorn. TESTING UPDATES!! After 2019 PB tics.","no"
2019-06-11,13:25:46,"Daniel","Cutting","Daniel Cutting","treasurer@troop671bsa.org",27.00,"Please update your email address above. After 2018 PB tics.","no"
2019-06-11,13:26:38,"Kobe","Darden","Kobe Darden","treasurer@troop671.org",25.00,"Please change email address to your own. After 2019 PB tics."
2019-06-27,08:59:05,"Vedant","Sayankar","Vedant Sayankar","vedant.sayankar@gmail.com",2.00,"Change the email address below to your own email address.  Choose a security question and answer. After 2018 PB tics. After 2018 popcorn. After 2019 MKJW. After 2019 PB tics. After $85  2019 family camping trip.","no"
2019-06-27,08:59:37,"Luke","Weber","Luke Weber","weber.law@comcast.net",0.0,"Balance after popcorn and wreaths 2015 and PB tics 2016. After wreaths and popcorn 2016. After 2017 PB tics. After 2018 troop fee of $60. After 2017 boo camp t-shirt. After 2017 popcorn and evergreens. After lifetime NESA membership of $250. After Camp Gerber pymt. After 2018 PB tics. After troop fee for 2019. After 2018 evergreens and popcorn. TESTING UPDATES!! After 2019 PB tics. After camping supplies purchased.","no"
2019-07-16,12:13:49,"Justin","Shamberg","Justin Shamberg","the5shams@sbcglobal.net",.11,"Balance after popcorn and wreaths 2015 and PB tics 2016. After wreaths and popcorn 2016. After Seabase and 2017 PB tics. After 2017 Philmont Amtrak and bus. After 1st payment for Seabase 2018. After 2017 popcorn and evergreens. After Seabase 2018 payment #2. After 2018 PB tics and car wash. After 2018 evergreens and popcorn. After 2019 Philmont 1st installment.After 2019 PB tics. After 2019 Philmont incidentals.","no"
2019-07-16,14:53:16,"William","Jeffries","William Jeffries","wrdj0621@gmail.com",0.00,"After 10/15 Philmont 2016 payment of $385 and PB tics 2016.
Balance after popcorn and wreaths 2015. After wreaths 2016, Jambo and OKPIK. After 2017 PB tics. After car wash 6/10/17. After $249.27 Eagle reimbursement. After $500 Jamboree reimbursement. After 2017 popcorn and evergreens. After 2018 PB and car wash. After 1st installment 2019 Philmont. After 2018 evergreens and popcorn. After 2nd Philmont installment. After 2019 PB tics. After 2019 Philmont incidentals.","no"
2019-07-18,10:15:32,"Joe","Barber","Joe Barber","mabar7@gmail.com",257.65,"Change the email address below to your own email address.  Choose a security question and answer. After wreaths 2016. After PB tics 2017. After car wash 6/10/17. After 2017 troop fee. After 2018 PB tics and car wash. After 2018 troop dues. After 2019 PB tics. After 2019 car wash.","no"
2019-07-18,10:18:03,"Kobe","Darden","Kobe Darden","treasurer@troop671.org",54.13,"Please change email address to your own. After 2019 PB tics. After 2019 car wash.","no"
2019-07-18,10:21:55,"Bryce","Kenworthy","Bryce Kenworthy","treasurer@troop671bsa.org",41.18,"Please update the email above. After 2019 PB tics. After 2019 car wash.","no"
2019-07-18,10:23:59,"Christopher","Padden","Christopher Padden","treasurer@troop671bsa.org",54.13,"Please update email address to your own.  After 2019 PB tics. After 2019 car wash.","no"
2019-07-18,10:26:55,"Zach","Thomas","Zach Thomas","thomasofrlb@comcast.net",0.00,"Balance after popcorn and wreaths 2015 and 3rd Philmont installment and Amtrak and PB tics 2016. After wreaths 2016. After 2017 PB tics. After MKJW high adventure. After 2017 popcorn and evergreens. After 2018 PB tics. After 2018 evergreens.After Philmont 2019. After 2019 Philmont incidentals.","no"
2019-07-18,10:28:07,"Mason","Womack","Mason Womack","treasurer@troop671bsa.org",0.00,"Change the above email address to your own. 
Balance after popcorn and wreaths 2015. After wreaths and popcorn 2016. After 2017 PB tics. After scout dues of $60 for 2018 year. After 2017 popcorn and evergreens.","no"
2019-07-18,10:31:30,"Matthieu","Weinberg","Matthieu Weinberg","treasurer@troop671bsa.org",0.00,"Change the email address below to your own email address.  Choose a security question and answer. ","no"
2019-07-18,10:32:12,"Aaron","Katz","Aaron Katz","treasurer@troop671bsa.org",20.00,"Please update your email address above. After 2018 PB tics.","yes"
2019-07-18,10:32:27,"Noah","Katz","Noah Katz","treasurer@troop671bsa.org",20.00,"Please update your email address above. After 2018 PB tics.","yes"
2019-07-18,10:33:14,"Alex","Laycock","Alex Laycock","ALaycock1234@gmail.com",3.30,"Change the email address below to your own email address.  Choose a security question and answer. After wreaths and popcorn 2016. After 2017 PB tics. After car wash 6/10/17. After 2017 popcorn and evergreens. After World Jamboree $850 and MJKW deposit $125. After 2018 PB tics and World Jamboree pymt.","yes"
2019-07-18,10:33:28,"Manus","Mathur","Manus Mathur","treasurer@troop671bsa.org",35.00,"Change the email below to your email address.  Choose a security question and answer. After 2017 PB tics.","yes"
2019-07-18,10:33:40,"Zachary","Morrey","Zachary Morrey","treasurer@troop671bsa.org",25.00,"Change the email address below to your own email address.  Choose a security question and answer. After 2018 PB tics.","yes"
2019-07-18,10:34:06,"Jonathan","Roeck","Jonathan Roeck","jgroeck@gmail.com",47.14,"After car wash. After 2017 troop fee. After 2018 troop fee.","yes"
2019-07-18,10:35:05,"Connor","White","Connor White","treasurer@troop671bsa.org",25.00,"Change the email address below to your own email address.  Choose a security question and answer. After 2018 PB tics.","yes"
2019-07-18,10:35:24,"Mason","Womack","Mason Womack","treasurer@troop671bsa.org",0.00,"Change the above email address to your own. 
Balance after popcorn and wreaths 2015. After wreaths and popcorn 2016. After 2017 PB tics. After scout dues of $60 for 2018 year. After 2017 popcorn and evergreens.","yes"
2019-07-18,10:46:21,"Benjamin","Veronie","Benjamin Veronie","treasurer@troop671.org",54.13,"Please change email address to your own. After 2019 PB tics. After 2019 car wash.","no"
2019-07-29,17:14:10,"Luke","Weber","Luke Weber","weber.law@comcast.net",0.0,"Balance after popcorn and wreaths 2015 and PB tics 2016. After wreaths and popcorn 2016. After 2017 PB tics. After 2018 troop fee of $60. After 2017 boo camp t-shirt. After 2017 popcorn and evergreens. After lifetime NESA membership of $250. After Camp Gerber pymt. After 2018 PB tics. After troop fee for 2019. After 2018 evergreens and popcorn. TESTING UPDATES!! After 2019 PB tics. After camping supplies purchased 2019.","no"
2019-07-29,17:14:31,"Luke","Weber","Luke Weber","weber.law@comcast.net",0.0,"Balance after popcorn and wreaths 2015 and PB tics 2016. After wreaths and popcorn 2016. After 2017 PB tics. After 2018 troop fee of $60. After 2017 boo camp t-shirt. After 2017 popcorn and evergreens. After lifetime NESA membership of $250. After Camp Gerber pymt. After 2018 PB tics. After troop fee for 2019. After 2018 evergreens and popcorn. TESTING UPDATES!! After 2019 PB tics. After camping supplies purchased 2019.","yes"
2019-07-29,17:18:02,"Nicholas","Zblewski","Nick Zblewski","zblewskis@comcast.net",0.00,"Balance after 33% popcorn. Paid 5% popcorn to you and reimbursed OA dues and NYLT shirt. Also after Venture Crew shirt, OA buckle and polo. Also after MKJW, 2015 NYLT and 2016 camp shirt and PB tics 2016. Paid 2017 troop fee. After Eagle reimbursement of $318.13. After transfer to crew of $104.50.","yes"
2019-07-29,17:19:29,"Alex","Osterman","Alex Osterman","Gizmo0692@me.com",0.00,"After 2018 troop fee $11.11 (ISA) and check for rest.","yes"
2019-07-29,17:20:06,"Spencer","Pavletic","Spencer Pavletic","spookme0809@gmail.com",0.00,"Balance after Indian Mounds 11/15 and troop dues, also deducted Philmont $298.72. After PB tics 2016. After 2017 PB tics. After uniform reimbursement.","yes"
2019-07-29,17:20:41,"Justin","Shamberg","Justin Shamberg","the5shams@sbcglobal.net",.11,"Balance after popcorn and wreaths 2015 and PB tics 2016. After wreaths and popcorn 2016. After Seabase and 2017 PB tics. After 2017 Philmont Amtrak and bus. After 1st payment for Seabase 2018. After 2017 popcorn and evergreens. After Seabase 2018 payment #2. After 2018 PB tics and car wash. After 2018 evergreens and popcorn. After 2019 Philmont 1st installment.After 2019 PB tics. After 2019 Philmont incidentals.","yes"
2019-07-29,17:34:17,"Luke","Weber","Luke Weber","weber.law@comcast.net",0.0,"Balance after popcorn and wreaths 2015 and PB tics 2016. After wreaths and popcorn 2016. After 2017 PB tics. After 2018 troop fee of $60. After 2017 boo camp t-shirt. After 2017 popcorn and evergreens. After lifetime NESA membership of $250. After Camp Gerber pymt. After 2018 PB tics. After troop fee for 2019. After 2018 evergreens and popcorn. TESTING UPDATES!! After 2019 PB tics. After camping supplies purchased 2019.","yes"
2019-10-30,18:07:25,"Mary","Pec","mpec","marylpec@gmail.com",,""
2019-11-26,12:28:33,"Patrick","Naumann","Patrick Naumann","patrick.naumann@ymail.com",73.56,"Change the email below to your email address.  Choose a security question and answer. 
Balance after wreaths 2015 and PB tics 2016. After 2017 PB tics. After 2017 popcorn and evergreens. After 2018 PB tics and Eagle expenses.
After 2019 PB tics.","no"
2019-11-26,12:29:25,"Evelyn","Weber","evelynweber","weber.k.e@comcast.net",,"","yes"
2020-09-07,12:49:37,"Joseph","Pec","Joseph Pec","treasurer@troop671bsa.org",65.00,"Change the email address below to your own email address.  Choose a security question and answer. After 2018 PB tics. After 2019 PB tics. After 2019 wreaths.","no"
2020-09-07,15:34:05,"Jacob","Adrian","Jacob Adrian","padrian@swalco.org",29.43,"Balance after popcorn and wreaths 2015 and MKJW  payment of $150 and PB tickets and car wash. Wreaths 2016 applied. Deducted MKJW winter camp 2017 and PB tics 2017 were added. After 2017 popcorn and evergreens. After 2019 recharter fee.
After 2020 recharter fee.","no"
2020-09-07,15:34:43,"Noah","Adrian","Noah Adrian","padrian@swalco.org",356.38,"Change the email address below to your own email .address.  Choose a security question and answer. After wreaths and popcorn 2016. After MKJW winter 2017 and PB tics 2017. After 2017 troop fee, 2017 popcorn and 2018 MKJW summer. After 2018 evergreens. After 2019 recharter fee.
After 2020 recharter fee.","no"
2020-09-07,15:37:06,"Kobe","Darden","Kobe Darden","treasurer@troop671.org",134.13,"Please change email address to your own. After 2019 PB tics. After 2019 car wash.
After 2019 wreaths.","no"
2020-09-07,15:38:05,"Jonathan","Gasgonia","Jonathan Gasgonia","treasurer@troop671bsa.org",337.70,"Please update your email above.  After 2019 PB tics. After 2019 Popcorn and Wreaths.","no"
2020-09-07,15:38:50,"Leith","Hoffman","Leith Hoffman","treasurer@troop671bsa.org",104.00,"Please update your email address above. After 2018 PB tics. After 2019 PB tics. After 2019 wreaths.","no"
2020-09-07,15:39:50,"William","Jeffries","William Jeffries","wrdj0621@gmail.com",138.90,"After 10/15 Philmont 2016 payment of $385 and PB tics 2016.
Balance after popcorn and wreaths 2015. After wreaths 2016, Jambo and OKPIK. After 2017 PB tics. After car wash 6/10/17. After $249.27 Eagle reimbursement. After $500 Jamboree reimbursement. After 2017 popcorn and evergreens. After 2018 PB and car wash. After 1st installment 2019 Philmont. After 2018 evergreens and popcorn. After 2nd Philmont installment. After 2019 PB tics. After 2019 Philmont incidentals.
After 2019 popcorn and wreaths.","no"
2020-09-07,15:40:39,"Johnathan","Kellogg","Johnathan Kellogg","JAKellogg1@comcast.net",93.00,"Balance after wreaths 2015. After Jambo and wreaths 2016. After 2017 PB tics. After car wash 6/10/17. After 2017 popcorn and evergreens. After 2018 PB tics. After 2018 evergreens. Balance after World Jamboree withdrawal $837.55. After 2019 PB tics. After 2019 wreaths.","no"
2020-09-07,15:41:49,"Patrick","Naumann","Patrick Naumann","patrick.naumann@ymail.com",13.56,"Change the email below to your email address.  Choose a security question and answer. 
Balance after wreaths 2015 and PB tics 2016. After 2017 PB tics. After 2017 popcorn and evergreens. After 2018 PB tics and Eagle expenses.
After 2019 PB tics.
After 2020 recharter fee.","no"
2020-09-07,15:43:08,"Jack","Pawlak","Jack Pawlak","pawlak@gmail.com",454.00," After wreaths and popcorn 2016. After 2017 PB tics. After MKJW payment of $30. After 2017 MKJW t-shirt. After $85 JAX campout fee. After 2018 troop fee.  After 2017 popcorn and evergreens. After 2018 PB tics. After 1st installment 2019 Philmont. After troop fee of $60 for 2019. After 2018 popcorn. After $200.40 pmt toward 2019 Philmont. After 2019 PB tics.
after 2019 popcorn","no"
2020-09-07,15:44:37,"Joseph","Pec","Joseph Pec","marylpec@gmail.com",65.00,"Change the email address below to your own email address.  Choose a security question and answer. After 2018 PB tics. After 2019 PB tics. After 2019 wreaths.","no"
2020-09-07,15:45:31,"Jacob","Richards","Jacob Richards","treasurer@troop671bsa.org",70.00,"Please update email address to your own. After 2019 PB tics. 
After 2019 wreaths.","no"
2020-09-07,15:46:54,"Henry","Rothenbach","Henry Rothenbach","treasurer@troop671bsa.org",26.30,"Please change your email address to your own. After 2019 popcorn.","no"
2020-09-07,15:47:35,"Rutvik","Sayankar","Rutvik Sayankar","rutvikts@gmail.com",0.55,"Welcome to your ISA! Remember to change the email address to your own, change the Password and add a security question with an answer so if you get locked you can get back in.
Congratulations! Proceeds from Popcorn and Wreaths 2014 have been added to your ISA! After 2017 PB tics. After 2017 popcorn and evergreens. After troop dues for 2019. After 2020 recharter fee","no"
2020-09-07,15:48:22,"Vedant","Sayankar","Vedant Sayankar","vedant.sayankar@gmail.com",426.25,"Change the email address below to your own email address.  Choose a security question and answer. After 2018 PB tics. After 2018 popcorn. After 2019 MKJW. After 2019 PB tics. After $85  2019 family camping trip.
After 2019 popcorn and wreaths.","no"
2020-09-07,15:50:07,"Zach","Thomas","Zach Thomas","thomasofrlb@comcast.net",35.00,"Balance after popcorn and wreaths 2015 and 3rd Philmont installment and Amtrak and PB tics 2016. After wreaths 2016. After 2017 PB tics. After MKJW high adventure. After 2017 popcorn and evergreens. After 2018 PB tics. After 2018 evergreens.After Philmont 2019. After 2019 Philmont incidentals.
After 2019 wreaths.","no"
2020-11-12,08:04:49,"Jacob","Adrian","Jacob Adrian","padrian@swalco.org",29.43,"Balance after popcorn and wreaths 2015 and MKJW  payment of $150 and PB tickets and car wash. Wreaths 2016 applied. Deducted MKJW winter camp 2017 and PB tics 2017 were added. After 2017 popcorn and evergreens. After 2019 recharter fee.
After 2020 recharter fee.","no"
2020-11-12,08:05:40,"Noah","Adrian","Noah Adrian","padrian@swalco.org",356.38,"Change the email address below to your own email .address.  Choose a security question and answer. After wreaths and popcorn 2016. After MKJW winter 2017 and PB tics 2017. After 2017 troop fee, 2017 popcorn and 2018 MKJW summer. After 2018 evergreens. After 2019 recharter fee.
After 2020 recharter fee.","no"
2020-11-25,09:41:05,"Noah","Adrian","Noah Adrian","padrian@swalco.org",356.38,"Change the email address below to your own email .address.  Choose a security question and answer. After wreaths and popcorn 2016. After MKJW winter 2017 and PB tics 2017. After 2017 troop fee, 2017 popcorn and 2018 MKJW summer. After 2018 evergreens. After 2019 recharter fee.
After 2020 recharter fee.","no"
2021-01-03,12:52:22,"Noah","Adrian","Noah Adrian","padrian@swalco.org",271.38,"Change the email address below to your own email .address.  Choose a security question and answer. After wreaths and popcorn 2016. After MKJW winter 2017 and PB tics 2017. After 2017 troop fee, 2017 popcorn and 2018 MKJW summer. After 2018 evergreens. After 2019 recharter fee.
After 2020 recharter fee.
After 2021 recharter fee.","no"
2021-01-03,12:55:21,"William","Jeffries","William Jeffries","wrdj0621@gmail.com",87.90,"After 10/15 Philmont 2016 payment of $385 and PB tics 2016.
Balance after popcorn and wreaths 2015. After wreaths 2016, Jambo and OKPIK. After 2017 PB tics. After car wash 6/10/17. After $249.27 Eagle reimbursement. After $500 Jamboree reimbursement. After 2017 popcorn and evergreens. After 2018 PB and car wash. After 1st installment 2019 Philmont. After 2018 evergreens and popcorn. After 2nd Philmont installment. After 2019 PB tics. After 2019 Philmont incidentals.
After 2019 popcorn and wreaths.
After 2021 recharter fee.","no"
2021-01-03,12:57:02,"Daniel ","Pawlak","Daniel Pawlak","danny.pawlak@gmail.com",,"Balance after popcorn and wreaths 2015 and Amtrak payment and PB tics 2016. After 2017 troop fee. After Lowden and popcorn 2016. After 2017 PB tics. After MKJW payment of $30. After 2017 MKJW t-shirts. After $85 JAX fee. After 2018 troop fee. After 2017 popcorn and evergreens. After Camp Lowden 2018. After 2018 PB tics. After 1st installment 2019 Philmont. After troop fee of $60 for 2019. After 2018 popcorn. After $204.69 pmt toward 2019 Philmont. After 2019 PB tics.
After 2021 recahrter fee.","no"
2021-01-03,12:58:01,"Jack","Pawlak","Jack Pawlak","pawlak@gmail.com",339.00," After wreaths and popcorn 2016. After 2017 PB tics. After MKJW payment of $30. After 2017 MKJW t-shirt. After $85 JAX campout fee. After 2018 troop fee.  After 2017 popcorn and evergreens. After 2018 PB tics. After 1st installment 2019 Philmont. After troop fee of $60 for 2019. After 2018 popcorn. After $200.40 pmt toward 2019 Philmont. After 2019 PB tics.
after 2019 popcorn.
After 2020 Wyalusing and 2021 recharter fee","no"
2021-01-03,13:00:03,"Vedant","Sayankar","Vedant Sayankar","svedant2020@gmail.com",311.25,"Change the email address below to your own email address.  Choose a security question and answer. After 2018 PB tics. After 2018 popcorn. After 2019 MKJW. After 2019 PB tics. After $85  2019 family camping trip.
After 2019 popcorn and wreaths.
After Wyalusing (30) and 2021 recahrter fee.","no"
2021-03-29,10:53:37,"Clark","Pawlak","Clark Pawlak","pawlak@gmail.com",100,"After popcorn 2020"
2021-03-29,10:56:28,"Clark","Pawlak","Clark Pawlak","pawlak@gmail.com",100,"After wreath sales 2020","no"
2021-05-02,09:52:56,"Clark","Pawlak","Clark Pawlak","pawlak@gmail.com",,"After wreath sales 2020
100 to pay for 2021 MaKaJaWan deposit","no"
2021-08-01,09:39:09,"Leith","Hoffman","Leith Hoffman","treasurer@troop671bsa.org",114.00,"Please update your email address above. After 2018 PB tics. After 2019 PB tics. After 2019 wreaths. After 2020 wreaths.","no"
2021-08-01,09:40:27,"Vedant","Sayankar","Vedant Sayankar","svedant2020@gmail.com",351.25,"Change the email address below to your own email address.  Choose a security question and answer. After 2018 PB tics. After 2018 popcorn. After 2019 MKJW. After 2019 PB tics. After $85  2019 family camping trip.
After 2019 popcorn and wreaths.
After Wyalusing (30) and 2021 recahrter fee. After 2020 wreaths.","no"
2021-08-01,09:40:55,"Jacob","Richards","Jacob Richards","treasurer@troop671bsa.org",160.00,"Please update email address to your own. After 2019 PB tics. 
After 2019 wreaths. After 2020 wreaths.","no"
2021-08-01,09:43:25,"Eliott","Little","Eliott Little","jclittle23@gmail.com",30,"please update your password. Balance after 2020 wreaths."
2021-09-12,20:15:47,"Aaron","Richards","Aaron Richards","treasurer@troop671bsa.org",215.75,"Welcome to your ISA! Remember to change the email address to your own, change the Password and add a security question with an answer so if you get locked you can get back in. After 2017 PB tics. After 2017 popcorn and evergreens. After 2018 PB tics. After 2018 popcorn. After 2019 PB tics.","no"
2021-09-14,13:43:43,"Jacob","Richards","Jacob Richards","treasurer@troop671bsa.org",160.00,"Please update email address to your own. After 2019 PB tics. 
After 2019 wreaths. After 2020 wreaths.","no"
2021-11-22,15:53:48,"Joe","Barber","Joe Barber","mabar7@gmail.com",257.65,"Change the email address below to your own email address.  Choose a security question and answer. After wreaths 2016. After PB tics 2017. After car wash 6/10/17. After 2017 troop fee. After 2018 PB tics and car wash. After 2018 troop dues. After 2019 PB tics. After 2019 car wash.","yes"
2021-11-22,15:54:12,"Joe","Barber","Joe Barber","mabar7@gmail.com",257.65,"Change the email address below to your own email address.  Choose a security question and answer. After wreaths 2016. After PB tics 2017. After car wash 6/10/17. After 2017 troop fee. After 2018 PB tics and car wash. After 2018 troop dues. After 2019 PB tics. After 2019 car wash.","no"
2022-03-07,16:01:48,"Zander","Dent","Zander Dent","jay.dent@sbcglobal.net",270.30,"Initial $270.30"
2022-03-07,16:03:44,"Clark","Pawlak","Clark Pawlak","pawlak@gmail.com",24.50,"After wreath sales 2020
100 to pay for 2021 MaKaJaWan deposit
After wreath sales 2021","no"
2022-03-07,16:13:13,"Vedant","Sayankar","Vedant Sayankar","svedant2020@gmail.com",948.25,"Change the email address below to your own email address.  Choose a security question and answer. After 2018 PB tics. After 2018 popcorn. After 2019 MKJW. After 2019 PB tics. After $85  2019 family camping trip.
After 2019 popcorn and wreaths.
After Wyalusing (30) and 2021 recahrter fee. After 2020 wreaths.
After popcorn 2020. After dues 2022. After popcorn 2021.","no"
2022-03-07,16:14:27,"Matthew","Ephgrave","Matthew Ephgrave","dunklaj@yahoo.com",388.50,""
2022-03-07,16:15:49,"Austin","Burr","Austin Burr","cherubini14@msn.com",63.00,"After 2021 popcorn"
2022-03-07,16:16:07,"Matthew","Ephgrave","Matthew Ephgrave","dunklaj@yahoo.com",388.50,"After 2021 popcorn","no"
2022-03-07,16:17:54,"Ayden","Galvin","Ayden Galvin","jen.galvin.917@gmail.com",449.75,"After 2021 popcorn"
2022-03-22,15:11:49,"Zander","Dent","Zander Dent","jay.dent@sbcglobal.net",270.30,"Initial $270.30","no"
2022-08-15,15:45:42,"Clark","Pawlak","Clark Pawlak","pawlak@gmail.com",49.50,"After wreath sales 2020
100 to pay for 2021 MaKaJaWan deposit
After wreath sales 2021
After PB 2022","no"
2022-09-12,14:20:51,"Jack","Pawlak","Jack Pawlak","pawlak@gmail.com",364.00," After wreaths and popcorn 2016. After 2017 PB tics. After MKJW payment of $30. After 2017 MKJW t-shirt. After $85 JAX campout fee. After 2018 troop fee.  After 2017 popcorn and evergreens. After 2018 PB tics. After 1st installment 2019 Philmont. After troop fee of $60 for 2019. After 2018 popcorn. After $200.40 pmt toward 2019 Philmont. After 2019 PB tics.
after 2019 popcorn.
After 2020 Wyalusing and 2021 recharter fee
After PB 2022","no"
2022-09-12,14:22:57,"Zander","Dent","Zander Dent","janelle.dent@gmail.com",25.00,"Initial $270.30
Makajawan 270.30
After PB 2022","no"
2022-09-12,14:23:37,"Matthew","Ephgrave","Matthew Ephgrave","dunklaj@yahoo.com",413.50,"After 2021 popcorn
After PB 2022","no"
2022-09-12,14:25:07,"Kobe","Darden","Kobe Darden","treasurer@troop671.org",159.13,"Please change email address to your own. After 2019 PB tics.
After 2019 car wash.
After 2019 wreaths.
After PB 2022","no"
2022-09-12,14:25:41,"Ayden","Galvin","Ayden Galvin","jen.galvin.917@gmail.com",469.75,"After 2021 popcorn
After PB 2022","no"
2022-09-12,14:26:25,"Leith","Hoffman","Leith Hoffman","treasurer@troop671bsa.org",130.00,"Please update your email address above. After 2018 PB tics. After 2019 PB tics. After 2019 wreaths. After 2020 wreaths.
After PB 2022","no"
2022-09-12,14:28:47,"Vedant","Sayankar","Vedant Sayankar","svedant2020@gmail.com",164.98,"Change the email address below to your own email address.  Choose a security question and answer. After 2018 PB tics. After 2018 popcorn. After 2019 MKJW. After 2019 PB tics. After $85  2019 family camping trip.
After 2019 popcorn and wreaths.
After Wyalusing (30) and 2021 recahrter fee. After 2020 wreaths.
After popcorn 2020. After dues 2022. After popcorn 2021.
After Makajawan and Philmont 2022
After PB 2022","no"
2022-09-12,14:29:59,"Jacob","Richards","Jacob Richards","Jakebrich801@gmail.com",25.00,"Please update email address to your own. After 2019 PB tics. 
After 2019 wreaths. After 2020 wreaths.
After 2022 Philmont
After PB 2022","no"
2022-09-12,14:30:36,"Aaron","Richards","Aaron Richards","aririch818@gmail.com",25.00,"Welcome to your ISA! Remember to change the email address to your own, change the Password and add a security question with an answer so if you get locked you can get back in. After 2017 PB tics. After 2017 popcorn and evergreens. After 2018 PB tics. After 2018 popcorn. After 2019 PB tics.
After Philmont 2022
After PB 2022","no"
2022-09-12,14:31:03,"Joseph","Pec","Joseph Pec","marylpec@gmail.com",90.00,"Change the email address below to your own email address.  Choose a security question and answer. After 2018 PB tics. After 2019 PB tics. After 2019 wreaths.
After PB 2022","no"
2022-09-12,14:31:33,"Christopher","Padden","Christopher Padden","treasurer@troop671bsa.org",79.13,"Please update email address to your own.  After 2019 PB tics. After 2019 car wash.
After PB 2022","no"
2022-09-12,14:31:59,"Eliott","Little","Eliott Little","jclittle23@gmail.com",55.00,"please update your password. Balance after 2020 wreaths.
After PB 2022","no"
2022-10-12,08:18:13,"Matthew","Ephgrave","Matthew Ephgrave","dunklaj@yahoo.com",413.50,"After 2021 popcorn
After PB 2022","no"
2022-10-12,08:18:57,"Ayden","Galvin","Ayden Galvin","jen.galvin.917@gmail.com",469.75,"After 2021 popcorn
After PB 2022","no"
2022-10-12,08:42:36,"Rick","Jeffries","RJeffries","jeffriesrg@sbcglobal.net",,"Rick you are awesome!!!!","yes"
2022-10-18,14:49:05,"Aydan","Galvin","Galvin17","jen.galvin.917@gmail.com",469.75,"After 2021 popcorn
After PB 2022","no"
2022-11-02,17:20:05,"Leith","Hoffman","Leith Hoffman","treasurer@troop671bsa.org",130.00,"Please update your email address above. After 2018 PB tics. After 2019 PB tics. After 2019 wreaths. After 2020 wreaths.
After PB 2022","no"
2022-11-28,14:55:33,"Leith","Hoffman","Leith Hoffman","treasurer@troop671bsa.org",130.00,"Please update your email address above. After 2018 PB tics. After 2019 PB tics. After 2019 wreaths. After 2020 wreaths.
After PB 2022","no"
2022-12-05,15:15:18,"Kobe","Darden","Kobe Darden","treasurer@troop671.org",159.13,"Please change email address to your own. After 2019 PB tics.
After 2019 car wash.
After 2019 wreaths.
After PB 2022","no"
2023-02-07,17:44:48,"Matthew","Ephgrave","Matthew Ephgrave","dunklaj@yahoo.com",174.55,"After 2021 popcorn
After PB 2022
After popcorn 2023, wreaths 2023
After 500 for jamboree","no"
2023-02-07,17:46:12,"Leith","Hoffman","Leith Hoffman","treasurer@troop671bsa.org",541.65,"Please update your email address above. After 2018 PB tics. After 2019 PB tics. After 2019 wreaths. After 2020 wreaths.
After PB 2022. After 130 for jamboree. After popcorn 2023. After wreaths 2023.","no"
2023-02-07,17:47:40,"Aydan","Galvin","Galvin17","jen.galvin.917@gmail.com",1203.35,"After 2021 popcorn
After PB 2022
After popcorn 2023.
After wreaths 2023.","no"
2023-03-08,10:53:09,"Nicklas","Dionne","Nicklas Dionne","Rebecca.dionna@outlook.com",102,""
2023-03-08,10:54:13,"William","Dionne","William Dionne","Rebecca.dionne@outlook.com",352.17,"After wreaths and popcorn 2022"
2023-03-31,08:08:32,"Elijiah","Crothers","Elijiah Crothers","Treasurer@troop671.org",133.20,"Balance after popcorn and wreaths 2022"
2023-05-01,12:36:38,"Devin","Short","Devin Short","Allan@theshortpeople.com",522.05,"Balance after
Popcorn 2002, wreaths 2022 and pancake 2023"
2023-06-07,12:38:22,"Connor","Daugherty","Connor Daugherty","Rdaugherty17@gmail.com",25.00,"After 2023 pancake 25"
2023-07-30,14:13:02,"Eliott","Little","Eliott Little","jclittle23@gmail.com",130.00,"please update your password. Balance after 2020 wreaths and popcorn.
after 2022 wreaths. After PB 2022. After 2023 PB.","no"
2023-07-30,14:19:46,"Noah","Adrian","Noah Adrian","padrian@swalco.org",176.38,"Change the email address below to your own email .address.  Choose a security question and answer. After wreaths and popcorn 2016. After MKJW winter 2017 and PB tics 2017. After 2017 troop fee, 2017 popcorn and 2018 MKJW summer. After 2018 evergreens. After 2019 recharter fee.
After 2020 recharter fee.
After 2021 recharter fee.
After 2022 dues.","no"
2023-07-30,14:22:11,"Noah","Aldrin","Noah Aldrin","treasurer@troop671bsa.org",,"Change the email address below to your own email address.  Choose a security question and answer. After 2017 PB tics. After 2018 PB tics. After 2019 PB tics. After writeoffs 2022","yes"
2023-07-30,14:24:08,"Arjun","Arun","Arjun Arun","treasurer@troop671bsa.org",,"Welcome to your ISA! Remember to change the email address to your own, change the Password and add a security question with an answer so if you get locked you can get back in. After 2019 writeoffs","yes"
2023-07-30,14:25:12,"Aldo","Avendano","Aldo Avendano","treasurer@troop671bsa.org",,"Please update your email address above. After 2019 PB tics. After 2022 write-offs","yes"
2023-07-30,14:26:31,"Anthony","Burr","Anthony Burr","treasurer@troop671bsa.org",,"Please update your email above. After 2019 PB tics. After 2022 write-offs","yes"
2023-07-30,14:27:05,"Richard","Carver","carverrn","advisor@crew671bsa.org",0.00,"Developers Account","yes"
2023-07-30,14:27:17,"Rick","Carver","carverrick","carverrick@comcast.net",0.00,"Test account with Comcast address","yes"
2023-07-30,14:27:28,"Shadow","Cat ","Shadow Cat","weber.k.e@comcast.net",0.0,"Remember to change the email address to your own.  Create a security question and answer for your account.","yes"
2023-07-30,14:28:28,"Giovanni","Cava","Giovanni Cava","anjaandgiosmom@gmail.com",,"Please update your email address above. After 2018 PB tics. After 2018 evergreens, popcorn and troop fee for 2019. After 2019 PB tics. After 2022 write-offs","yes"
2023-07-30,14:36:28,"Elijiah","Crothers","Elijiah Crothers","Treasurer@troop671.org",158.20,"Balance after popcorn and wreaths 2022. After PB 2023","no"
2023-07-30,14:37:07,"Daniel","Cutting","Daniel Cutting","treasurer@troop671bsa.org",,"Please update your email address above. After 2018 PB tics. After 2022 write-offs","yes"
2023-07-30,14:37:38,"Kobe","Darden","Kobe Darden","treasurer@troop671.org",184.13,"Please change email address to your own. After 2019 PB tics.
After 2019 car wash.
After 2019 wreaths.
After PB 2022.  After PB 2023","no"
2023-07-30,14:39:20,"Zander","Dent","Zander Dent","janelle.dent@gmail.com",358.07,"Initial $270.30
Makajawan 270.30
After PB 2022. After 2022 Popcorn. After 2023 PB.","no"
2023-07-30,14:41:26,"William","Dionne","William Dionne","Rebecca.dionne@outlook.com",25.00,"After wreaths and popcorn 2022. After 2023 MKJWN. After 2023 PB","no"
2023-07-30,14:42:22,"Matthew","Ephgrave","Matthew Ephgrave","dunklaj@yahoo.com",204.55,"After 2021 popcorn
After PB 2022
After popcorn 2023, wreaths 2023
After 500 for jamboree.
After 2023 PB.","no"
2023-07-30,14:44:25,"James","Edwards","James Edwards","treasurer@troop671bsa.org",,"Welcome to your ISA! Remember to change the email address to your own, change the Password and add a security question with an answer so if you get locked you can get back in. After 2017 PB tics. After 2022 write-offs.","yes"
2023-07-30,14:46:18,"Aydan","Galvin","Galvin17","jen.galvin.917@gmail.com",803.35,"After 2021 popcorn
After PB 2022
After popcorn 2022.
After wreaths 2022.
After MKJWN 2023
After PB 2023
","no"
2023-07-30,14:47:06,"Jonathan","Gasgonia","Jonathan Gasgonia","treasurer@troop671bsa.org",,"Please update your email above.  After 2019 PB tics. After 2019 Popcorn and Wreaths. After 2022 write-offs","yes"
2023-07-30,14:47:29,"Christian","Grams","Christian Grams","treasurer@troop671bsa.org",," Please change your email address from mine to yours. Balance after popcorn and wreaths 2015 and PB tics 2016. After wreaths 2016. After your Eagle project reimbursement of $307.26","yes"
2023-07-30,14:48:25,"Leith","Hoffman","Leith Hoffman","treasurer@troop671bsa.org",76.65,"Please update your email address above. After 2018 PB tics. After 2019 PB tics. After 2019 wreaths. After 2020 wreaths.
After PB 2022. After 630 for jamboree. After popcorn 2022. After wreaths 2022.
After PB 2023. ","no"
2023-07-30,14:49:33,"Hudson","Hoffman","Hudson Hoffman","treasurer@troop671bsa.org",29.00,"Welcome to your ISA! Remember to change the email address to your own, change the Password and add a security question with an answer so if you get locked you can get back in."
2023-07-30,14:52:41,"Bedwell","Clement","Clement Bedwell","treasurer@troop671bsa.org",70,"Welcome to your ISA! Remember to change the email address to your own, change the Password and add a security question with an answer so if you get locked you can get back in.
After PB 2022, Wreaths 2022, PB 2023"
2023-07-30,14:53:47,"Callum","Bedwell","Callum Bedwell","treasurer@troop671bsa.org",69.00,"Welcome to your ISA! Remember to change the email address to your own, change the Password and add a security question with an answer so if you get locked you can get back in.
After PB 2022, Wreaths 2022, PB 2023"
2023-07-30,14:54:28,"Clement","Bedwell","Clement Bedwell","treasurer@troop671bsa.org",70,"Welcome to your ISA! Remember to change the email address to your own, change the Password and add a security question with an answer so if you get locked you can get back in.
After PB 2022, Wreaths 2022, PB 2023","no"
2023-07-30,14:56:37,"William","Jeffries","William Jeffries","wrdj0621@gmail.com",,"After 10/15 Philmont 2016 payment of $385 and PB tics 2016.
Balance after popcorn and wreaths 2015. After wreaths 2016, Jambo and OKPIK. After 2017 PB tics. After car wash 6/10/17. After $249.27 Eagle reimbursement. After $500 Jamboree reimbursement. After 2017 popcorn and evergreens. After 2018 PB and car wash. After 1st installment 2019 Philmont. After 2018 evergreens and popcorn. After 2nd Philmont installment. After 2019 PB tics. After 2019 Philmont incidentals.
After 2019 popcorn and wreaths.
After 2021 recharter fee. After reimbursement","yes"
2023-07-30,14:57:43,"Joe","Johnston","Joe Johnston","treasurer@troop671bsa.org",,"Change the email below to your email address.  Choose a security question and answer. 
Writeoff 2019","yes"
2023-07-30,14:58:38,"Aaron","Katz","Aaron Katz","treasurer@troop671bsa.org",,"Please update your email address above. After 2018 PB tics. After 2022 write-offs","yes"
2023-07-30,14:59:01,"Noah","Katz","Noah Katz","treasurer@troop671bsa.org",,"Please update your email address above. After 2018 PB tics. After 2022 Writeoffs","yes"
2023-07-30,14:59:50,"Johnathan","Kellogg","Johnathan Kellogg","JAKellogg1@comcast.net",,"Balance after wreaths 2015. After Jambo and wreaths 2016. After 2017 PB tics. After car wash 6/10/17. After 2017 popcorn and evergreens. After 2018 PB tics. After 2018 evergreens. Balance after World Jamboree withdrawal $837.55. After 2019 PB tics. After 2019 wreaths. After 2022 write-offs.","yes"
2023-07-30,15:00:09,"Bryce","Kenworthy","Bryce Kenworthy","treasurer@troop671bsa.org",,"Please update the email above. After 2019 PB tics. After 2019 car wash. After 2022 write-offs.","yes"
2023-07-30,15:01:38,"Alex","Laycock","Alex Laycock","ALaycock1234@gmail.com",,"Change the email address below to your own email address.  Choose a security question and answer. After wreaths and popcorn 2016. After 2017 PB tics. After car wash 6/10/17. After 2017 popcorn and evergreens. After World Jamboree $850 and MJKW deposit $125. After 2018 PB tics and World Jamboree pymt. After 2022 write-offs.","yes"
2023-07-30,15:02:43,"Manus","Mathur","Manus Mathur","treasurer@troop671bsa.org",,"Change the email below to your email address.  Choose a security question and answer. After 2017 PB tics. After 2022 writeoffs","yes"
2023-07-30,15:03:40,"Zachary","Morrey","Zachary Morrey","treasurer@troop671bsa.org",,"Change the email address below to your own email address.  Choose a security question and answer. After 2018 PB tics. After writeoffs","yes"
2023-07-30,15:04:19,"Sumanth","Muthukrishnan","Sumanth Muthukrishnan","treasurer@troop671bsa.org",,"Change the email address below to your own email address.  Choose a security question and answer. After 2017 popcorn and evergreens. After car wash 6/16/18. After $55 pymt for Eagle Cave. After 2019 PB tics. After 2022 write-offs.","yes"
2023-07-30,15:05:31,"Christopher","Padden","Christopher Padden","treasurer@troop671bsa.org",104.13,"Please update email address to your own.  After 2019 PB tics. After 2019 car wash.
After PB 2022. After 2023 PB.","no"
2023-07-30,15:06:39,"Clark","Pawlak","Clark Pawlak","pawlak@gmail.com",104.50,"After wreath sales 2020
100 to pay for 2021 MaKaJaWan deposit
After wreath sales 2021
After PB 2022
After 2022 wreaths
After 2023 PB","no"
2023-07-30,15:06:57,"Daniel ","Pawlak","Daniel Pawlak","danny.pawlak@gmail.com",,"Balance after popcorn and wreaths 2015 and Amtrak payment and PB tics 2016. After 2017 troop fee. After Lowden and popcorn 2016. After 2017 PB tics. After MKJW payment of $30. After 2017 MKJW t-shirts. After $85 JAX fee. After 2018 troop fee. After 2017 popcorn and evergreens. After Camp Lowden 2018. After 2018 PB tics. After 1st installment 2019 Philmont. After troop fee of $60 for 2019. After 2018 popcorn. After $204.69 pmt toward 2019 Philmont. After 2019 PB tics.
After 2021 recahrter fee.","yes"
2023-07-30,15:07:34,"Joseph","Pec","Joseph Pec","marylpec@gmail.com",114.99,"Change the email address below to your own email address.  Choose a security question and answer. After 2018 PB tics. After 2019 PB tics. After 2019 wreaths.
After PB 2022
After PB 2023","no"
2023-07-30,15:08:29,"Jacob","Richards","Jacob Richards","Jakebrich801@gmail.com",114.00,"Please update email address to your own. After 2019 PB tics. 
After 2019 wreaths. After 2020 wreaths.
After 2022 Philmont
After PB 2022
After 2022 Wreaths
After 2023 PB","no"
2023-07-30,15:09:01,"Jonathan","Roeck","Jonathan Roeck","jgroeck@gmail.com",,"After car wash. After 2017 troop fee. After 2018 troop fee.
After write-offs","yes"
2023-07-30,15:09:59,"Paden","Roma","Paden Roma","treasurer@troop671bsa.org",,"Please change the email address above to your own email. Set up a security question with answer. 
Balance after popcorn 2015. After popcorn 2016. After 2017 popcorn and evergreens. After 2018 PB tics.
After  writeoff","yes"
2023-07-30,15:10:26,"Trevor","Roma","Trevor Roma","trevor.roma@att.net",,"Balance after popcorn 2015. After 2017 PB tics. After 2017 popcorn and evergreens.  After 2018 PB tics. After 2019 PB tics.
After  writeoff","yes"
2023-07-30,15:10:48,"Henry","Rothenbach","Henry Rothenbach","treasurer@troop671bsa.org",,"Please change your email address to your own. After 2019 popcorn.
After  writeoff","yes"
2023-07-30,15:11:34,"Vedant","Sayankar","Vedant Sayankar","svedant2020@gmail.com",114.98,"Change the email address below to your own email address.  Choose a security question and answer. After 2018 PB tics. After 2018 popcorn. After 2019 MKJW. After 2019 PB tics. After $85  2019 family camping trip.
After 2019 popcorn and wreaths.
After Wyalusing (30) and 2021 recahrter fee. After 2020 wreaths.
After popcorn 2020. After dues 2022. After popcorn 2021.
After Makajawan and Philmont 2022
After PB 2022
After 2023 dues
After 2023 PB","no"
2023-07-30,15:12:11,"Devin","Short","Devin Short","Allan@theshortpeople.com",522.05,"Balance after
Popcorn 2002, wreaths 2022 and pancake 2023","no"
2023-07-30,15:13:04,"Gavin","Short","Gavin Short","gavin@theshortpeople.com",60.81,"Balance after popcorn and wreaths 2015 and $300 MKJW 2016, $400 Philmont and $75 MKJW week 2 and PB tics 2016. After wreaths and popcorn 2016. After 2017 PB tics. After 2017 popcorn and evergreens. After 2018 PB tics. After final Seabase payment of $201.21. After 2018 Boo camp t-shirt. After 2018 evergreens. TESTING UPDATES!! After 2019 PB tics.
After 2022 dues","no"
2023-07-30,15:13:34,"Matthew","Sierzega","Matthew Sierzega","MatthewSierzega1@gmail.com",,"Welcome to your ISA! In the E-mail field please update to your email address. Choose your own password and security question. After 2017 PB tics. After 2018 PB tics. After 2019 Troop fee. After Eagle expense reimbursement.
AFter write-offs","yes"
2023-07-30,15:14:01,"James","Silvasy","James Silvasy","james.silvasyjr@gmail.com",,"After your 2017 MKJW payment and PB ticket sales. After 2018 PB tics. After 2019 PB tics. After write-offs","yes"
2023-07-30,15:14:35,"Matthew","Strelzyk","Matthew Strelzyk","mstrelzyk@gmail.com",,"Balance after popcorn and wreaths 2015 and your withdrawal of $600 for Philmont and PB tics 2016. After wreaths and popcorn 2016. After write-offs","yes"
2023-07-30,15:15:14,"Gabriel","Tate","Gabriel Tate","treasurer@troop671bsa.org",,"Please change email address to your own. After 2019 PB tics. After write-offs","yes"
2023-07-30,15:15:41,"Joseph","Tate","Joseph Tate","treasurer@troop671bsa.org",,"Please change email address to your own. After 2019 PB tics.
After write-offs","yes"
2023-07-30,15:16:07,"Benjamin","Veronie","Benjamin Veronie","treasurer@troop671.org",,"Please change email address to your own. After 2019 PB tics. After 2019 car wash. After write-offs","yes"
2023-07-30,15:16:31,"Brennan","Vrba","Brennan Vrba","treasurer@troop671bsa.org",,"Change the email address below to your own email address.  Choose a security question and answer. Balance after wreaths 2015. After wreaths 2016. After write-offs","yes"
2023-07-30,15:16:56,"Reid","Walters","Reid Walters","treasurer@troop671bsa.org",,"Change the above email address to your own. Balance after popcorn 2015. After 2017 PB tics. After 2017 popcorn and evergreens. After 2018 PB tics. After write-offs","yes"
2023-07-30,15:17:31,"Connor","White","Connor White","treasurer@troop671bsa.org",,"Change the email address below to your own email address.  Choose a security question and answer. After 2018 PB tics. After write-offs","yes"
2023-07-30,15:23:17,"Erik","Moore","Erik Moore","treasurer@troop671bsa.org",60,"Welcome to your ISA! Remember to change the email address to your own, change the Password and add a security question with an answer so if you get locked you can get back in.

After 2022 PB
After 2023 PB"
2023-07-30,15:25:00,"Zachary","Moore","Zachary Moore","treasurer@troop671bsa.org",83.23,"Welcome to your ISA! Remember to change the email address to your own, change the Password and add a security question with an answer so if you get locked you can get back in.
After PB 2022
After popcorn 2022
After PB 2023"
2023-07-30,15:27:03,"Nikhilan","Rathinakumar","Nikhilan Rathinakumar","treasurer@troop671bsa.org",61,"Welcome to your ISA! Remember to change the email address to your own, change the Password and add a security question with an answer so if you get locked you can get back in.

After PB 2022
After PB 2023"
2023-07-30,15:28:08,"Samuel","Reuter","Samuel Reuter","treasurer@troop671bsa.org",10,"Welcome to your ISA! Remember to change the email address to your own, change the Password and add a security question with an answer so if you get locked you can get back in.

AFter PB 2022"
2023-07-30,15:29:28,"Jacob","Adrian","Jacob Adrian","padrian@swalco.org",,"Balance after popcorn and wreaths 2015 and MKJW  payment of $150 and PB tickets and car wash. Wreaths 2016 applied. Deducted MKJW winter camp 2017 and PB tics 2017 were added. After 2017 popcorn and evergreens. After 2019 recharter fee.
After 2020 recharter fee. After write-offs","yes"
2023-07-30,15:30:57,"Alexander","Brink","Alexander Brink","treasurer@troop671bsa.org",241.18,"Welcome to your ISA! Remember to change the email address to your own, change the Password and add a security question with an answer so if you get locked you can get back in.

After PB 2022
After popcorn 2022
After PB 2023"
2023-07-30,15:31:46,"Kieran","Crothers","Kieran Crothers","treasurer@troop671bsa.org",50,"Welcome to your ISA! Remember to change the email address to your own, change the Password and add a security question with an answer so if you get locked you can get back in.
After 2022 PB
After 2023 PB"
2023-07-30,15:35:12,"Elijiah","Crothers","Elijiah.Crothers","treasurer@troop671bsa.org",158.20,"Welcome to your ISA! Remember to change the email address to your own, change the Password and add a security question with an answer so if you get locked you can get back in.

After 2022 PB
After 2022 WREATHS, popcorn
After 2023 PB"
2023-07-30,15:36:14,"Aidan","Dunne","Aidan Dunne","treasurer@troop671bsa.org",40,"Welcome to your ISA! Remember to change the email address to your own, change the Password and add a security question with an answer so if you get locked you can get back in.

After 2022 PB
After 2023 PB"
2023-07-30,15:37:02,"Thomas","Dunne","Thomas Dunne","treasurer@troop671bsa.org",40,"Welcome to your ISA! Remember to change the email address to your own, change the Password and add a security question with an answer so if you get locked you can get back in.

After 2022 PB
After 2023 PB"
2023-07-30,15:38:03,"Nathaniel","Gorham","Nathaniel Gorham","treasurer@troop671bsa.org",40,"Welcome to your ISA! Remember to change the email address to your own, change the Password and add a security question with an answer so if you get locked you can get back in.

After 2022 PB"
2023-07-30,15:39:05,"Benjamin","Gutzke","Benjamin Gutzke","treasurer@troop671bsa.org",77,"Welcome to your ISA! Remember to change the email address to your own, change the Password and add a security question with an answer so if you get locked you can get back in.

After 2022 PB
After 2023 PB"
2023-07-30,15:39:48,"Nathaniel","Gutzke","Nathaniel Gutzke","treasurer@troop671bsa.org",77,"Welcome to your ISA! Remember to change the email address to your own, change the Password and add a security question with an answer so if you get locked you can get back in.

After 2022 PB
After 2023 PB"
2023-07-30,15:40:42,"Jackson","Hurd","Jackson Hurd","treasurer@troop671bsa.org",53,"Welcome to your ISA! Remember to change the email address to your own, change the Password and add a security question with an answer so if you get locked you can get back in.

After 2022 PB
After 2023 PB"
2023-07-30,15:42:15,"Thomas","Kreamer","Thomas Kreamer","treasurer@troop671bsa.org",25,"Welcome to your ISA! Remember to change the email address to your own, change the Password and add a security question with an answer so if you get locked you can get back in.
After PB 2022"
2023-07-30,15:42:58,"Patrick","Krueger","Patrick Krueger","treasurer@troop671bsa.org",50,"Welcome to your ISA! Remember to change the email address to your own, change the Password and add a security question with an answer so if you get locked you can get back in.

After PB 2022
After PB 2023"
2023-07-30,15:43:55,"Andrew","Lamps","Andrew Lamps","treasurer@troop671bsa.org",50,"Welcome to your ISA! Remember to change the email address to your own, change the Password and add a security question with an answer so if you get locked you can get back in.

After 2022 PB
After 2023 PB"
2023-07-30,15:44:53,"Aiden","Lingad","Aiden Lingad","treasurer@troop671bsa.org",25,"Welcome to your ISA! Remember to change the email address to your own, change the Password and add a security question with an answer so if you get locked you can get back in.

After 2022 PB"
2023-07-30,15:45:54,"Andrew","Maeder","Andrew Maeder","treasurer@troop671bsa.org",84,"Welcome to your ISA! Remember to change the email address to your own, change the Password and add a security question with an answer so if you get locked you can get back in.

After 2022 PB
After 2023 PB"
2023-07-30,15:46:49,"Kyle","Miron","Kyle Miron","treasurer@troop671bsa.org",25,"Welcome to your ISA! Remember to change the email address to your own, change the Password and add a security question with an answer so if you get locked you can get back in.

After PB 2022"
2023-10-26,09:38:02,"Nathaniel","Gutzke","Nathaniel Gutzke","treasurer@troop671bsa.org",77.00,"Welcome to your ISA! Remember to change the email address to your own, change the Password and add a security question with an answer so if you get locked you can get back in.

After 2022 PB
After 2023 PB","no"
2023-11-07,19:02:34,"Vedant","Sayankar","Vedant Sayankar","svedant2020@gmail.com",114.98,"Change the email address below to your own email address.  Choose a security question and answer. After 2018 PB tics. After 2018 popcorn. After 2019 MKJW. After 2019 PB tics. After $85  2019 family camping trip.
After 2019 popcorn and wreaths.
After Wyalusing (30) and 2021 recahrter fee. After 2020 wreaths.
After popcorn 2020. After dues 2022. After popcorn 2021.
After Makajawan and Philmont 2022
After PB 2022
After 2023 dues
After 2023 PB","no"
2023-11-28,15:14:56,"Alexander","Brink","Alexander Brink","treasurer@troop671bsa.org",292.21,"Welcome to your ISA! Remember to change the email address to your own, change the Password and add a security question with an answer so if you get locked you can get back in.

After PB 2022
After popcorn 2022
After PB 2023
After popcorn 2023","no"
2023-11-28,15:16:59,"Zander","Dent","Zander Dent","janelle.dent@gmail.com",443.27,"Initial $270.30
Makajawan 270.30
After popcorn 2023
After PB 2022. After 2022 Popcorn. After 2023 PB.","no"
2023-11-28,15:18:11,"Matthew","Ephgrave","Matthew Ephgrave","dunklaj@yahoo.com",405.85,"After 2021 popcorn
After PB 2022
After popcorn 2023
After popcorn 2023, wreaths 2023
After 500 for jamboree.
After 2023 PB.","no"
2023-11-28,15:19:20,"Aydan","Galvin","Galvin17","jen.galvin.917@gmail.com",1741.18,"After 2021 popcorn
After PB 2022
After popcorn 2023
After popcorn 2022.
After wreaths 2022.
After MKJWN 2023
After PB 2023
","no"
2023-11-28,15:20:09,"Nathaniel","Gutzke","Nathaniel Gutzke","treasurer@troop671bsa.org",1210.46,"Welcome to your ISA! Remember to change the email address to your own, change the Password and add a security question with an answer so if you get locked you can get back in.

After 2022 PB
After 2023 PB
After popcorn 2023","no"
2023-11-28,15:20:46,"Leith","Hoffman","Leith Hoffman","treasurer@troop671bsa.org",115.68,"Please update your email address above. After 2018 PB tics. After 2019 PB tics. After 2019 wreaths. After 2020 wreaths.
After PB 2022. After 630 for jamboree. After popcorn 2022. After wreaths 2022.
After PB 2023. 
After popcorn 2023","no"
2023-11-28,15:22:51,"Devin","Short","Devin Short","Allan@theshortpeople.com",849.52,"Balance after
Popcorn 2002, wreaths 2022 and pancake 2023
After popcorn 2023","no"
2023-11-28,15:23:24,"William","Dionne","William Dionne","Rebecca.dionne@outlook.com",748.45,"After wreaths and popcorn 2022. After 2023 MKJWN. After 2023 PB
After popcorn 2023","no"
2023-12-01,07:19:31,"Ryland","Rivera","Ryland Rivera","Treasurer@troop671.org",244.06,"Please update password
After popcorn 2023"
2023-12-01,09:50:04,"Noah","Adrian","Noah Adrian","padrian@swalco.org",,"Change the email address below to your own email .address.  Choose a security question and answer. After wreaths and popcorn 2016. After MKJW winter 2017 and PB tics 2017. After 2017 troop fee, 2017 popcorn and 2018 MKJW summer. After 2018 evergreens. After 2019 recharter fee.
After 2020 recharter fee.
After 2021 recharter fee.
After 2022 dues.
After 2023 writeoff","yes"
2023-12-01,09:50:34,"Joe","Barber","Joe Barber","mabar7@gmail.com",,"Change the email address below to your own email address.  Choose a security question and answer. After wreaths 2016. After PB tics 2017. After car wash 6/10/17. After 2017 troop fee. After 2018 PB tics and car wash. After 2018 troop dues. After 2019 PB tics. After 2019 car wash.
After 2023 writeoff","yes"
2023-12-01,09:51:05,"Spencer","Burton","Spencer Burton","Heidimburton@comcast.net",," Balance after wreaths 2015, Philmont and PB tics 2016. After wreaths 2016. After 2017 PB tics. After 2017 popcorn and evergreens. After troop fees for 2019 $60. After 2018 evergreens.
After 2023 writeoff","yes"
2023-12-01,09:51:34,"Elijiah","Crothers","Elijiah.Crothers","treasurer@troop671bsa.org",258.20,"Welcome to your ISA! Remember to change the email address to your own, change the Password and add a security question with an answer so if you get locked you can get back in.

After 2022 PB
After 2022 WREATHS, popcorn
After 2023 PB
After 100 donation","no"
2023-12-01,09:52:10,"Vincent","Kirk","Vincent Kirk","treasurer@troop671bsa.org",,"Change the email address above to your own. 
Balance after wreaths 2015. After 2017 PB tics. After 2017 popcorn and evergreens. After 2018 PB tics. After 2018 evergreens. After 2019 PB tics.
After 2023 writeoff","yes"
2023-12-01,09:52:39,"Isaac","Koob","Isaac Koob","treasurer@troop671bsa.org",,"Change the email address above to your own.
Balance after popcorn and wreaths 2015. After wreaths and popcorn 2016. After 2017 PB tics. After 2017 popcorn and evergreens. After 2018 PB tics. After Eagle Cave and 2018 evergreens. After MKJW 2019. After 2019 Northern Tier of $200. After 2019 PB tics.
After 2023 writeoff","yes"
2023-12-01,09:53:03,"Tyler","Montano","Tyler Montano","treasurer@troop671bsa.org",,"Change the email address below to your own email address.  Choose a security question and answer. After popcorn 2016. After 2017 PB tics. After 2018 MKJW tshirt (no request).
After 2023 writeoff","yes"
2023-12-01,09:53:36,"Patrick","Naumann","Patrick Naumann","patrick.naumann@ymail.com",,"Change the email below to your email address.  Choose a security question and answer. 
Balance after wreaths 2015 and PB tics 2016. After 2017 PB tics. After 2017 popcorn and evergreens. After 2018 PB tics and Eagle expenses.
After 2019 PB tics.
After 2020 recharter fee.
After 2023 writeoff","yes"
2023-12-01,09:54:05,"Griffin","Pavletic","Griffin Pavletic","treasurer@troop671bsa.org",,"Change the email address below to your own email address.  Choose a security question and answer. After 2017 PB tics.
After 2023 writeoff","yes"
2023-12-01,09:54:38,"Clark","Pawlak","Clark Pawlak","pawlak@gmail.com",64.50,"After wreath sales 2020
100 to pay for 2021 MaKaJaWan deposit
After wreath sales 2021
After PB 2022
After 2022 wreaths
After 2023 PB
After 2023 dues","no"
2023-12-01,09:55:11,"Vedant","Sayankar","Vedant Sayankar","svedant2020@gmail.com",74.98,"Change the email address below to your own email address.  Choose a security question and answer. After 2018 PB tics. After 2018 popcorn. After 2019 MKJW. After 2019 PB tics. After $85  2019 family camping trip.
After 2019 popcorn and wreaths.
After Wyalusing (30) and 2021 recahrter fee. After 2020 wreaths.
After popcorn 2020. After dues 2022. After popcorn 2021.
After Makajawan and Philmont 2022
After PB 2022
After 2023 dues
After 2023 PB
After 2023 dues","no"
2023-12-01,09:55:57,"Gavin","Short","Gavin Short","gavin@theshortpeople.com",,"Balance after popcorn and wreaths 2015 and $300 MKJW 2016, $400 Philmont and $75 MKJW week 2 and PB tics 2016. After wreaths and popcorn 2016. After 2017 PB tics. After 2017 popcorn and evergreens. After 2018 PB tics. After final Seabase payment of $201.21. After 2018 Boo camp t-shirt. After 2018 evergreens. TESTING UPDATES!! After 2019 PB tics.
After 2022 dues
After 2023 writeoff","yes"
2024-01-08,09:44:44,"Benjamin","Gutzke","Benjamin Gutzke","bengutzke0@gmail.com",643.73,"Welcome to your ISA! Remember to change the email address to your own, change the Password and add a security question with an answer so if you get locked you can get back in.

After 2022 PB
After 2023 PB
After 2023 popcorn","no"
2024-01-08,09:45:14,"Nathaniel","Gutzke","Nathaniel Gutzke","treasurer@troop671bsa.org",643.73,"Welcome to your ISA! Remember to change the email address to your own, change the Password and add a security question with an answer so if you get locked you can get back in.

After 2022 PB
After 2023 PB
After popcorn 2023","no"
2024-01-12,10:34:37,"Nate","Gutzke","Nate Gutzke","Treasurer@troop671bsa.org",643.73,"Welcome to your ISA! Remember to change the email address to your own, change the Password and add a security question with an answer so if you get locked you can get back in.

After 2022 PB
After 2023 PB
After popcorn 2023"
2024-01-12,10:35:23,"Nathaniel","Gutzke","Nathaniel Gutzke","treasurer@troop671bsa.org",,"Welcome to your ISA! Remember to change the email address to your own, change the Password and add a security question with an answer so if you get locked you can get back in.

After 2022 PB
After 2023 PB
After popcorn 2023","yes"
2024-01-29,07:53:37,"Aydan","Galvin","Galvin17","jen.galvin.917@gmail.com",1741.18,"After 2021 popcorn
After PB 2022
After popcorn 2023
After popcorn 2022.
After wreaths 2022.
After MKJWN 2023
After PB 2023
","no"
2024-02-06,17:35:06,"Aydan","Galvin","Galvin17","jen.galvin.917@gmail.com",1271.18,"After 2021 popcorn
After PB 2022
After popcorn 2023
After popcorn 2022.
After wreaths 2022.
After MKJWN 2023
After PB 2023
After 2024 MaKaJaWan
","no"
2024-02-06,17:35:49,"Benjamin","Gutzke","Benjamin Gutzke","bengutzke0@gmail.com",173.73,"Welcome to your ISA! Remember to change the email address to your own, change the Password and add a security question with an answer so if you get locked you can get back in.

After 2022 PB
After 2023 PB
After 2023 popcorn
After 2024 MaKaJaWan","no"
2024-02-06,17:36:15,"Nate","Gutzke","Nate Gutzke","scottgutzke@gmail.com",173.73,"Welcome to your ISA! Remember to change the email address to your own, change the Password and add a security question with an answer so if you get locked you can get back in.

After 2022 PB
After 2023 PB
After popcorn 2023
After 2024 MaKaJaWan","no"
2024-03-04,12:48:47,"Zander","Dent","Zander Dent","Zander.dent@gmail.com",313.27,"Initial $270.30
Makajawan 270.30
After popcorn 2023
After PB 2022. After 2022 Popcorn. After 2023 PB.
After camp 2024","no"
2024-03-04,12:49:42,"William","Dionne","William Dionne","Rebecca.dionne@outlook.com",278.45,"After wreaths and popcorn 2022. After 2023 MKJWN. After 2023 PB
After popcorn 2023
After 2024 MKJWN","no"
2024-04-01,12:04:29,"Elijiah","Crothers","Elijiah.Crothers","treasurer@troop671bsa.org",288.20,"Welcome to your ISA! Remember to change the email address to your own, change the Password and add a security question with an answer so if you get locked you can get back in.

After 2022 PB
After 2022 WREATHS, popcorn
After 2023 PB
After 100 donation
After wreaths 2023","no"
2024-04-01,12:05:17,"Matthew","Ephgrave","Matthew Ephgrave","dunklaj@yahoo.com",415.85,"After 2021 popcorn
After PB 2022
After popcorn 2023
After popcorn 2023, wreaths 2023
After 500 for jamboree.
After 2023 PB.
After wreaths 2023","no"
2024-04-01,12:06:02,"Hudson","Hoffman","Hudson Hoffman","treasurer@troop671bsa.org",64.00,"Welcome to your ISA! Remember to change the email address to your own, change the Password and add a security question with an answer so if you get locked you can get back in.
After wreaths 2023","no"
2024-04-01,12:06:38,"Clark","Pawlak","Clark Pawlak","pawlak@gmail.com",89.50,"After wreath sales 2020
100 to pay for 2021 MaKaJaWan deposit
After wreath sales 2021
After PB 2022
After 2022 wreaths
After 2023 PB
After 2023 dues
After wreaths 2023","no"
2024-04-01,12:07:21,"Ryland","Rivera","Ryland Rivera","Treasurer@troop671.org",4.06,"Please update password
After popcorn 2023
After MSR 2024","no"
2024-04-01,12:07:58,"Devin","Short","Devin Short","Allan@theshortpeople.com",899.52,"Balance after
Popcorn 2002, wreaths 2022 and pancake 2023
After popcorn 2023
After wreaths 2023","no"
2024-04-01,12:08:24,"William","Dionne","William Dionne","Rebecca.dionne@outlook.com",293.45,"After wreaths and popcorn 2022. After 2023 MKJWN. After 2023 PB
After popcorn 2023
After wreaths 2023 
After 2024 MKJWN
","no"
2024-04-02,08:54:49,"Joseph","Pec","Joseph Pec","marylpec@gmail.com",114.99,"Change the email address below to your own email address.  Choose a security question and answer. After 2018 PB tics. After 2019 PB tics. After 2019 wreaths.
After PB 2022
After PB 2023","no"
2024-06-14,09:15:44,"Callum","Bedwell","Callum Bedwell","treasurer@troop671bsa.org",94.00,"Welcome to your ISA! Remember to change the email address to your own, change the Password and add a security question with an answer so if you get locked you can get back in.
After PB 2022, Wreaths 2022, PB 2023
After PB 2024","no"
2024-06-14,09:16:50,"Alexander","Brink","Alexander Brink","treasurer@troop671bsa.org",317.21,"Welcome to your ISA! Remember to change the email address to your own, change the Password and add a security question with an answer so if you get locked you can get back in.

After PB 2022
After popcorn 2022
After PB 2023
After popcorn 2023
After PB 2024","no"
2024-06-14,09:17:19,"Elijiah","Crothers","Elijiah.Crothers","treasurer@troop671bsa.org",313.20,"Welcome to your ISA! Remember to change the email address to your own, change the Password and add a security question with an answer so if you get locked you can get back in.

After 2022 PB
After 2022 WREATHS, popcorn
After 2023 PB
After 100 donation
After wreaths 2023
After PB 2024","no"
2024-06-14,09:17:49,"Zander","Dent","Zander Dent","Zander.dent@gmail.com",338.27,"Initial $270.30
Makajawan 270.30
After popcorn 2023
After PB 2022. After 2022 Popcorn. After 2023 PB.
After camp 2024
After PB 2024","no"
2024-06-14,09:18:30,"Aidan","Dunne","Aidan Dunne","treasurer@troop671bsa.org",65.00,"Welcome to your ISA! Remember to change the email address to your own, change the Password and add a security question with an answer so if you get locked you can get back in.

After 2022 PB
After 2023 PB
After PB 2024","no"
2024-06-14,09:19:08,"Thomas","Dunne","Thomas Dunne","treasurer@troop671bsa.org",65.00,"Welcome to your ISA! Remember to change the email address to your own, change the Password and add a security question with an answer so if you get locked you can get back in.

After 2022 PB
After 2023 PB
After PB 2024","no"
2024-06-14,09:19:39,"Matthew","Ephgrave","Matthew Ephgrave","dunklaj@yahoo.com",440.85,"After 2021 popcorn
After PB 2022
After popcorn 2023
After popcorn 2023, wreaths 2023
After 500 for jamboree.
After 2023 PB.
After wreaths 2023
After PB 2024","no"
2024-06-14,09:20:25,"Aydan","Galvin","Galvin17","jen.galvin.917@gmail.com",1284.18,"After 2021 popcorn
After PB 2022
After popcorn 2023
After popcorn 2022.
After wreaths 2022.
After MKJWN 2023
After PB 2023
After 2024 MaKaJaWan
After PB 2024
","no"
2024-06-14,09:21:44,"Benjamin","Gutzke","Benjamin Gutzke","bengutzke0@gmail.com",214.73,"Welcome to your ISA! Remember to change the email address to your own, change the Password and add a security question with an answer so if you get locked you can get back in.

After 2022 PB
After 2023 PB
After 2023 popcorn
After 2024 MaKaJaWan
After PB 2024","no"
2024-06-14,09:22:05,"Nate","Gutzke","Nate Gutzke","scottgutzke@gmail.com",214.73,"Welcome to your ISA! Remember to change the email address to your own, change the Password and add a security question with an answer so if you get locked you can get back in.

After 2022 PB
After 2023 PB
After popcorn 2023
After 2024 MaKaJaWan
After PB 2024","no"
2024-06-14,09:22:36,"Hudson","Hoffman","Hudson Hoffman","treasurer@troop671bsa.org",83.00,"Welcome to your ISA! Remember to change the email address to your own, change the Password and add a security question with an answer so if you get locked you can get back in.
After wreaths 2023
After PB 2024","no"
2024-06-14,09:23:16,"Leith","Hoffman","Leith Hoffman","treasurer@troop671bsa.org",140.68,"Please update your email address above. After 2018 PB tics. After 2019 PB tics. After 2019 wreaths. After 2020 wreaths.
After PB 2022. After 630 for jamboree. After popcorn 2022. After wreaths 2022.
After PB 2023. 
After popcorn 2023
After PB 2024","no"
2024-06-14,09:23:56,"Jackson","Hurd","Jackson Hurd","treasurer@troop671bsa.org",78.00,"Welcome to your ISA! Remember to change the email address to your own, change the Password and add a security question with an answer so if you get locked you can get back in.

After 2022 PB
After 2023 PB
After PB 2024","no"
2024-06-14,09:24:31,"Patrick","Krueger","Patrick Krueger","treasurer@troop671bsa.org",75.00,"Welcome to your ISA! Remember to change the email address to your own, change the Password and add a security question with an answer so if you get locked you can get back in.

After PB 2022
After PB 2023
After PB 2024","no"
2024-06-14,09:25:10,"Andrew","Lamps","Andrew Lamps","treasurer@troop671bsa.org",75.00,"Welcome to your ISA! Remember to change the email address to your own, change the Password and add a security question with an answer so if you get locked you can get back in.

After 2022 PB
After 2023 PB
After PB 2024","no"
2024-06-14,09:26:24,"Connor","Daugherty","Connor Daugherty","Rdaugherty17@gmail.com",50.00,"After 2023 pancake
After 2024 PB","no"
2024-06-14,09:27:00,"Andrew","Maeder","Andrew Maeder","treasurer@troop671bsa.org",141.00,"Welcome to your ISA! Remember to change the email address to your own, change the Password and add a security question with an answer so if you get locked you can get back in.

After 2022 PB
After 2023 PB
After 2024 PB","no"
2024-06-14,09:27:34,"Erik","Moore","Erik Moore","treasurer@troop671bsa.org",82.00,"Welcome to your ISA! Remember to change the email address to your own, change the Password and add a security question with an answer so if you get locked you can get back in.

After 2022 PB
After 2023 PB
After 2024 PB","no"
2024-06-14,09:28:16,"Zachary","Moore","Zachary Moore","treasurer@troop671bsa.org",105.23,"Welcome to your ISA! Remember to change the email address to your own, change the Password and add a security question with an answer so if you get locked you can get back in.
After PB 2022
After popcorn 2022
After PB 2023
After 2024 PB","no"
2024-06-14,09:28:55,"Christopher","Padden","Christopher Padden","treasurer@troop671bsa.org",129.13,"Please update email address to your own.  After 2019 PB tics. After 2019 car wash.
After PB 2022. After 2023 PB. After 2024 PB","no"
2024-06-14,09:29:36,"Clark","Pawlak","Clark Pawlak","pawlak@gmail.com",114.50,"After wreath sales 2020
100 to pay for 2021 MaKaJaWan deposit
After wreath sales 2021
After PB 2022
After 2022 wreaths
After 2023 PB
After 2023 dues
After wreaths 2023
After 2024 PB","no"
2024-06-14,09:30:14,"Joseph","Pec","Joseph Pec","marylpec@gmail.com",139.99,"Change the email address below to your own email address.  Choose a security question and answer. After 2018 PB tics. After 2019 PB tics. After 2019 wreaths.
After PB 2022
After PB 2023
After 2024 PB","no"
2024-06-14,09:30:42,"Nikhilan","Rathinakumar","Nikhilan Rathinakumar","treasurer@troop671bsa.org",86.00,"Welcome to your ISA! Remember to change the email address to your own, change the Password and add a security question with an answer so if you get locked you can get back in.

After PB 2022
After PB 2023
After 2024 PB","no"
2024-06-14,09:31:19,"Vedant","Sayankar","Vedant Sayankar","svedant2020@gmail.com",99.98,"Change the email address below to your own email address.  Choose a security question and answer. After 2018 PB tics. After 2018 popcorn. After 2019 MKJW. After 2019 PB tics. After $85  2019 family camping trip.
After 2019 popcorn and wreaths.
After Wyalusing (30) and 2021 recahrter fee. After 2020 wreaths.
After popcorn 2020. After dues 2022. After popcorn 2021.
After Makajawan and Philmont 2022
After PB 2022
After 2023 dues
After 2023 PB
After 2023 dues
After 2024 PB","no"
2024-06-14,09:32:06,"Devin","Short","Devin Short","Allan@theshortpeople.com",924.52,"Balance after
Popcorn 2002, wreaths 2022 and pancake 2023
After popcorn 2023
After wreaths 2023
After 2024 PB","no"
2024-06-14,09:32:55,"William","Dionne","William Dionne","Rebecca.dionne@outlook.com",326.45,"After wreaths and popcorn 2022. After 2023 MKJWN. After 2023 PB
After popcorn 2023
After wreaths 2023 
After 2024 MKJWN
After 2024 PB","no"
2024-06-14,09:33:55,"Ryland","Rivera","Ryland Rivera","Treasurer@troop671.org",46.06,"Please update password
After popcorn 2023
After MSR 2024
After 2024 PB","no"
2024-06-14,09:34:54,"Eliott","Little","Eliott Little","jclittle23@gmail.com",155.00,"please update your password. Balance after 2020 wreaths and popcorn.
after 2022 wreaths. After PB 2022. After 2023 PB.
After 2024 PB","no"
2024-06-14,09:36:06,"Jameson","Lepley","Jameson Lepley","Treasurer@troop671.org",50.00,""
2024-06-14,09:39:00,"Jameson","Lepley","Jameson Lepley","Treasurer@troop671.org",50.00,"Welcome to your ISA! Remember to change the email address to your own, change the Password and add a security question with an answer so if you get locked you can get back in.

After PB 2024","no"
2024-06-14,09:40:26,"Seth","Gross","Seth Gross","Treasurer@troop671.org",32.00,"Welcome to your ISA! Remember to change the email address to your own, change the Password and add a security question with an answer so if you get locked you can get back in.

After PB 2024"
2024-06-14,09:41:14,"Rowan","Heidner","Rowan Heidner","Treasurer@troop671.org",31.00,"Welcome to your ISA! Remember to change the email address to your own, change the Password and add a security question with an answer so if you get locked you can get back in.

After PB 2024"
2024-06-14,09:42:01,"Taso","Barnes","Taso Barnes","Treasurer@troop671.org",25.00,"Welcome to your ISA! Remember to change the email address to your own, change the Password and add a security question with an answer so if you get locked you can get back in.

After PB 2024"
2024-06-14,09:42:49,"Christopher","Ceriale","Christopher Ceriale","Treasurer@troop671.org",25.00,"Welcome to your ISA! Remember to change the email address to your own, change the Password and add a security question with an answer so if you get locked you can get back in.

After PB 2024"
2024-06-14,09:43:32,"Ian","Daugherty","Ian Daugherty","Treasurer@troop671.org",25.00,"Welcome to your ISA! Remember to change the email address to your own, change the Password and add a security question with an answer so if you get locked you can get back in.

After PB 2024"
2024-06-14,09:44:18,"Nicholas","Ephgrave","Nicholas Ephgrave","Treasurer@troop671.org",25.00,"Welcome to your ISA! Remember to change the email address to your own, change the Password and add a security question with an answer so if you get locked you can get back in.

After PB 2024"
2024-06-14,09:45:02,"Bradley","Murphy","Bradley Murphy","Treasurer@troop671.org",25.00,"Welcome to your ISA! Remember to change the email address to your own, change the Password and add a security question with an answer so if you get locked you can get back in.

After PB 2024"
2024-06-14,09:45:55,"Jack","Stoll","Jack Stoll","Treasurer@troop671.org",25.00,"Welcome to your ISA! Remember to change the email address to your own, change the Password and add a security question with an answer so if you get locked you can get back in.

After PB 2024"
2024-06-14,09:46:27,"Liam","Moore","Liam Moore","Treasurer@troop671.org",22.00,"Welcome to your ISA! Remember to change the email address to your own, change the Password and add a security question with an answer so if you get locked you can get back in.

After PB 2024"
2024-07-22,14:59:50,"William","Dionne","William Dionne","Rebecca.dionne@outlook.com",326.45,"After wreaths and popcorn 2022. After 2023 MKJWN. After 2023 PB
After popcorn 2023
After wreaths 2023 
After 2024 MKJWN
After 2024 PB","no"
2024-09-15,14:50:27,"Ryland","Rivera","Ryland Rivera","Treasurer@troop671.org",6.06,"Please update password
After popcorn 2023
After MSR 2024
After 2024 PB
After MKJWN horse riding","no"
2024-12-01,16:28:28,"Vedant","Sayankar","Vedant Sayankar","svedant2020@gmail.com",,"Change the email address below to your own email address.  Choose a security question and answer. After 2018 PB tics. After 2018 popcorn. After 2019 MKJW. After 2019 PB tics. After $85  2019 family camping trip.
After 2019 popcorn and wreaths.
After Wyalusing (30) and 2021 recahrter fee. After 2020 wreaths.
After popcorn 2020. After dues 2022. After popcorn 2021.
After Makajawan and Philmont 2022
After PB 2022
After 2023 dues
After 2023 PB
After 2023 dues
After 2024 PB
After eagle","yes"
2024-12-01,16:30:03,"Benjamin","Gutzke","Benjamin Gutzke","bengutzke0@gmail.com",169.73,"Welcome to your ISA! Remember to change the email address to your own, change the Password and add a security question with an answer so if you get locked you can get back in.

After 2022 PB
After 2023 PB
After 2023 popcorn
After 2024 MaKaJaWan
After PB 2024
After Jan 2025 camp out fee","no"
2024-12-01,16:30:35,"Nate","Gutzke","Nate Gutzke","scottgutzke@gmail.com",169.73,"Welcome to your ISA! Remember to change the email address to your own, change the Password and add a security question with an answer so if you get locked you can get back in.

After 2022 PB
After 2023 PB
After popcorn 2023
After 2024 MaKaJaWan
After PB 2024
After Jan 2025 camp fee","no"
2024-12-01,16:32:35,"Elijiah","Crothers","crothers","Treasurer@troop671.org",155,"Balance after popcorn and wreaths 2022. After PB 2023
After philmont","no"
2024-12-01,16:33:24,"William","Dionne","William Dionne","Rebecca.dionne@outlook.com",156.45,"After wreaths and popcorn 2022. After 2023 MKJWN. After 2023 PB
After popcorn 2023
After wreaths 2023 
After 2024 MKJWN
After 2024 PB
After 2025 dues","no"
2025-01-12,08:40:55,"Aydan","Galvin","Galvin17","jen.galvin.917@gmail.com",2143.65,"After 2021 popcorn
After PB 2022
After popcorn 2023
After popcorn 2022.
After wreaths 2022.
After MKJWN 2023
After PB 2023
After 2024 MaKaJaWan
After PB 2024
After popcorn and wreaths 2024
","no"
2025-01-12,08:41:54,"William","Dionne","William Dionne","Rebecca.dionne@outlook.com",772.95,"After wreaths and popcorn 2022. After 2023 MKJWN. After 2023 PB
After popcorn 2023
After wreaths 2023 
After 2024 MKJWN
After 2024 PB
After 2025 dues
After popcorn and wreaths 2024","no"
2025-01-12,08:42:38,"Taso","Barnes","Taso Barnes","Treasurer@troop671.org",585.70,"Welcome to your ISA! Remember to change the email address to your own, change the Password and add a security question with an answer so if you get locked you can get back in.

After PB 2024
After popcorn 2024","no"
2025-01-12,08:43:31,"Benjamin","Gutzke","Benjamin Gutzke","bengutzke0@gmail.com",633.64,"Welcome to your ISA! Remember to change the email address to your own, change the Password and add a security question with an answer so if you get locked you can get back in.

After 2022 PB
After 2023 PB
After 2023 popcorn
After 2024 MaKaJaWan
After PB 2024
After Jan 2025 camp out fee
After 2024 popcorn","no"
2025-01-12,08:43:53,"Nate","Gutzke","Nate Gutzke","scottgutzke@gmail.com",619.73,"Welcome to your ISA! Remember to change the email address to your own, change the Password and add a security question with an answer so if you get locked you can get back in.

After 2022 PB
After 2023 PB
After popcorn 2023
After 2024 MaKaJaWan
After PB 2024
After Jan 2025 camp fee
After 2024 popcorn","no"
2025-01-12,08:44:09,"Hudson","Hoffman","Hudson Hoffman","treasurer@troop671bsa.org",83.00,"Welcome to your ISA! Remember to change the email address to your own, change the Password and add a security question with an answer so if you get locked you can get back in.
After wreaths 2023
After PB 2024","no"
2025-01-12,08:45:05,"Hudson","Hoffman","Hudson Hoffman","treasurer@troop671bsa.org",534.31,"Welcome to your ISA! Remember to change the email address to your own, change the Password and add a security question with an answer so if you get locked you can get back in.
After wreaths 2023
After PB 2024
After 2024 popcorn And wreaths ","no"
2025-01-12,08:45:38,"Seth","Gross","Seth Gross","Treasurer@troop671.org",355.55,"Welcome to your ISA! Remember to change the email address to your own, change the Password and add a security question with an answer so if you get locked you can get back in.

After PB 2024
After 2024 popcorn","no"
2025-01-12,08:46:13,"Ryland","Rivera","Ryland Rivera","Treasurer@troop671.org",290.61,"Please update password
After popcorn 2023
After MSR 2024
After 2024 PB
After MKJWN horse riding
After 2024 popcorn","no"
2025-01-12,08:46:53,"Bradley","Murphy","Bradley Murphy","Treasurer@troop671.org",236.50,"Welcome to your ISA! Remember to change the email address to your own, change the Password and add a security question with an answer so if you get locked you can get back in.

After PB 2024
After 2024 popcorn","no"
2025-01-12,08:47:20,"Alexander","Brink","Alexander Brink","treasurer@troop671bsa.org",528.41,"Welcome to your ISA! Remember to change the email address to your own, change the Password and add a security question with an answer so if you get locked you can get back in.

After PB 2022
After popcorn 2022
After PB 2023
After popcorn 2023
After PB 2024
After 2024 popcorn","no"
2025-01-12,08:47:49,"Matthew","Ephgrave","Matthew Ephgrave","dunklaj@yahoo.com",594.00,"After 2021 popcorn
After PB 2022
After popcorn 2023
After popcorn 2023, wreaths 2023
After 500 for jamboree.
After 2023 PB.
After wreaths 2023
After PB 2024
After 2024 popcorn","no"
2025-01-12,08:48:39,"Jack","Pawlak","Jack Pawlak","pawlak@gmail.com",," After wreaths and popcorn 2016. After 2017 PB tics. After MKJW payment of $30. After 2017 MKJW t-shirt. After $85 JAX campout fee. After 2018 troop fee.  After 2017 popcorn and evergreens. After 2018 PB tics. After 1st installment 2019 Philmont. After troop fee of $60 for 2019. After 2018 popcorn. After $200.40 pmt toward 2019 Philmont. After 2019 PB tics.
after 2019 popcorn.
After 2020 Wyalusing and 2021 recharter fee
After PB 2022
After eagle reimburse","yes"
2025-01-12,08:49:04,"Callum","Bedwell","Callum Bedwell","treasurer@troop671bsa.org",99.00,"Welcome to your ISA! Remember to change the email address to your own, change the Password and add a security question with an answer so if you get locked you can get back in.
After PB 2022, Wreaths 2022, PB 2023
After PB 2024
After 2024 wreaths","no"
2025-01-12,08:49:48,"Clark","Pawlak","Clark Pawlak","pawlak@gmail.com",30.00,"After wreath sales 2020
100 to pay for 2021 MaKaJaWan deposit
After wreath sales 2021
After PB 2022
After 2022 wreaths
After 2023 PB
After 2023 dues
After wreaths 2023
After 2024 PB
After 2025 dues
After 2024 wreaths","no"
2025-01-12,08:50:44,"Devin","Short","Devin Short","Allan@theshortpeople.com",969.52,"Balance after
Popcorn 2002, wreaths 2022 and pancake 2023
After popcorn 2023
After wreaths 2023
After 2024 PB
After 2024 popcorn","no"
2025-01-12,08:52:43,"Jackson","Huckstadt","Jackson Huckstadt","Treasurer@troop671.org",89.61,"Welcome to your ISA! Remember to change the email address to your own, change the Password and add a security question with an answer so if you get locked you can get back in."
2025-03-02,16:45:54,"Zander","Dent","Zander Dent","Zander.dent@gmail.com",,"Initial $270.30
Makajawan 270.30
After popcorn 2023
After PB 2022. After 2022 Popcorn. After 2023 PB.
After camp 2024
After PB 2024
Philmont 338.27","no"
2025-03-02,16:57:42,"Elijiah","Crothers","Elijiah.Crothers","treasurer@troop671bsa.org",,"Welcome to your ISA! Remember to change the email address to your own, change the Password and add a security question with an answer so if you get locked you can get back in.

After 2022 PB
After 2022 WREATHS, popcorn
After 2023 PB
After 100 donation
After wreaths 2023
After PB 2024","yes"
2025-03-02,16:59:18,"Benjamin","Gutzke","Benjamin Gutzke","bengutzke0@gmail.com",133.64,"Welcome to your ISA! Remember to change the email address to your own, change the Password and add a security question with an answer so if you get locked you can get back in.

After 2022 PB
After 2023 PB
After 2023 popcorn
After 2024 MaKaJaWan
After PB 2024
After Jan 2025 camp out fee
After 2024 popcorn
MKJWN 500","no"
2025-03-02,16:59:53,"Nate","Gutzke","Nate Gutzke","scottgutzke@gmail.com",119.73,"Welcome to your ISA! Remember to change the email address to your own, change the Password and add a security question with an answer so if you get locked you can get back in.

After 2022 PB
After 2023 PB
After popcorn 2023
After 2024 MaKaJaWan
After PB 2024
After Jan 2025 camp fee
After 2024 popcorn
MKJWN 500","no"
2025-05-11,08:55:38,"Taso","Barnes","Taso Barnes","Treasurer@troop671.org",585.70,"Welcome to your ISA! Remember to change the email address to your own, change the Password and add a security question with an answer so if you get locked you can get back in.

After PB 2024
After popcorn 2024","no"
2025-05-11,08:57:07,"Taso","Barnes","Taso Barnes","Treasurer@troop671.org",585.70,"Welcome to your ISA! Remember to change the email address to your own, change the Password and add a security question with an answer so if you get locked you can get back in.

After PB 2024
After popcorn 2024","no"
2025-05-11,18:18:09,"Taso","Barnes","Taso Barnes","Treasurer@troop671.org",585.70,"Welcome to your ISA! Remember to change the email address to your own, change the Password and add a security question with an answer so if you get locked you can get back in.

After PB 2024
After popcorn 2024","no"
2025-06-02,08:29:21,"Taso","Barnes","Taso Barnes","Treasurer@troop671.org",470.72,"Welcome to your ISA! Remember to change the email address to your own, change the Password and add a security question with an answer so if you get locked you can get back in.

After PB 2024
After popcorn 2024
After May 2025 camp, shirt and hat","no"
2025-08-04,09:00:09,"Aydan","Galvin","Galvin17","jen.galvin.917@gmail.com",143.65,"After 2021 popcorn
After PB 2022
After popcorn 2023
After popcorn 2022.
After wreaths 2022.
After MKJWN 2023
After PB 2023
After 2024 MaKaJaWan
After PB 2024
After popcorn and wreaths 2024
After jamboree payment","no"
2025-08-04,09:11:31,"William","Dionne","William Dionne","Rebecca.dionne@outlook.com",334.77,"After wreaths and popcorn 2022. After 2023 MKJWN. After 2023 PB
After popcorn 2023
After wreaths 2023 
After 2024 MKJWN
After 2024 PB
After 2025 dues
After popcorn and wreaths 2024
After reimbursement","no"
2025-09-02,14:23:20,"Benjamin","Gutzke","Benjamin Gutzke","bengutzke0@gmail.com",23.64,"Welcome to your ISA! Remember to change the email address to your own, change the Password and add a security question with an answer so if you get locked you can get back in.

After 2022 PB
After 2023 PB
After 2023 popcorn
After 2024 MaKaJaWan
After PB 2024
After Jan 2025 camp out fee
After 2024 popcorn
MKJWN 500
Camp 110","no"
2025-09-02,14:24:04,"Nate","Gutzke","Nate Gutzke","nategutzke@gmail.com",9.73,"Welcome to your ISA! Remember to change the email address to your own, change the Password and add a security question with an answer so if you get locked you can get back in.

After 2022 PB
After 2023 PB
After popcorn 2023
After 2024 MaKaJaWan
After PB 2024
After Jan 2025 camp fee
After 2024 popcorn
MKJWN 500
Camp 110","no"
2025-09-02,14:25:04,"Hudson","Hoffman","Hudson Hoffman","starcrafter970@gmail.com",110,"Welcome to your ISA! Remember to change the email address to your own, change the Password and add a security question with an answer so if you get locked you can get back in.
After wreaths 2023
After PB 2024
After 2024 popcorn And wreaths 
Jambo 534.31
Add 110 donation","no"
2025-10-05,08:27:07,"William","Dionne","William Dionne","Rebecca.dionne@outlook.com",192.33,"After wreaths and popcorn 2022. After 2023 MKJWN. After 2023 PB
After popcorn 2023
After wreaths 2023 
After 2024 MKJWN
After 2024 PB
After 2025 dues
After popcorn and wreaths 2024
After reimbursement
After Septreimbursement","no"
2025-10-05,08:27:31,"Hudson","Hoffman","Hudson Hoffman","starcrafter970@gmail.com",128,"Welcome to your ISA! Remember to change the email address to your own, change the Password and add a security question with an answer so if you get locked you can get back in.
After wreaths 2023
After PB 2024
After 2024 popcorn And wreaths 
Jambo 534.31
Add 110 donation
After 18 donation","no"
2025-10-14,16:56:46,"Nikhilan","Rathinakumar","Nikhilan Rathinakumar","treasurer@troop671bsa.org",86.00,"Welcome to your ISA! Remember to change the email address to your own, change the Password and add a security question with an answer so if you get locked you can get back in.

After PB 2022
After PB 2023
After 2024 PB","no"
2025-11-02,14:36:39,"Nikhilan","Rathinakumar","Nikhilan Rathinakumar","treasurer@troop671bsa.org",0.0,"Welcome to your ISA! Remember to change the email address to your own, change the Password and add a security question with an answer so if you get locked you can get back in.

After PB 2022
After PB 2023
After 2024 PB
After Eagle project payout","no"
2025-11-11,16:37:06,"Seth","Gross","Seth Gross","Treasurer@troop671.org",355.55,"Welcome to your ISA! Remember to change the email address to your own, change the Password and add a security question with an answer so if you get locked you can get back in.

After PB 2024
After 2024 popcorn","no"
2025-11-17,15:17:10,"Taso","Barnes","Taso Barnes","Treasurer@troop671.org",470.72,"Welcome to your ISA! Remember to change the email address to your own, change the Password and add a security question with an answer so if you get locked you can get back in.

After PB 2024
After popcorn 2024
After May 2025 camp, shirt and hat","no"
2025-12-01,09:47:28,"Seth","Gross","Seth Gross","Laurenegross@yahoo.com",215.55,"Welcome to your ISA! Remember to change the email address to your own, change the Password and add a security question with an answer so if you get locked you can get back in.

After PB 2024
After 2024 popcorn
After dec 2025 camp-55
After 2026 dues -85","no"
2026-01-05,11:48:47,"Matthew","Ephgrave","Matthew Ephgrave","dunklaj@yahoo.com",299.00,"After 2021 popcorn
After PB 2022
After popcorn 2023
After popcorn 2023, wreaths 2023
After 500 for jamboree.
After 2023 PB.
After wreaths 2023
After PB 2024
After 2024 popcorn
After 500,for,jamboree
After 2025 popcorn","no"
2026-01-05,11:50:07,"Clark","Pawlak","Clark Pawlak","pawlak@gmail.com",,"After wreath sales 2020
100 to pay for 2021 MaKaJaWan deposit
After wreath sales 2021
After PB 2022
After 2022 wreaths
After 2023 PB
After 2023 dues
After wreaths 2023
After 2024 PB
After 2025 dues
After 2024 wreaths
After 2025 dues","no"
2026-01-05,11:50:44,"Aydan","Galvin","Galvin17","jen.galvin.917@gmail.com",1080.65,"After 2021 popcorn
After PB 2022
After popcorn 2023
After popcorn 2022.
After wreaths 2022.
After MKJWN 2023
After PB 2023
After 2024 MaKaJaWan
After PB 2024
After popcorn and wreaths 2024
After jamboree payment
After 2025 popcorn","no"
2026-01-05,11:51:20,"Benjamin","Gutzke","Benjamin Gutzke","bengutzke0@gmail.com",525.73,"Welcome to your ISA! Remember to change the email address to your own, change the Password and add a security question with an answer so if you get locked you can get back in.

After 2022 PB
After 2023 PB
After 2023 popcorn
After 2024 MaKaJaWan
After PB 2024
After Jan 2025 camp out fee
After 2024 popcorn
MKJWN 500
Camp 110
After 2025 popcorn ","no"
2026-01-05,11:52:34,"Nate","Gutzke","Nate Gutzke","nategutzke@gmail.com",525.73,"Welcome to your ISA! Remember to change the email address to your own, change the Password and add a security question with an answer so if you get locked you can get back in.

After 2022 PB
After 2023 PB
After popcorn 2023
After 2024 MaKaJaWan
After PB 2024
After Jan 2025 camp fee
After 2024 popcorn
MKJWN 500
Camp 110
After 2025 popcorn","no"
2026-01-05,11:52:53,"Benjamin","Gutzke","Benjamin Gutzke","bengutzke0@gmail.com",549.64,"Welcome to your ISA! Remember to change the email address to your own, change the Password and add a security question with an answer so if you get locked you can get back in.

After 2022 PB
After 2023 PB
After 2023 popcorn
After 2024 MaKaJaWan
After PB 2024
After Jan 2025 camp out fee
After 2024 popcorn
MKJWN 500
Camp 110
After 2025 popcorn ","no"
2026-01-05,11:53:25,"Seth","Gross","Seth Gross","Laurenegross@yahoo.com",601.55,"Welcome to your ISA! Remember to change the email address to your own, change the Password and add a security question with an answer so if you get locked you can get back in.

After PB 2024
After 2024 popcorn
After dec 2025 camp-55
After 2026 dues -85
After2025 popcorn","no"
2026-01-05,11:53:53,"Alexander","Brink","Alexander Brink","treasurer@troop671bsa.org",784.41,"Welcome to your ISA! Remember to change the email address to your own, change the Password and add a security question with an answer so if you get locked you can get back in.

After PB 2022
After popcorn 2022
After PB 2023
After popcorn 2023
After PB 2024
After 2024 popcorn
After 2025 popcorn","no"
2026-01-05,11:54:25,"Hudson","Hoffman","Hudson Hoffman","starcrafter970@gmail.com",312.00,"Welcome to your ISA! Remember to change the email address to your own, change the Password and add a security question with an answer so if you get locked you can get back in.
After wreaths 2023
After PB 2024
After 2024 popcorn And wreaths 
Jambo 534.31
Add 110 donation
After 18 donation
After 2025 popcorn","no"
2026-01-05,11:55:34,"Ryland","Rivera","Ryland Rivera","sneetches585@gmail.com",153.00,"Please update password
After popcorn 2023
After MSR 2024
After 2024 PB
After MKJWN horse riding
After 2024 popcorn
After mkjwn
After 2025 popcorn","no"
2026-01-05,11:56:10,"Jameson","Lepley","Jameson Lepley","Treasurer@troop671.org",124.00,"Welcome to your ISA! Remember to change the email address to your own, change the Password and add a security question with an answer so if you get locked you can get back in.

After PB 2024
After 2025 popcorn","no"
2026-01-27,14:05:43,"Leith","Hoffman","Leith Hoffman","treasurer@troop671bsa.org",30.68,"Please update your email address above. After 2018 PB tics. After 2019 PB tics. After 2019 wreaths. After 2020 wreaths.
After PB 2022. After 630 for jamboree. After popcorn 2022. After wreaths 2022.
After PB 2023. 
After popcorn 2023
After PB 2024
after reimbursement 110","no"
2026-02-02,15:32:42,"Aydan","Galvin","Galvin17","jen.galvin.917@gmail.com",1090.65,"After 2021 popcorn
After PB 2022
After popcorn 2023
After popcorn 2022.
After wreaths 2022.
After MKJWN 2023
After PB 2023
After 2024 MaKaJaWan
After PB 2024
After popcorn and wreaths 2024
After jamboree payment
After 2025 popcorn
After 2025 wreaths","no"
2026-02-02,15:33:20,"Devin","Short","Devin Short","Allan@theshortpeople.com",1039.52,"Balance after
Popcorn 2002, wreaths 2022 and pancake 2023
After popcorn 2023
After wreaths 2023
After 2024 PB
After 2024 popcorn
After 2025 wreaths","no"
2026-02-02,15:33:47,"Hudson","Hoffman","Hudson Hoffman","starcrafter970@gmail.com",372.00,"Welcome to your ISA! Remember to change the email address to your own, change the Password and add a security question with an answer so if you get locked you can get back in.
After wreaths 2023
After PB 2024
After 2024 popcorn And wreaths 
Jambo 534.31
Add 110 donation
After 18 donation
After 2025 popcorn
After 2025 wreaths","no"
2026-02-02,15:34:10,"Callum","Bedwell","Callum Bedwell","treasurer@troop671bsa.org",104.00,"Welcome to your ISA! Remember to change the email address to your own, change the Password and add a security question with an answer so if you get locked you can get back in.
After PB 2022, Wreaths 2022, PB 2023
After PB 2024
After 2024 wreaths
After 2025 wreaths","no"
2026-02-02,15:34:34,"Elijiah","Crothers","crothers","Treasurer@troop671.org",160.00,"Balance after popcorn and wreaths 2022. After PB 2023
After philmont
After 2025 wreaths","no"
2026-02-02,15:34:57,"Connor","Daugherty","Connor Daugherty","Rdaugherty17@gmail.com",85.00,"After 2023 pancake
After 2024 PB
After 2025 wreaths","no"
2026-03-02,09:11:35,"Hudson","Hoffman","Hudson Hoffman","starcrafter970@gmail.com",60.00,"Welcome to your ISA! Remember to change the email address to your own, change the Password and add a security question with an answer so if you get locked you can get back in.
After wreaths 2023
After PB 2024
After 2024 popcorn And wreaths 
Jambo 534.31
Add 110 donation
After 18 donation
After 2025 popcorn
After 2025 wreaths
After 312 for Jambo","no"
2026-04-21,18:15:07,"Seth","Gross","Seth Gross","Laurenegross@yahoo.com",1476.55,"Welcome to your ISA! Remember to change the email address to your own, change the Password and add a security question with an answer so if you get locked you can get back in.

After PB 2024
After 2024 popcorn
After dec 2025 camp-55
After 2026 dues -85
After2025 popcorn
After donations 625+250","no"
2026-04-21,18:16:37,"Cole","Gross","Cole Gross","marylpec@gmail.com",875.00,""
2026-04-21,18:18:09,"Cole","Gross","Cole Gross","Laurenegross@yahoo.com",875.00,"Welcome to your ISA! Remember to change the email address to your own, change the Password and add a security question with an answer so if you get locked you can get back in.

After donations 625+250","no"
2026-04-26,12:42:05,"Cole","Gross","Cole Gross","Laurenegross@yahoo.com",875.00,"Welcome to your ISA! Remember to change the email address to your own, change the Password and add a security question with an answer so if you get locked you can get back in.

After donations 625+250","no"
2026-06-16,10:42:31,"Events","Coordinator","Events","Events@troop671bsa.org",,"DO NOT DELETE THIS ACCOUNT"
2026-06-16,10:42:50,"Rick","Jeffries","RJeffries","jeffriesrg@sbcglobal.net",,"Rick you are awesome!!!!","yes"
2026-06-16,10:44:26,"Shane","Huckstadt","Shuckstadt","Sahuckstadt@yahoo.com",,"DO NOT DELETE THIS ACCOUNT"
2026-06-16,10:45:06,"Allan","Short","Ashort","Allan@theshortpeople.com",,""
2026-06-16,10:45:38,"Rick","Jeffries","RJeffries","jeffriesrg@sbcglobal.net",,"Rick you are awesome!!!!","yes"
2026-06-16,10:46:52,"Callum","Bedwell","Callum Bedwell","treasurer@troop671bsa.org",154.00,"Welcome to your ISA! Remember to change the email address to your own, change the Password and add a security question with an answer so if you get locked you can get back in.
After PB 2022, Wreaths 2022, PB 2023
After PB 2024
After 2024 wreaths
After 2025 wreaths
after 2025 and 2026 PB","no"
2026-06-16,10:47:33,"Alexander","Brink","Alexander Brink","treasurer@troop671bsa.org",859.41,"Welcome to your ISA! Remember to change the email address to your own, change the Password and add a security question with an answer so if you get locked you can get back in.

After PB 2022
After popcorn 2022
After PB 2023
After popcorn 2023
After PB 2024
After 2024 popcorn
After 2025 popcorn
after 2025 and 2026 PB","no"
2026-06-16,10:48:25,"Elijiah","Crothers","crothers","Treasurer@troop671.org",185.00,"Balance after popcorn and wreaths 2022. After PB 2023
After philmont
After 2025 wreaths
after 2025 PB
","no"
2026-06-16,10:49:13,"Zander","Dent","Zander Dent","Zander.dent@gmail.com",25.00,"Initial $270.30
Makajawan 270.30
After popcorn 2023
After PB 2022. After 2022 Popcorn. After 2023 PB.
After camp 2024
After PB 2024
Philmont 338.27
after 2025 PB","no"
2026-06-16,10:49:53,"Matthew","Ephgrave","Matthew Ephgrave","dunklaj@yahoo.com",349.00,"After 2021 popcorn
After PB 2022
After popcorn 2023
After popcorn 2023, wreaths 2023
After 500 for jamboree.
After 2023 PB.
After wreaths 2023
After PB 2024
After 2024 popcorn
After 500,for,jamboree
After 2025 popcorn
after 2025 and 2026 PB","no"
2026-06-16,10:50:32,"Aydan","Galvin","Galvin17","jen.galvin.917@gmail.com",1120.65,"After 2021 popcorn
After PB 2022
After popcorn 2023
After popcorn 2022.
After wreaths 2022.
After MKJWN 2023
After PB 2023
After 2024 MaKaJaWan
After PB 2024
After popcorn and wreaths 2024
After jamboree payment
After 2025 popcorn
After 2025 wreaths
after 2025 and 2026 PB","no"
2026-06-16,10:51:27,"Benjamin","Gutzke","Benjamin Gutzke","bengutzke0@gmail.com",629.64,"Welcome to your ISA! Remember to change the email address to your own, change the Password and add a security question with an answer so if you get locked you can get back in.

After 2022 PB
After 2023 PB
After 2023 popcorn
After 2024 MaKaJaWan
After PB 2024
After Jan 2025 camp out fee
After 2024 popcorn
MKJWN 500
Camp 110
After 2025 popcorn 
after 2025 and 2026 PB","no"
2026-06-16,10:52:02,"Nate","Gutzke","Nate Gutzke","nategutzke@gmail.com",605.73,"Welcome to your ISA! Remember to change the email address to your own, change the Password and add a security question with an answer so if you get locked you can get back in.

After 2022 PB
After 2023 PB
After popcorn 2023
After 2024 MaKaJaWan
After PB 2024
After Jan 2025 camp fee
After 2024 popcorn
MKJWN 500
Camp 110
After 2025 popcorn
after 2025 and 2026 PB","no"
2026-06-16,10:52:35,"Hudson","Hoffman","Hudson Hoffman","starcrafter970@gmail.com",110.00,"Welcome to your ISA! Remember to change the email address to your own, change the Password and add a security question with an answer so if you get locked you can get back in.
After wreaths 2023
After PB 2024
After 2024 popcorn And wreaths 
Jambo 534.31
Add 110 donation
After 18 donation
After 2025 popcorn
After 2025 wreaths
After 312 for Jambo
after 2025 and 2026 PB","no"
2026-06-16,10:53:29,"Jackson","Hurd","Jackson Hurd","treasurer@troop671bsa.org",103.00,"Welcome to your ISA! Remember to change the email address to your own, change the Password and add a security question with an answer so if you get locked you can get back in.

After 2022 PB
After 2023 PB
After PB 2024
after 2025 and 2026 PB","no"
2026-06-16,10:53:45,"Jackson","Hurd","Jackson Hurd","treasurer@troop671bsa.org",103.00,"Welcome to your ISA! Remember to change the email address to your own, change the Password and add a security question with an answer so if you get locked you can get back in.

After 2022 PB
After 2023 PB
After PB 2024
after 2025 PB","no"
2026-06-16,10:54:17,"Andrew","Lamps","Andrew Lamps","treasurer@troop671bsa.org",125.00,"Welcome to your ISA! Remember to change the email address to your own, change the Password and add a security question with an answer so if you get locked you can get back in.

After 2022 PB
After 2023 PB
After PB 2024
after 2025 and 2026 PB","no"
2026-06-16,10:54:57,"Connor","Daugherty","Connor Daugherty","Rdaugherty17@gmail.com",135.00,"After 2023 pancake
After 2024 PB
After 2025 wreaths
after 2025 and 2026 PB","no"
2026-06-16,10:55:32,"Andrew","Maeder","Andrew Maeder","treasurer@troop671bsa.org",216.00,"Welcome to your ISA! Remember to change the email address to your own, change the Password and add a security question with an answer so if you get locked you can get back in.

After 2022 PB
After 2023 PB
After 2024 PB
after 2025 and 2026 PB","no"
2026-06-16,10:56:09,"Erik","Moore","Erik Moore","treasurer@troop671bsa.org",132.00,"Welcome to your ISA! Remember to change the email address to your own, change the Password and add a security question with an answer so if you get locked you can get back in.

After 2022 PB
After 2023 PB
After 2024 PB
after 2025 and 2026 PB","no"
2026-06-16,10:56:48,"Zachary","Moore","Zachary Moore","treasurer@troop671bsa.org",165.23,"Welcome to your ISA! Remember to change the email address to your own, change the Password and add a security question with an answer so if you get locked you can get back in.
After PB 2022
After popcorn 2022
After PB 2023
After 2024 PB
after 2025 and 2026 PB","no"
2026-06-16,10:57:28,"Christopher","Padden","Christopher Padden","treasurer@troop671bsa.org",179.13,"Please update email address to your own.  After 2019 PB tics. After 2019 car wash.
After PB 2022. After 2023 PB. After 2024 PB
after 2025 and 2026 PB","no"
2026-06-16,10:58:03,"Clark","Pawlak","Clark Pawlak","pawlak@gmail.com",25.00,"After wreath sales 2020
100 to pay for 2021 MaKaJaWan deposit
After wreath sales 2021
After PB 2022
After 2022 wreaths
After 2023 PB
After 2023 dues
After wreaths 2023
After 2024 PB
After 2025 dues
After 2024 wreaths
After 2025 dues
After 2025 PB","no"
2026-06-16,10:58:42,"Nikhilan","Rathinakumar","Nikhilan Rathinakumar","treasurer@troop671bsa.org",25.00,"Welcome to your ISA! Remember to change the email address to your own, change the Password and add a security question with an answer so if you get locked you can get back in.

After PB 2022
After PB 2023
After 2024 PB
After Eagle project payout
After 2025 PB","no"
2026-06-16,10:59:31,"Devin","Short","Devin Short","Allan@theshortpeople.com",1100.52,"Balance after
Popcorn 2002, wreaths 2022 and pancake 2023
After popcorn 2023
After wreaths 2023
After 2024 PB
After 2024 popcorn
After 2025 wreaths
after 2025 and 2026 PB","no"
2026-06-16,11:00:11,"William","Dionne","William Dionne","Rebecca.dionne@outlook.com",225.33,"After wreaths and popcorn 2022. After 2023 MKJWN. After 2023 PB
After popcorn 2023
After wreaths 2023 
After 2024 MKJWN
After 2024 PB
After 2025 dues
After popcorn and wreaths 2024
After reimbursement
After Septreimbursement
After 2025 PB","no"
2026-06-16,11:00:45,"Ryland","Rivera","Ryland Rivera","sneetches585@gmail.com",203.00,"Please update password
After popcorn 2023
After MSR 2024
After 2024 PB
After MKJWN horse riding
After 2024 popcorn
After mkjwn
After 2025 popcorn
after 2025 and 2026 PB","no"
2026-06-16,11:01:14,"Jameson","Lepley","Jameson Lepley","Treasurer@troop671.org",194.00,"Welcome to your ISA! Remember to change the email address to your own, change the Password and add a security question with an answer so if you get locked you can get back in.

After PB 2024
After 2025 popcorn
after 2025 and 2026 PB","no"
2026-06-16,11:02:21,"Ryland","Rivera","Ryland Rivera","sneetches585@gmail.com",50.00,"Please update password
After popcorn 2023
After MSR 2024
After 2024 PB
After MKJWN horse riding
After 2024 popcorn
After mkjwn
After 2025 popcorn
after 2025 and 2026 PB","no"
2026-06-16,11:04:27,"Seth","Gross","Seth Gross","Laurenegross@yahoo.com",1146.55,"Welcome to your ISA! Remember to change the email address to your own, change the Password and add a security question with an answer so if you get locked you can get back in.

After PB 2024
After 2024 popcorn
After dec 2025 camp-55
After 2026 dues -85
After2025 popcorn
After donations 625+250
after 2025 and 2026 PB","no"
2026-06-16,11:05:16,"Cole","Gross","Cole Gross","Laurenegross@yahoo.com",510.00,"Welcome to your ISA! Remember to change the email address to your own, change the Password and add a security question with an answer so if you get locked you can get back in.

After donations 625+250
After 2026 pb","no"
2026-06-16,11:05:44,"Rowan","Heidner","Rowan Heidner","Treasurer@troop671.org",111.00,"Welcome to your ISA! Remember to change the email address to your own, change the Password and add a security question with an answer so if you get locked you can get back in.

After PB 2024
after 2025 and 2026 PB","no"
2026-06-16,11:06:21,"Taso","Barnes","Taso Barnes","Treasurer@troop671.org",495.72,"Welcome to your ISA! Remember to change the email address to your own, change the Password and add a security question with an answer so if you get locked you can get back in.

After PB 2024
After popcorn 2024
After May 2025 camp, shirt and hat
After 2025 PB","no"
2026-06-16,11:06:50,"Ian","Daugherty","Ian Daugherty","Treasurer@troop671.org",75.00,"Welcome to your ISA! Remember to change the email address to your own, change the Password and add a security question with an answer so if you get locked you can get back in.

After PB 2024
after 2025 and 2026 PB","no"
2026-06-16,11:07:16,"Nicholas","Ephgrave","Nicholas Ephgrave","Treasurer@troop671.org",75.00,"Welcome to your ISA! Remember to change the email address to your own, change the Password and add a security question with an answer so if you get locked you can get back in.

After PB 2024
after 2025 and 2026 PB","no"
2026-06-16,11:07:54,"Liam","Moore","Liam Moore","Treasurer@troop671.org",72.00,"Welcome to your ISA! Remember to change the email address to your own, change the Password and add a security question with an answer so if you get locked you can get back in.

After PB 2024
after 2025 and 2026 PB","no"
2026-06-16,11:08:26,"Bradley","Murphy","Bradley Murphy","Treasurer@troop671.org",267.50,"Welcome to your ISA! Remember to change the email address to your own, change the Password and add a security question with an answer so if you get locked you can get back in.

After PB 2024
After 2024 popcorn
after 2025 and 2026 PB","no"
2026-06-16,11:09:11,"Jackson","Huckstadt","Jackson Huckstadt","Treasurer@troop671.org",139.61,"Welcome to your ISA! Remember to change the email address to your own, change the Password and add a security question with an answer so if you get locked you can get back in.
after 2025 and 2026 PB","no"
2026-06-16,17:47:49,"Cole","Gross","Cole Gross","Laurenegross@yahoo.com",510.00,"Welcome to your ISA! Remember to change the email address to your own, change the Password and add a security question with an answer so if you get locked you can get back in.

After donations 625+250+150
After 2026 pb","no"
2026-06-16,17:48:26,"Seth","Gross","Seth Gross","Laurenegross@yahoo.com",1146.55,"Welcome to your ISA! Remember to change the email address to your own, change the Password and add a security question with an answer so if you get locked you can get back in.

After PB 2024
After 2024 popcorn
After dec 2025 camp-55
After 2026 dues -85
After2025 popcorn
After donations 625+250+150
after 2025 and 2026 PB","no"
2026-08-18,08:41:10,"Aydan","Galvin","Galvin17","jen.galvin.917@gmail.com",1120.65,"After 2021 popcorn
After PB 2022
After popcorn 2023
After popcorn 2022.
After wreaths 2022.
After MKJWN 2023
After PB 2023
After 2024 MaKaJaWan
After PB 2024
After popcorn and wreaths 2024
After jamboree payment
After 2025 popcorn
After 2025 wreaths
after 2025 and 2026 PB","no"
2026-09-01,19:06:02,"Jameson","Lepley","Jameson Lepley","Treasurer@troop671.org",194.00,"Welcome to your ISA! Remember to change the email address to your own, change the Password and add a security question with an answer so if you get locked you can get back in.

After PB 2024
After 2025 popcorn
after 2025 and 2026 PB","no"
2026-09-13,10:17:53,"Seth","Gross","Seth Gross","Laurenegross@yahoo.com",1071.55,"Welcome to your ISA! Remember to change the email address to your own, change the Password and add a security question with an answer so if you get locked you can get back in.

After PB 2024
After 2024 popcorn
After dec 2025 camp-55
After 2026 dues -85
After2025 popcorn
After donations 625+250+150
after 2025 and 2026 PB
after sept camp out ","no"
2026-09-13,10:18:28,"Cole","Gross","Cole Gross","Laurenegross@yahoo.com",435.00,"Welcome to your ISA! Remember to change the email address to your own, change the Password and add a security question with an answer so if you get locked you can get back in.

After donations 625+250+150
After 2026 pb
after sept camp out","no"
