========== Sunday July 1, 2012 at 13:27:30 ==========
Send to: "Advisor@Crew671BSA.org", Status: Successfully sent!
Send to: "Advisor@Crew671BSA.org", Status: Successfully sent!
Send to: "Advisor@Crew671BSA.org", Status: Successfully sent!
========== Sunday July 1, 2012 at 13:27:30 ==========
========== Sunday July 1, 2012 at 13:58:56 ==========
Send to: "Advisor@Crew671BSA.org", Status:  authentication failure [SMTP: Invalid response code received from server (code: 535, response: 5.7.1 Username and Password not accepted. Learn more at
5.7.1 http://support.google.com/mail/bin/answer.py?answer=14257 w61sm20007723yhi.5)]
Send to: "Advisor@Crew671BSA.org", Status:  authentication failure [SMTP: Invalid response code received from server (code: 535, response: 5.7.1 Username and Password not accepted. Learn more at
5.7.1 http://support.google.com/mail/bin/answer.py?answer=14257 e5sm9323483ani.18)]
Send to: "Advisor@Crew671BSA.org", Status:  authentication failure [SMTP: Invalid response code received from server (code: 535, response: 5.7.1 Username and Password not accepted. Learn more at
5.7.1 http://support.google.com/mail/bin/answer.py?answer=14257 z9sm20006909yhl.6)]
========== Sunday July 1, 2012 at 13:58:56 ==========
========== Sunday July 1, 2012 at 14:0:0 ==========
Send to: "Advisor@Crew671BSA.org", Status: Successfully sent!
Send to: "Advisor@Crew671BSA.org", Status: Successfully sent!
Send to: "Advisor@Crew671BSA.org", Status: Successfully sent!
========== Sunday July 1, 2012 at 14:0:0 ==========
========== Sunday July 1, 2012 at 14:5:48 ==========
Send to: "brad@rhift.com", Status: Successfully sent!
Send to: "Troop71Treasurer@comcast.net", Status: Successfully sent!
Send to: "TroopContact@Troop671BSA.org", Status: Successfully sent!
========== Sunday July 1, 2012 at 14:5:48 ==========
========== Sunday July 1, 2012 at 14:7:50 ==========
Subject: re: Richard Carver's BSA TROOP 671 ISA ACCOUNT
Send to: "brad@rhift.com", Status: Successfully sent!
Send to: "Troop71Treasurer@comcast.net", Status: Successfully sent!
Send to: "TroopContact@Troop671BSA.org", Status: Successfully sent!
========== Sunday July 1, 2012 at 14:7:50 ==========
========== Sunday August 12, 2012 at 20:55:52 ==========
Subject: re: Liam Korecky's BSA TROOP 671 ISA ACCOUNT
Send to: "brad@rhift.com", Status: Failed to connect to ssl://smtp.gmail.com:465 [SMTP: Failed to connect socket: Connection timed out (code: -1, response: )]
Send to: "Troop71Treasurer@comcast.net", Status: Failed to connect to ssl://smtp.gmail.com:465 [SMTP: Failed to connect socket: Connection timed out (code: -1, response: )]
Send to: "TroopContact@Troop671BSA.org", Status: Failed to connect to ssl://smtp.gmail.com:465 [SMTP: Failed to connect socket: Connection timed out (code: -1, response: )]
========== Sunday August 12, 2012 at 20:55:52 ==========
========== Sunday August 12, 2012 at 21:0:49 ==========
Subject: re: Liam Korecky's BSA TROOP 671 ISA ACCOUNT
Send to: "brad@rhift.com", Status: Failed to connect to ssl://smtp.gmail.com:465 [SMTP: Failed to connect socket: Connection timed out (code: -1, response: )]
Send to: "Troop71Treasurer@comcast.net", Status: Failed to connect to ssl://smtp.gmail.com:465 [SMTP: Failed to connect socket: Connection timed out (code: -1, response: )]
Send to: "TroopContact@Troop671BSA.org", Status: Failed to connect to ssl://smtp.gmail.com:465 [SMTP: Failed to connect socket: Connection timed out (code: -1, response: )]
========== Sunday August 12, 2012 at 21:0:49 ==========
========== Monday August 13, 2012 at 14:19:36 ==========
Subject: re: Liam Korecky's BSA TROOP 671 ISA ACCOUNT
Send to: "brad@rhift.com", Status: Failed to connect to ssl://smtp.gmail.com:465 [SMTP: Failed to connect socket: Connection timed out (code: -1, response: )]
Send to: "Troop71Treasurer@comcast.net", Status: Failed to connect to ssl://smtp.gmail.com:465 [SMTP: Failed to connect socket: Connection timed out (code: -1, response: )]
Send to: "TroopContact@Troop671BSA.org", Status: Failed to connect to ssl://smtp.gmail.com:465 [SMTP: Failed to connect socket: Connection timed out (code: -1, response: )]
========== Monday August 13, 2012 at 14:19:36 ==========
========== Saturday October 6, 2012 at 22:31:21 ==========
Subject: re: Liam Korecky's BSA TROOP 671 ISA ACCOUNT
Send to: "brad@rhift.com", Status: Failed to connect to ssl://smtp.gmail.com:465 [SMTP: Failed to connect socket: Connection timed out (code: -1, response: )]
Send to: "Troop71Treasurer@comcast.net", Status: Failed to connect to ssl://smtp.gmail.com:465 [SMTP: Failed to connect socket: Connection timed out (code: -1, response: )]
Send to: "TroopContact@Troop671BSA.org", Status: Failed to connect to ssl://smtp.gmail.com:465 [SMTP: Failed to connect socket: Connection timed out (code: -1, response: )]
========== Saturday October 6, 2012 at 22:31:21 ==========
========== Saturday October 6, 2012 at 22:36:16 ==========
Subject: re: Liam Korecky's BSA TROOP 671 ISA ACCOUNT
Send to: "brad@rhift.com", Status: Failed to connect to ssl://smtp.gmail.com:465 [SMTP: Failed to connect socket: Connection timed out (code: -1, response: )]
Send to: "Troop71Treasurer@comcast.net", Status: Failed to connect to ssl://smtp.gmail.com:465 [SMTP: Failed to connect socket: Connection timed out (code: -1, response: )]
Send to: "TroopContact@Troop671BSA.org", Status: Failed to connect to ssl://smtp.gmail.com:465 [SMTP: Failed to connect socket: Connection timed out (code: -1, response: )]
========== Saturday October 6, 2012 at 22:36:16 ==========
========== Saturday October 6, 2012 at 22:39:46 ==========
Subject: re: Liam Korecky's BSA TROOP 671 ISA ACCOUNT
Send to: "brad@rhift.com", Status: Failed to connect to ssl://smtp.gmail.com:465 [SMTP: Failed to connect socket: Connection timed out (code: -1, response: )]
Send to: "Troop71Treasurer@comcast.net", Status: Failed to connect to ssl://smtp.gmail.com:465 [SMTP: Failed to connect socket: Connection timed out (code: -1, response: )]
Send to: "TroopContact@Troop671BSA.org", Status: Failed to connect to ssl://smtp.gmail.com:465 [SMTP: Failed to connect socket: Connection timed out (code: -1, response: )]
========== Saturday October 6, 2012 at 22:39:46 ==========
========== Saturday October 6, 2012 at 22:42:49 ==========
Subject: re: Liam Korecky's BSA TROOP 671 ISA ACCOUNT
Send to: "brad@rhift.com", Status: Failed to connect to ssl://smtp.gmail.com:465 [SMTP: Failed to connect socket: Connection timed out (code: -1, response: )]
Send to: "Troop71Treasurer@comcast.net", Status: Failed to connect to ssl://smtp.gmail.com:465 [SMTP: Failed to connect socket: Connection timed out (code: -1, response: )]
Send to: "TroopContact@Troop671BSA.org", Status: Failed to connect to ssl://smtp.gmail.com:465 [SMTP: Failed to connect socket: Connection timed out (code: -1, response: )]
========== Saturday October 6, 2012 at 22:42:49 ==========
========== Saturday October 6, 2012 at 22:45:49 ==========
Subject: re: Liam Korecky's BSA TROOP 671 ISA ACCOUNT
Send to: "brad@rhift.com", Status: Failed to connect to ssl://smtp.gmail.com:465 [SMTP: Failed to connect socket: Connection timed out (code: -1, response: )]
Send to: "Troop71Treasurer@comcast.net", Status: Failed to connect to ssl://smtp.gmail.com:465 [SMTP: Failed to connect socket: Connection timed out (code: -1, response: )]
Send to: "TroopContact@Troop671BSA.org", Status: Failed to connect to ssl://smtp.gmail.com:465 [SMTP: Failed to connect socket: Connection timed out (code: -1, response: )]
========== Saturday October 6, 2012 at 22:45:49 ==========
========== Saturday October 6, 2012 at 22:48:49 ==========
Subject: re: Liam Korecky's BSA TROOP 671 ISA ACCOUNT
Send to: "brad@rhift.com", Status: Failed to connect to ssl://smtp.gmail.com:465 [SMTP: Failed to connect socket: Connection timed out (code: -1, response: )]
========== Saturday October 6, 2012 at 22:49:52 ==========
Subject: re: Liam Korecky's BSA TROOP 671 ISA ACCOUNT
Send to: "Troop71Treasurer@comcast.net", Status: Failed to connect to ssl://smtp.gmail.com:465 [SMTP: Failed to connect socket: Connection timed out (code: -1, response: )]
Send to: "brad@rhift.com", Status: Failed to connect to ssl://smtp.gmail.com:465 [SMTP: Failed to connect socket: Connection timed out (code: -1, response: )]
Send to: "TroopContact@Troop671BSA.org", Status: ========== Saturday October 6, 2012 at 22:51:49 ==========
Subject: re: Liam Korecky's BSA TROOP 671 ISA ACCOUNT
Send to: "Troop71Treasurer@comcast.net", Status: Failed to connect to ssl://smtp.gmail.com:465 [SMTP: Failed to connect socket: Connection timed out (code: -1, response: )]
Send to: "brad@rhift.com", Status: Failed to connect to ssl://smtp.gmail.com:465 [SMTP: Failed to connect socket: Connection timed out (code: -1, response: )]
Send to: "TroopContact@Troop671BSA.org", Status: Failed to connect to ssl://smtp.gmail.com:465 [SMTP: Failed to connect socket: Connection timed out (code: -1, response: )]
========== Saturday October 6, 2012 at 22:49:52 ==========
Send to: "Troop71Treasurer@comcast.net", Status: Failed to connect to ssl://smtp.gmail.com:465 [SMTP: Failed to connect socket: Connection timed out (code: -1, response: )]
Send to: "TroopContact@Troop671BSA.org", Status: Failed to connect to ssl://smtp.gmail.com:465 [SMTP: Failed to connect socket: Connection timed out (code: -1, response: )]
========== Saturday October 6, 2012 at 22:51:49 ==========
========== Saturday October 6, 2012 at 22:54:49 ==========
Subject: re: Liam Korecky's BSA TROOP 671 ISA ACCOUNT
Send to: "brad@rhift.com", Status: Failed to connect to ssl://smtp.gmail.com:465 [SMTP: Failed to connect socket: Connection timed out (code: -1, response: )]
Send to: "Troop71Treasurer@comcast.net", Status: Failed to connect to ssl://smtp.gmail.com:465 [SMTP: Failed to connect socket: Connection timed out (code: -1, response: )]
Send to: "TroopContact@Troop671BSA.org", Status: Failed to connect to ssl://smtp.gmail.com:465 [SMTP: Failed to connect socket: Connection timed out (code: -1, response: )]
========== Saturday October 6, 2012 at 22:54:49 ==========
========== Sunday October 14, 2012 at 22:31:12 ==========
Subject: re: Alex Bockheim's BSA TROOP 671 ISA ACCOUNT
Send to: "brad@rhift.com", Status: Failed to connect to ssl://smtp.gmail.com:465 [SMTP: Failed to connect socket: Connection timed out (code: -1, response: )]
Send to: "Troop71Treasurer@comcast.net", Status: Failed to connect to ssl://smtp.gmail.com:465 [SMTP: Failed to connect socket: Connection timed out (code: -1, response: )]
========== Sunday October 14, 2012 at 22:34:1 ==========
Subject: re: Alex Bockheim's BSA TROOP 671 ISA ACCOUNT
Send to: "TroopContact@Troop671BSA.org", Status: Send to: "brad@rhift.com", Status: Failed to connect to ssl://smtp.gmail.com:465 [SMTP: Failed to connect socket: Connection timed out (code: -1, response: )]
Send to: "Troop71Treasurer@comcast.net", Status: Failed to connect to ssl://smtp.gmail.com:465 [SMTP: Failed to connect socket: Connection timed out (code: -1, response: )]
Send to: "TroopContact@Troop671BSA.org", Status: ========== Thursday October 18, 2012 at 21:35:32 ==========
Subject: re: Alex Osterman's BSA TROOP 671 ISA ACCOUNT
Send to: "brad@rhift.com", Status: Failed to connect to ssl://smtp.gmail.com:465 [SMTP: Failed to connect socket: Connection timed out (code: -1, response: )]
Send to: "Troop71Treasurer@comcast.net", Status: Failed to connect to ssl://smtp.gmail.com:465 [SMTP: Failed to connect socket: Connection timed out (code: -1, response: )]
Send to: "TroopContact@Troop671BSA.org", Status: ========== Thursday October 18, 2012 at 22:49:6 ==========
Subject: re: Richard Carver's BSA TROOP 671 ISA ACCOUNT
Send to: "", Status: Successfully sent!
Send to: "", Status: Successfully sent!
Send to: "", Status: Successfully sent!
========== Thursday October 18, 2012 at 22:49:6 ==========
========== Thursday October 18, 2012 at 23:0:26 ==========
Subject: re: Richard Carver's BSA TROOP 671 ISA ACCOUNT
Send to: "", Status: Successfully sent!
Send to: "", Status: Successfully sent!
Send to: "", Status: Successfully sent!
========== Thursday October 18, 2012 at 23:0:26 ==========
========== Thursday October 18, 2012 at 23:9:2 ==========
Subject: re: Richard Carver's BSA TROOP 671 ISA ACCOUNT
Send to: "brad@rhift.com", Status: Successfully sent!
Send to: "Troop71Treasurer@comcast.net", Status: Successfully sent!
Send to: "ISA.Troop671BSA@troop671bsa.org", Status: Successfully sent!
========== Thursday October 18, 2012 at 23:9:2 ==========
========== Thursday October 18, 2012 at 23:35:36 ==========
Subject: re: Shadow Cat 's BSA TROOP 671 ISA ACCOUNT
Send to: "brad@rhift.com", Status: Successfully sent!
Send to: "Troop71Treasurer@comcast.net", Status: Successfully sent!
Send to: "ISA.Troop671BSA@troop671bsa.org", Status: Successfully sent!
Send to: "advisor@crew671bsa.org", Status: Successfully sent!
========== Thursday October 18, 2012 at 23:35:36 ==========
========== Friday October 19, 2012 at 18:55:29 ==========
Subject: re: Shadow Cat 's BSA TROOP 671 ISA ACCOUNT
Send to: "brad@rhift.com", Status: Successfully sent!
Send to: "Troop71Treasurer@comcast.net", Status: Successfully sent!
Send to: "ISA.Troop671BSA@troop671bsa.org", Status: Successfully sent!
Send to: "advisor@crew671bsa.org", Status: Successfully sent!
========== Friday October 19, 2012 at 18:55:29 ==========
========== Friday October 19, 2012 at 18:59:49 ==========
Subject: re: Shadow Cat 's BSA TROOP 671 ISA ACCOUNT
Send to: "brad@rhift.com", Status: Successfully sent!
Send to: "Troop71Treasurer@comcast.net", Status: Successfully sent!
Send to: "ISA.Troop671BSA@troop671bsa.org", Status: Successfully sent!
Send to: "advisor@crew671bsa.org", Status: Successfully sent!
========== Friday October 19, 2012 at 18:59:49 ==========
========== Saturday November 10, 2012 at 15:39:48 ==========
Subject: re: Nicholas Zblewski's BSA TROOP 671 ISA ACCOUNT
Send to: "brad@rhift.com", Status: Successfully sent!
Send to: "Troop71Treasurer@comcast.net", Status: Successfully sent!
Send to: "ISA.Troop671BSA@troop671bsa.org", Status: Successfully sent!
Send to: "advisor@crew671bsa.org", Status: Successfully sent!
========== Saturday November 10, 2012 at 15:39:48 ==========
========== Wednesday November 14, 2012 at 20:46:37 ==========
Subject: re: Bryce  Douma's BSA TROOP 671 ISA ACCOUNT
Send to: "brad@rhift.com", Status: Successfully sent!
Send to: "Troop71Treasurer@comcast.net", Status: Successfully sent!
Send to: "ISA.Troop671BSA@troop671bsa.org", Status: Successfully sent!
Send to: "advisor@crew671bsa.org", Status: Successfully sent!
========== Wednesday November 14, 2012 at 20:46:37 ==========
========== Sunday November 25, 2012 at 20:18:44 ==========
Subject: re: Christian Grams's BSA TROOP 671 ISA ACCOUNT
Send to: "brad@rhift.com", Status: Successfully sent!
Send to: "Troop71Treasurer@comcast.net", Status: Successfully sent!
Send to: "ISA.Troop671BSA@troop671bsa.org", Status: Successfully sent!
Send to: "advisor@crew671bsa.org", Status: Successfully sent!
========== Sunday November 25, 2012 at 20:18:44 ==========
========== Wednesday January 9, 2013 at 18:48:29 ==========
Subject: re: Christian Grams's BSA TROOP 671 ISA ACCOUNT
Send to: "brad@rhift.com", Status: Successfully sent!
Send to: "Troop71Treasurer@comcast.net", Status: Successfully sent!
Send to: "ISA.Troop671BSA@troop671bsa.org", Status: Successfully sent!
Send to: "advisor@crew671bsa.org", Status: Successfully sent!
========== Wednesday January 9, 2013 at 18:48:29 ==========
========== Sunday January 13, 2013 at 22:14:1 ==========
Subject: re: Liam Korecky's BSA TROOP 671 ISA ACCOUNT
Send to: "brad@rhift.com", Status: Successfully sent!
Send to: "Troop71Treasurer@comcast.net", Status: Successfully sent!
Send to: "ISA.Troop671BSA@troop671bsa.org", Status: Successfully sent!
Send to: "advisor@crew671bsa.org", Status: Successfully sent!
========== Sunday January 13, 2013 at 22:14:1 ==========
========== Friday March 8, 2013 at 22:57:49 ==========
Subject: re: Chris DelVecchio's BSA TROOP 671 ISA ACCOUNT
Send to: "brad@rhift.com", Status: Successfully sent!
Send to: "Troop71Treasurer@comcast.net", Status: Successfully sent!
Send to: "ISA.Troop671BSA@troop671bsa.org", Status: Successfully sent!
Send to: "advisor@crew671bsa.org", Status: Successfully sent!
========== Friday March 8, 2013 at 22:57:49 ==========
========== Tuesday March 12, 2013 at 18:9:50 ==========
Subject: re: Alex Osterman's BSA TROOP 671 ISA ACCOUNT
Send to: "brad@rhift.com", Status: Successfully sent!
Send to: "Troop71Treasurer@comcast.net", Status: Successfully sent!
Send to: "ISA.Troop671BSA@troop671bsa.org", Status: Successfully sent!
Send to: "advisor@crew671bsa.org", Status: Successfully sent!
========== Tuesday March 12, 2013 at 18:9:50 ==========
========== Monday March 18, 2013 at 22:16:43 ==========
Subject: re: Chris DelVecchio's BSA TROOP 671 ISA ACCOUNT
Send to: "brad@rhift.com", Status: Successfully sent!
Send to: "Troop71Treasurer@comcast.net", Status: Successfully sent!
Send to: "ISA.Troop671BSA@troop671bsa.org", Status: Successfully sent!
Send to: "advisor@crew671bsa.org", Status: Successfully sent!
========== Monday March 18, 2013 at 22:16:43 ==========
========== Tuesday March 19, 2013 at 15:57:29 ==========
Subject: re: Chris DelVecchio's BSA TROOP 671 ISA ACCOUNT
Send to: "brad@rhift.com", Status: Successfully sent!
Send to: "Troop71Treasurer@comcast.net", Status: Successfully sent!
Send to: "ISA.Troop671BSA@troop671bsa.org", Status: Successfully sent!
Send to: "advisor@crew671bsa.org", Status: Successfully sent!
========== Tuesday March 19, 2013 at 15:57:29 ==========
========== Tuesday March 19, 2013 at 15:59:27 ==========
Subject: re: Chris DelVecchio's BSA TROOP 671 ISA ACCOUNT
Send to: "brad@rhift.com", Status: Successfully sent!
Send to: "Troop71Treasurer@comcast.net", Status: Successfully sent!
Send to: "ISA.Troop671BSA@troop671bsa.org", Status: Successfully sent!
Send to: "advisor@crew671bsa.org", Status: Successfully sent!
========== Tuesday March 19, 2013 at 15:59:27 ==========
========== Monday April 8, 2013 at 7:27:51 ==========
Subject: re: Gavin Short's BSA TROOP 671 ISA ACCOUNT
Send to: "brad@rhift.com", Status: Successfully sent!
Send to: "Troop71Treasurer@comcast.net", Status: Successfully sent!
Send to: "ISA.Troop671BSA@troop671bsa.org", Status: Successfully sent!
Send to: "advisor@crew671bsa.org", Status: Successfully sent!
========== Monday April 8, 2013 at 7:27:51 ==========
========== Tuesday April 23, 2013 at 16:59:49 ==========
Subject: re: Christian Grams's BSA TROOP 671 ISA ACCOUNT
Send to: "brad@rhift.com", Status: Successfully sent!
Send to: "Troop71Treasurer@comcast.net", Status: Successfully sent!
Send to: "ISA.Troop671BSA@troop671bsa.org", Status: Successfully sent!
Send to: "advisor@crew671bsa.org", Status: Successfully sent!
========== Tuesday April 23, 2013 at 16:59:49 ==========
========== Friday May 3, 2013 at 15:24:27 ==========
Subject: re: Nathan Hart's BSA TROOP 671 ISA ACCOUNT
Send to: "brad@rhift.com", Status: Successfully sent!
Send to: "Troop71Treasurer@comcast.net", Status: Successfully sent!
Send to: "ISA.Troop671BSA@troop671bsa.org", Status: Successfully sent!
Send to: "advisor@crew671bsa.org", Status: Successfully sent!
========== Friday May 3, 2013 at 15:24:27 ==========
========== Friday May 3, 2013 at 18:7:47 ==========
Subject: re: Christian Grams's BSA TROOP 671 ISA ACCOUNT
Send to: "brad@rhift.com", Status: Successfully sent!
Send to: "Troop71Treasurer@comcast.net", Status: Successfully sent!
Send to: "ISA.Troop671BSA@troop671bsa.org", Status: Successfully sent!
Send to: "advisor@crew671bsa.org", Status: Successfully sent!
========== Friday May 3, 2013 at 18:7:47 ==========
========== Tuesday May 7, 2013 at 18:31:32 ==========
Subject: re: Greyson Fout's BSA TROOP 671 ISA ACCOUNT
Send to: "brad@rhift.com", Status: Successfully sent!
Send to: "Troop71Treasurer@comcast.net", Status: Successfully sent!
Send to: "ISA.Troop671BSA@troop671bsa.org", Status: Successfully sent!
Send to: "advisor@crew671bsa.org", Status: Successfully sent!
========== Tuesday May 7, 2013 at 18:31:32 ==========
========== Wednesday May 15, 2013 at 19:24:50 ==========
Subject: re: Nathan Hart's BSA TROOP 671 ISA ACCOUNT
Send to: "brad@rhift.com", Status: Successfully sent!
Send to: "Troop71Treasurer@comcast.net", Status: Successfully sent!
Send to: "ISA.Troop671BSA@troop671bsa.org", Status: Successfully sent!
Send to: "advisor@crew671bsa.org", Status: Successfully sent!
========== Wednesday May 15, 2013 at 19:24:50 ==========
========== Saturday May 18, 2013 at 21:50:42 ==========
Subject: re: Scott Seiler's BSA TROOP 671 ISA ACCOUNT
Send to: "brad@rhift.com", Status: Successfully sent!
Send to: "Troop71Treasurer@comcast.net", Status: Successfully sent!
Send to: "ISA.Troop671BSA@troop671bsa.org", Status: Successfully sent!
Send to: "advisor@crew671bsa.org", Status: Successfully sent!
========== Saturday May 18, 2013 at 21:50:42 ==========
========== Sunday May 19, 2013 at 12:38:19 ==========
Subject: re: Shadow Cat 's BSA TROOP 671 ISA ACCOUNT
Send to: "brad@rhift.com", Status: Successfully sent!
Send to: "Troop71Treasurer@comcast.net", Status: Successfully sent!
Send to: "ISA.Troop671BSA@troop671bsa.org", Status: Successfully sent!
Send to: "advisor@crew671bsa.org", Status: Successfully sent!
========== Sunday May 19, 2013 at 12:38:19 ==========
========== Sunday May 19, 2013 at 13:2:0 ==========
Subject: re: Shadow Cat 's BSA TROOP 671 ISA ACCOUNT
Using ISA.Troop671BSA@Troop671BSA.org to send to: "brad@rhift.com", Status: Failed to connect to ssl://smtp.gmail.com:465 [SMTP: Failed to connect socket: Connection timed out (code: -1, response: )]
Using ISA.Troop671BSA@Troop671BSA.org to send to: "Troop71Treasurer@comcast.net", Status: Failed to connect to ssl://smtp.gmail.com:465 [SMTP: Failed to connect socket: Connection timed out (code: -1, response: )]
Using ISA.Troop671BSA@Troop671BSA.org to send to: "ISA.Troop671BSA@troop671bsa.org", Status: Failed to connect to ssl://smtp.gmail.com:465 [SMTP: Failed to connect socket: Connection timed out (code: -1, response: )]
Using ISA.Troop671BSA@Troop671BSA.org to send to: "advisor@crew671bsa.org", Status: Failed to connect to ssl://smtp.gmail.com:465 [SMTP: Failed to connect socket: Connection timed out (code: -1, response: )]
========== Sunday May 19, 2013 at 13:2:0 ==========
========== Sunday May 19, 2013 at 13:7:12 ==========
Subject: re: Shadow Cat 's BSA TROOP 671 ISA ACCOUNT
Using ISA.Troop671BSA@Troop671BSA.org to send to: "brad@rhift.com", Status: Failed to connect to ssl://smtp.gmail.com:465 [SMTP: Failed to connect socket: Connection timed out (code: -1, response: )]
Using ISA.Troop671BSA@Troop671BSA.org to send to: "Troop71Treasurer@comcast.net", Status: Failed to connect to ssl://smtp.gmail.com:465 [SMTP: Failed to connect socket: Connection timed out (code: -1, response: )]
Using ISA.Troop671BSA@Troop671BSA.org to send to: "ISA.Troop671BSA@troop671bsa.org", Status: Failed to connect to ssl://smtp.gmail.com:465 [SMTP: Failed to connect socket: Connection timed out (code: -1, response: )]
Using ISA.Troop671BSA@Troop671BSA.org to send to: "advisor@crew671bsa.org", Status: Failed to connect to ssl://smtp.gmail.com:465 [SMTP: Failed to connect socket: Connection timed out (code: -1, response: )]
========== Sunday May 19, 2013 at 13:7:12 ==========
========== Sunday May 19, 2013 at 13:15:38 ==========
Subject: re: Shadow Cat 's BSA TROOP 671 ISA ACCOUNT
Using ISA.Troop671BSA@Troop671BSA.org to send to: "brad@rhift.com", Status: Failed to connect to ssl://smtp.gmail.com:465 [SMTP: Failed to connect socket: Connection timed out (code: -1, response: )]
Using ISA.Troop671BSA@Troop671BSA.org to send to: "Troop71Treasurer@comcast.net", Status: Failed to connect to ssl://smtp.gmail.com:465 [SMTP: Failed to connect socket: Connection timed out (code: -1, response: )]
Using ISA.Troop671BSA@Troop671BSA.org to send to: "ISA.Troop671BSA@troop671bsa.org", Status: Failed to connect to ssl://smtp.gmail.com:465 [SMTP: Failed to connect socket: Connection timed out (code: -1, response: )]
Using ISA.Troop671BSA@Troop671BSA.org to send to: "advisor@crew671bsa.org", Status: Failed to connect to ssl://smtp.gmail.com:465 [SMTP: Failed to connect socket: Connection timed out (code: -1, response: )]
========== Sunday May 19, 2013 at 13:15:38 ==========
========== Sunday May 19, 2013 at 13:27:24 ==========
Subject: re: Shadow Cat 's BSA TROOP 671 ISA ACCOUNT
Using ISA.Troop671BSA@Troop671BSA.org to send to: "brad@rhift.com", Status: Failed to connect to ssl://smtp.gmail.com:465 [SMTP: Failed to connect socket: php_network_getaddresses: getaddrinfo failed: Name or service not known (code: -1, response: )]
Using ISA.Troop671BSA@Troop671BSA.org to send to: "Troop71Treasurer@comcast.net", Status: Failed to connect to ssl://smtp.gmail.com:465 [SMTP: Failed to connect socket: php_network_getaddresses: getaddrinfo failed: Temporary failure in name resolution (code: -1, response: )]
Using ISA.Troop671BSA@Troop671BSA.org to send to: "ISA.Troop671BSA@troop671bsa.org", Status: Failed to connect to ssl://smtp.gmail.com:465 [SMTP: Failed to connect socket: Connection timed out (code: -1, response: )]
Using ISA.Troop671BSA@Troop671BSA.org to send to: "advisor@crew671bsa.org", Status: Failed to connect to ssl://smtp.gmail.com:465 [SMTP: Failed to connect socket: Connection timed out (code: -1, response: )]
========== Sunday May 19, 2013 at 13:27:24 ==========
========== Sunday May 19, 2013 at 13:52:37 ==========
Subject: re: Shadow Cat 's BSA TROOP 671 ISA ACCOUNT
Using ISA-Server@troop671bsa.org to send to: "brad@rhift.com", Status: Failed to connect to ssl://smtp.gmail.com:465 [SMTP: Failed to connect socket: Connection timed out (code: -1, response: )]
Using ISA-Server@troop671bsa.org to send to: "Troop71Treasurer@comcast.net", Status: Failed to connect to ssl://smtp.gmail.com:465 [SMTP: Failed to connect socket: Connection timed out (code: -1, response: )]
Using ISA-Server@troop671bsa.org to send to: "ISA.Troop671BSA@troop671bsa.org", Status: Failed to connect to ssl://smtp.gmail.com:465 [SMTP: Failed to connect socket: Connection timed out (code: -1, response: )]
Using ISA-Server@troop671bsa.org to send to: "advisor@crew671bsa.org", Status: Failed to connect to ssl://smtp.gmail.com:465 [SMTP: Failed to connect socket: Connection timed out (code: -1, response: )]
========== Sunday May 19, 2013 at 13:52:37 ==========
========== Sunday May 19, 2013 at 14:14:31 ==========
Subject: re: Shadow Cat 's BSA TROOP 671 ISA ACCOUNT
Using ISA.Troop671BSA@comcast.net to send to: "brad@rhift.com", Status: Failed to connect to ssl://smtp.comcast.net:465 [SMTP: Failed to connect socket: Connection timed out (code: -1, response: )]
Using ISA.Troop671BSA@comcast.net to send to: "Troop71Treasurer@comcast.net", Status: Failed to connect to ssl://smtp.comcast.net:465 [SMTP: Failed to connect socket: Connection timed out (code: -1, response: )]
Using ISA.Troop671BSA@comcast.net to send to: "ISA.Troop671BSA@troop671bsa.org", Status: Failed to connect to ssl://smtp.comcast.net:465 [SMTP: Failed to connect socket: Connection timed out (code: -1, response: )]
Using ISA.Troop671BSA@comcast.net to send to: "advisor@crew671bsa.org", Status: Failed to connect to ssl://smtp.comcast.net:465 [SMTP: Failed to connect socket: Connection timed out (code: -1, response: )]
========== Sunday May 19, 2013 at 14:14:31 ==========
========== Sunday May 19, 2013 at 14:25:56 ==========
Subject: re: Shadow Cat 's BSA TROOP 671 ISA ACCOUNT
Send Disabled!
Send Disabled!
Send Disabled!
Send Disabled!
========== Sunday May 19, 2013 at 14:25:56 ==========
========== Sunday May 19, 2013 at 14:33:2 ==========
Subject: re: Shadow Cat 's BSA TROOP 671 ISA ACCOUNT
Send Disabled!
Send Disabled!
Send Disabled!
Send Disabled!
========== Sunday May 19, 2013 at 14:33:2 ==========
========== Sunday May 19, 2013 at 14:35:56 ==========
Subject: re: Shadow Cat 's BSA TROOP 671 ISA ACCOUNT
Send Disabled!
Send Disabled!
Send Disabled!
Send Disabled!
========== Sunday May 19, 2013 at 14:35:56 ==========
========== Sunday May 19, 2013 at 14:41:53 ==========
Subject: re: Shadow Cat 's BSA TROOP 671 ISA ACCOUNT
Send Disabled!
Send Disabled!
Send Disabled!
Send Disabled!
========== Sunday May 19, 2013 at 14:41:53 ==========
========== Sunday May 19, 2013 at 14:44:0 ==========
Subject: re: Shadow Cat 's BSA TROOP 671 ISA ACCOUNT
Send Disabled!
Send Disabled!
Send Disabled!
Send Disabled!
========== Sunday May 19, 2013 at 14:44:0 ==========
========== Tuesday May 21, 2013 at 7:51:0 ==========
Subject: re: Shadow Cat 's BSA TROOP 671 ISA ACCOUNT
Using mail() to send to: "brad@rhift.com", Status: Successfully sent!
Using mail() to send to: "Troop71Treasurer@comcast.net", Status: Successfully sent!
Using mail() to send to: "ISA.Troop671BSA@troop671bsa.org", Status: Successfully sent!
Using mail() to send to: "advisor@crew671bsa.org", Status: Successfully sent!
========== Tuesday May 21, 2013 at 7:51:0 ==========
========== Wednesday May 22, 2013 at 7:16:13 ==========
Subject: re: Shadow Cat 's BSA TROOP 671 ISA ACCOUNT
Using ISA.Troop671BSA@comcast.net to send to: "brad@rhift.com", Status:  authentication failure [SMTP: Invalid response code received from server (code: 535, response: 5.7.0 ...authentication rejected (6))]
Using ISA.Troop671BSA@comcast.net to send to: "Troop71Treasurer@comcast.net", Status:  authentication failure [SMTP: Invalid response code received from server (code: 535, response: 5.7.0 ...authentication rejected (6))]
Using ISA.Troop671BSA@comcast.net to send to: "ISA.Troop671BSA@troop671bsa.org", Status:  authentication failure [SMTP: Invalid response code received from server (code: 535, response: 5.7.0 ...authentication rejected (6))]
Using ISA.Troop671BSA@comcast.net to send to: "advisor@crew671bsa.org", Status:  authentication failure [SMTP: Invalid response code received from server (code: 535, response: 5.7.0 ...authentication rejected (6))]
========== Wednesday May 22, 2013 at 7:16:13 ==========
========== Wednesday May 22, 2013 at 7:23:39 ==========
Subject: re: Shadow Cat 's BSA TROOP 671 ISA ACCOUNT
Using ISA.Troop671BSA@comcast.net to send to: "brad@rhift.com", Status:  authentication failure [SMTP: Invalid response code received from server (code: 535, response: 5.7.0 ...authentication rejected (6))]
Using ISA.Troop671BSA@comcast.net to send to: "Troop71Treasurer@comcast.net", Status:  authentication failure [SMTP: Invalid response code received from server (code: 535, response: 5.7.0 ...authentication rejected (6))]
Using ISA.Troop671BSA@comcast.net to send to: "ISA.Troop671BSA@troop671bsa.org", Status:  authentication failure [SMTP: Invalid response code received from server (code: 535, response: 5.7.0 ...authentication rejected (6))]
Using ISA.Troop671BSA@comcast.net to send to: "advisor@crew671bsa.org", Status: Failed to connect to ssl://smtp.comcast.net:465 [SMTP: Failed to connect socket: fsockopen() [<a href='function.fsockopen'>function.fsockopen</a>]: unable to connect to ssl://smtp.comcast.net:465 (Unknown error) (code: -1, response: )]
========== Wednesday May 22, 2013 at 7:23:39 ==========
========== Wednesday May 22, 2013 at 7:26:52 ==========
Subject: re: Shadow Cat 's BSA TROOP 671 ISA ACCOUNT
Using ISA.Troop671BSA@comcast.net to send to: "brad@rhift.com", Status:  authentication failure [SMTP: Invalid response code received from server (code: 535, response: 5.7.0 ...authentication rejected (6))]
Using ISA.Troop671BSA@comcast.net to send to: "Troop71Treasurer@comcast.net", Status:  authentication failure [SMTP: Invalid response code received from server (code: 535, response: 5.7.0 ...authentication rejected (6))]
Using ISA.Troop671BSA@comcast.net to send to: "ISA.Troop671BSA@troop671bsa.org", Status:  authentication failure [SMTP: Invalid response code received from server (code: 535, response: 5.7.0 ...authentication rejected (6))]
Using ISA.Troop671BSA@comcast.net to send to: "advisor@crew671bsa.org", Status: Failed to connect to ssl://smtp.comcast.net:465 [SMTP: Failed to connect socket: fsockopen() [<a href='function.fsockopen'>function.fsockopen</a>]: unable to connect to ssl://smtp.comcast.net:465 (Unknown error) (code: -1, response: )]
========== Wednesday May 22, 2013 at 7:26:52 ==========
========== Wednesday May 22, 2013 at 7:29:44 ==========
Subject: re: Shadow Cat 's BSA TROOP 671 ISA ACCOUNT
Using ISA.Troop671BSA@gmail.com to send to: "brad@rhift.com", Status:  authentication failure [SMTP: Invalid response code received from server (code: 535, response: 5.7.8 Username and Password not accepted. Learn more at
5.7.8 http://support.google.com/mail/bin/answer.py?answer=14257
5.7.8 {BADCREDENTIALS} y24sm10422417yhn.20 - gsmtp)]
Using ISA.Troop671BSA@gmail.com to send to: "Troop71Treasurer@comcast.net", Status:  authentication failure [SMTP: Invalid response code received from server (code: 535, response: 5.7.8 Username and Password not accepted. Learn more at
5.7.8 http://support.google.com/mail/bin/answer.py?answer=14257
5.7.8 {BADCREDENTIALS} v34sm10386983yhn.26 - gsmtp)]
Using ISA.Troop671BSA@gmail.com to send to: "ISA.Troop671BSA@troop671bsa.org", Status:  authentication failure [SMTP: Invalid response code received from server (code: 535, response: 5.7.8 Username and Password not accepted. Learn more at
5.7.8 http://support.google.com/mail/bin/answer.py?answer=14257
5.7.8 {BADCREDENTIALS} z65sm10493993yhc.9 - gsmtp)]
Using ISA.Troop671BSA@gmail.com to send to: "advisor@crew671bsa.org", Status:  authentication failure [SMTP: Invalid response code received from server (code: 535, response: 5.7.8 Username and Password not accepted. Learn more at
5.7.8 http://support.google.com/mail/bin/answer.py?answer=14257
5.7.8 {BADCREDENTIALS} y24sm10422226yhn.20 - gsmtp)]
========== Wednesday May 22, 2013 at 7:29:44 ==========
========== Wednesday May 22, 2013 at 7:31:35 ==========
Subject: re: Shadow Cat 's BSA TROOP 671 ISA ACCOUNT
Using ISA.Troop671BSA@Troop671BSA.org to send to: "brad@rhift.com", Status: Successfully sent!
Using ISA.Troop671BSA@Troop671BSA.org to send to: "Troop71Treasurer@comcast.net", Status: Successfully sent!
Using ISA.Troop671BSA@Troop671BSA.org to send to: "ISA.Troop671BSA@troop671bsa.org", Status: Successfully sent!
Using ISA.Troop671BSA@Troop671BSA.org to send to: "advisor@crew671bsa.org", Status: Successfully sent!
========== Wednesday May 22, 2013 at 7:31:35 ==========
========== Wednesday May 22, 2013 at 7:36:39 ==========
Subject: re: Shadow Cat 's BSA TROOP 671 ISA ACCOUNT
Using ISA.Troop671BSA@Troop671BSA.org to send to: "brad@rhift.com", Status: Successfully sent!
Using ISA.Troop671BSA@Troop671BSA.org to send to: "Troop71Treasurer@comcast.net", Status: Successfully sent!
Using ISA.Troop671BSA@Troop671BSA.org to send to: "ISA.Troop671BSA@troop671bsa.org", Status: Successfully sent!
Using ISA.Troop671BSA@Troop671BSA.org to send to: "advisor@crew671bsa.org", Status: Successfully sent!
========== Wednesday May 22, 2013 at 7:36:39 ==========
========== Wednesday May 22, 2013 at 7:40:47 ==========
Subject: re: Shadow Cat 's BSA TROOP 671 ISA ACCOUNT
Using ISA.Troop671BSA@Troop671BSA.org to send to: "brad@rhift.com", Status: Successfully sent!
Using ISA.Troop671BSA@Troop671BSA.org to send to: "Troop71Treasurer@comcast.net", Status: Successfully sent!
Using ISA.Troop671BSA@Troop671BSA.org to send to: "ISA.Troop671BSA@troop671bsa.org", Status: Successfully sent!
Using ISA.Troop671BSA@Troop671BSA.org to send to: "advisor@crew671bsa.org", Status: Successfully sent!
========== Wednesday May 22, 2013 at 7:40:47 ==========
========== Wednesday May 22, 2013 at 7:42:15 ==========
Subject: re: Shadow Cat 's BSA TROOP 671 ISA ACCOUNT
Using ISA.Troop671BSA@Troop671BSA.org to send to: "brad@rhift.com", Status: Successfully sent!
Using ISA.Troop671BSA@Troop671BSA.org to send to: "Troop71Treasurer@comcast.net", Status: Successfully sent!
Using ISA.Troop671BSA@Troop671BSA.org to send to: "ISA.Troop671BSA@troop671bsa.org", Status: Successfully sent!
Using ISA.Troop671BSA@Troop671BSA.org to send to: "advisor@crew671bsa.org", Status: Successfully sent!
========== Wednesday May 22, 2013 at 7:42:15 ==========
========== Wednesday May 22, 2013 at 7:43:22 ==========
Subject: re: Shadow Cat 's BSA TROOP 671 ISA ACCOUNT
Using ISA.Troop671BSA@Troop671BSA.org to send to: "brad@rhift.com", Status: Successfully sent!
Using ISA.Troop671BSA@Troop671BSA.org to send to: "Troop71Treasurer@comcast.net", Status: Successfully sent!
Using ISA.Troop671BSA@Troop671BSA.org to send to: "ISA.Troop671BSA@troop671bsa.org", Status: Successfully sent!
Using ISA.Troop671BSA@Troop671BSA.org to send to: "advisor@crew671bsa.org", Status: Successfully sent!
========== Wednesday May 22, 2013 at 7:43:22 ==========
========== Wednesday May 22, 2013 at 7:54:35 ==========
Subject: re: Shadow Cat 's BSA TROOP 671 ISA ACCOUNT
Using ISA.Troop671BSA@Troop671BSA.org to send to: "brad@rhift.com", Status: Successfully sent!
Using ISA.Troop671BSA@Troop671BSA.org to send to: "Troop71Treasurer@comcast.net", Status: Successfully sent!
Using ISA.Troop671BSA@Troop671BSA.org to send to: "ISA.Troop671BSA@troop671bsa.org", Status: Successfully sent!
Using ISA.Troop671BSA@Troop671BSA.org to send to: "advisor@crew671bsa.org", Status: Successfully sent!
Using ISA.Troop671BSA@Troop671BSA.org to send to: "carverrick@comcast.net", Status: Successfully sent!
========== Wednesday May 22, 2013 at 7:54:35 ==========
========== Monday May 27, 2013 at 13:25:23 ==========
Subject: re: Shadow Cat 's BSA TROOP 671 ISA ACCOUNT
Using ISA.Troop671BSA@Troop671BSA.org to send to: "brad@rhift.com", Status: Successfully sent!
Using ISA.Troop671BSA@Troop671BSA.org to send to: "Troop71Treasurer@comcast.net", Status: Successfully sent!
Using ISA.Troop671BSA@Troop671BSA.org to send to: "ISA.Troop671BSA@troop671bsa.org", Status: Successfully sent!
Using ISA.Troop671BSA@Troop671BSA.org to send to: "advisor@crew671bsa.org", Status: Successfully sent!
Using ISA.Troop671BSA@Troop671BSA.org to send to: "carverrick@comcast.net", Status: Successfully sent!
========== Monday May 27, 2013 at 13:25:23 ==========
========== Monday October 14, 2013 at 14:34:19 ==========
Subject: re: Gavin Short's BSA TROOP 671 ISA ACCOUNT
Using ISA.Troop671BSA@Troop671BSA.org to send to: "brad@rhift.com", Status: Successfully sent!
Using ISA.Troop671BSA@Troop671BSA.org to send to: "Troop71Treasurer@comcast.net", Status: Successfully sent!
Using ISA.Troop671BSA@Troop671BSA.org to send to: "ISA.Troop671BSA@troop671bsa.org", Status: Successfully sent!
Using ISA.Troop671BSA@Troop671BSA.org to send to: "advisor@crew671bsa.org", Status: Successfully sent!
Using ISA.Troop671BSA@Troop671BSA.org to send to: "carverrick@comcast.net", Status: Successfully sent!
========== Monday October 14, 2013 at 14:34:19 ==========
========== Tuesday November 19, 2013 at 18:24:32 ==========
Subject: re: Nicholas Zblewski's BSA TROOP 671 ISA ACCOUNT
Using ISA.Troop671BSA@Troop671BSA.org to send to: "brad@rhift.com", Status: Successfully sent!
Using ISA.Troop671BSA@Troop671BSA.org to send to: "Troop71Treasurer@comcast.net", Status: Successfully sent!
Using ISA.Troop671BSA@Troop671BSA.org to send to: "ISA.Troop671BSA@troop671bsa.org", Status: Successfully sent!
Using ISA.Troop671BSA@Troop671BSA.org to send to: "advisor@crew671bsa.org", Status: Successfully sent!
Using ISA.Troop671BSA@Troop671BSA.org to send to: "carverrick@comcast.net", Status: Successfully sent!
========== Tuesday November 19, 2013 at 18:24:32 ==========
========== Wednesday November 20, 2013 at 19:19:15 ==========
Subject: re: Eric Schmidt's BSA TROOP 671 ISA ACCOUNT
Using ISA.Troop671BSA@Troop671BSA.org to send to: "brad@rhift.com", Status: Successfully sent!
Using ISA.Troop671BSA@Troop671BSA.org to send to: "Troop71Treasurer@comcast.net", Status: Successfully sent!
Using ISA.Troop671BSA@Troop671BSA.org to send to: "ISA.Troop671BSA@troop671bsa.org", Status: Successfully sent!
Using ISA.Troop671BSA@Troop671BSA.org to send to: "advisor@crew671bsa.org", Status: Successfully sent!
Using ISA.Troop671BSA@Troop671BSA.org to send to: "carverrick@comcast.net", Status: Successfully sent!
========== Wednesday November 20, 2013 at 19:19:15 ==========
========== Sunday November 24, 2013 at 18:10:53 ==========
Subject: re: David Bergquist's BSA TROOP 671 ISA ACCOUNT
Using ISA.Troop671BSA@Troop671BSA.org to send to: "brad@rhift.com", Status: Successfully sent!
Using ISA.Troop671BSA@Troop671BSA.org to send to: "Troop71Treasurer@comcast.net", Status: Successfully sent!
Using ISA.Troop671BSA@Troop671BSA.org to send to: "ISA.Troop671BSA@troop671bsa.org", Status: Successfully sent!
Using ISA.Troop671BSA@Troop671BSA.org to send to: "advisor@crew671bsa.org", Status: Successfully sent!
Using ISA.Troop671BSA@Troop671BSA.org to send to: "carverrick@comcast.net", Status: Successfully sent!
========== Sunday November 24, 2013 at 18:10:53 ==========
========== Sunday November 24, 2013 at 18:11:24 ==========
Subject: re: David Bergquist's BSA TROOP 671 ISA ACCOUNT
Using ISA.Troop671BSA@Troop671BSA.org to send to: "brad@rhift.com", Status: Successfully sent!
Using ISA.Troop671BSA@Troop671BSA.org to send to: "Troop71Treasurer@comcast.net", Status: Successfully sent!
Using ISA.Troop671BSA@Troop671BSA.org to send to: "ISA.Troop671BSA@troop671bsa.org", Status: Successfully sent!
Using ISA.Troop671BSA@Troop671BSA.org to send to: "advisor@crew671bsa.org", Status: Successfully sent!
Using ISA.Troop671BSA@Troop671BSA.org to send to: "carverrick@comcast.net", Status: Successfully sent!
========== Sunday November 24, 2013 at 18:11:24 ==========
========== Monday December 2, 2013 at 10:59:51 ==========
Subject: re: Nathan Hart's BSA TROOP 671 ISA ACCOUNT
Using ISA.Troop671BSA@Troop671BSA.org to send to: "brad@rhift.com", Status: Successfully sent!
Using ISA.Troop671BSA@Troop671BSA.org to send to: "Troop71Treasurer@comcast.net", Status: Successfully sent!
Using ISA.Troop671BSA@Troop671BSA.org to send to: "ISA.Troop671BSA@troop671bsa.org", Status: Successfully sent!
Using ISA.Troop671BSA@Troop671BSA.org to send to: "advisor@crew671bsa.org", Status: Successfully sent!
Using ISA.Troop671BSA@Troop671BSA.org to send to: "carverrick@comcast.net", Status: Successfully sent!
========== Monday December 2, 2013 at 10:59:51 ==========
========== Wednesday December 4, 2013 at 23:1:19 ==========
Subject: re: David Maynen's BSA TROOP 671 ISA ACCOUNT
Using ISA.Troop671BSA@Troop671BSA.org to send to: "brad@rhift.com", Status: Successfully sent!
Using ISA.Troop671BSA@Troop671BSA.org to send to: "Troop71Treasurer@comcast.net", Status: Successfully sent!
Using ISA.Troop671BSA@Troop671BSA.org to send to: "ISA.Troop671BSA@troop671bsa.org", Status: Successfully sent!
Using ISA.Troop671BSA@Troop671BSA.org to send to: "advisor@crew671bsa.org", Status: Successfully sent!
Using ISA.Troop671BSA@Troop671BSA.org to send to: "carverrick@comcast.net", Status: Successfully sent!
========== Wednesday December 4, 2013 at 23:1:19 ==========
========== Tuesday January 7, 2014 at 15:20:32 ==========
Subject: re: Daniel  Pawlak's BSA TROOP 671 ISA ACCOUNT
Using ISA.Troop671BSA@Troop671BSA.org to send to: "brad@rhift.com", Status: Successfully sent!
Using ISA.Troop671BSA@Troop671BSA.org to send to: "Troop71Treasurer@comcast.net", Status: Successfully sent!
Using ISA.Troop671BSA@Troop671BSA.org to send to: "ISA.Troop671BSA@troop671bsa.org", Status: Successfully sent!
Using ISA.Troop671BSA@Troop671BSA.org to send to: "advisor@crew671bsa.org", Status: Successfully sent!
Using ISA.Troop671BSA@Troop671BSA.org to send to: "carverrick@comcast.net", Status: Successfully sent!
========== Tuesday January 7, 2014 at 15:20:32 ==========
========== Sunday January 12, 2014 at 18:47:41 ==========
Subject: re: Liam Korecky's BSA TROOP 671 ISA ACCOUNT
Using ISA.Troop671BSA@Troop671BSA.org to send to: "brad@rhift.com", Status: Successfully sent!
Using ISA.Troop671BSA@Troop671BSA.org to send to: "Troop71Treasurer@comcast.net", Status: Successfully sent!
Using ISA.Troop671BSA@Troop671BSA.org to send to: "ISA.Troop671BSA@troop671bsa.org", Status: Successfully sent!
Using ISA.Troop671BSA@Troop671BSA.org to send to: "advisor@crew671bsa.org", Status: Successfully sent!
Using ISA.Troop671BSA@Troop671BSA.org to send to: "carverrick@comcast.net", Status: Successfully sent!
========== Sunday January 12, 2014 at 18:47:41 ==========
========== Tuesday February 18, 2014 at 19:21:49 ==========
Subject: re: Gavin Short's BSA TROOP 671 ISA ACCOUNT
Using ISA.Troop671BSA@Troop671BSA.org to send to: "brad@rhift.com", Status: Successfully sent!
Using ISA.Troop671BSA@Troop671BSA.org to send to: "Troop71Treasurer@comcast.net", Status: Successfully sent!
Using ISA.Troop671BSA@Troop671BSA.org to send to: "ISA.Troop671BSA@troop671bsa.org", Status: Successfully sent!
Using ISA.Troop671BSA@Troop671BSA.org to send to: "advisor@crew671bsa.org", Status: Successfully sent!
Using ISA.Troop671BSA@Troop671BSA.org to send to: "carverrick@comcast.net", Status: Successfully sent!
========== Tuesday February 18, 2014 at 19:21:49 ==========
========== Sunday February 23, 2014 at 21:57:49 ==========
Subject: re: Gavin Short's BSA TROOP 671 ISA ACCOUNT
Using ISA.Troop671BSA@Troop671BSA.org to send to: "brad@rhift.com", Status: Successfully sent!
Using ISA.Troop671BSA@Troop671BSA.org to send to: "Troop71Treasurer@comcast.net", Status: Successfully sent!
Using ISA.Troop671BSA@Troop671BSA.org to send to: "ISA.Troop671BSA@troop671bsa.org", Status: Successfully sent!
Using ISA.Troop671BSA@Troop671BSA.org to send to: "advisor@crew671bsa.org", Status: Successfully sent!
Using ISA.Troop671BSA@Troop671BSA.org to send to: "carverrick@comcast.net", Status: Successfully sent!
========== Sunday February 23, 2014 at 21:57:49 ==========
========== Sunday February 23, 2014 at 21:58:4 ==========
Subject: re: Gavin Short's BSA TROOP 671 ISA ACCOUNT
Using ISA.Troop671BSA@Troop671BSA.org to send to: "brad@rhift.com", Status: Successfully sent!
Using ISA.Troop671BSA@Troop671BSA.org to send to: "Troop71Treasurer@comcast.net", Status: Successfully sent!
Using ISA.Troop671BSA@Troop671BSA.org to send to: "ISA.Troop671BSA@troop671bsa.org", Status: Successfully sent!
Using ISA.Troop671BSA@Troop671BSA.org to send to: "advisor@crew671bsa.org", Status: Successfully sent!
Using ISA.Troop671BSA@Troop671BSA.org to send to: "carverrick@comcast.net", Status: Successfully sent!
========== Sunday February 23, 2014 at 21:58:4 ==========
========== Monday March 3, 2014 at 9:18:31 ==========
Subject: re: Zach Thomas's BSA TROOP 671 ISA ACCOUNT
Using ISA.Troop671BSA@Troop671BSA.org to send to: "brad@rhift.com", Status: Successfully sent!
Using ISA.Troop671BSA@Troop671BSA.org to send to: "Troop71Treasurer@comcast.net", Status: Successfully sent!
Using ISA.Troop671BSA@Troop671BSA.org to send to: "ISA.Troop671BSA@troop671bsa.org", Status: Successfully sent!
Using ISA.Troop671BSA@Troop671BSA.org to send to: "advisor@crew671bsa.org", Status: Successfully sent!
Using ISA.Troop671BSA@Troop671BSA.org to send to: "carverrick@comcast.net", Status: Successfully sent!
========== Monday March 3, 2014 at 9:18:31 ==========
========== Tuesday March 4, 2014 at 20:4:5 ==========
Subject: re: Daniel  Pawlak's BSA TROOP 671 ISA ACCOUNT
Using ISA.Troop671BSA@Troop671BSA.org to send to: "brad@rhift.com", Status: Successfully sent!
Using ISA.Troop671BSA@Troop671BSA.org to send to: "Troop71Treasurer@comcast.net", Status: Successfully sent!
Using ISA.Troop671BSA@Troop671BSA.org to send to: "ISA.Troop671BSA@troop671bsa.org", Status: Successfully sent!
Using ISA.Troop671BSA@Troop671BSA.org to send to: "advisor@crew671bsa.org", Status: Successfully sent!
Using ISA.Troop671BSA@Troop671BSA.org to send to: "carverrick@comcast.net", Status: Successfully sent!
========== Tuesday March 4, 2014 at 20:4:5 ==========
========== Tuesday March 4, 2014 at 23:5:10 ==========
Subject: re: Daniel  Pawlak's BSA TROOP 671 ISA ACCOUNT
Using ISA.Troop671BSA@Troop671BSA.org to send to: "brad@rhift.com", Status: Successfully sent!
Using ISA.Troop671BSA@Troop671BSA.org to send to: "Troop71Treasurer@comcast.net", Status: Successfully sent!
Using ISA.Troop671BSA@Troop671BSA.org to send to: "ISA.Troop671BSA@troop671bsa.org", Status: Successfully sent!
Using ISA.Troop671BSA@Troop671BSA.org to send to: "advisor@crew671bsa.org", Status: Successfully sent!
Using ISA.Troop671BSA@Troop671BSA.org to send to: "carverrick@comcast.net", Status: Successfully sent!
========== Tuesday March 4, 2014 at 23:5:10 ==========
========== Wednesday March 19, 2014 at 21:16:45 ==========
Subject: re: Christian Grams's BSA TROOP 671 ISA ACCOUNT
Using ISA.Troop671BSA@Troop671BSA.org to send to: "brad@rhift.com", Status:  authentication failure [SMTP: Invalid response code received from server (code: 535, response: Incorrect authentication data)]
Using ISA.Troop671BSA@Troop671BSA.org to send to: "Troop71Treasurer@comcast.net", Status:  authentication failure [SMTP: Invalid response code received from server (code: 535, response: Incorrect authentication data)]
Using ISA.Troop671BSA@Troop671BSA.org to send to: "ISA.Troop671BSA@troop671bsa.org", Status:  authentication failure [SMTP: Invalid response code received from server (code: 535, response: Incorrect authentication data)]
Using ISA.Troop671BSA@Troop671BSA.org to send to: "advisor@crew671bsa.org", Status:  authentication failure [SMTP: Invalid response code received from server (code: 535, response: Incorrect authentication data)]
Using ISA.Troop671BSA@Troop671BSA.org to send to: "carverrick@comcast.net", Status:  authentication failure [SMTP: Invalid response code received from server (code: 535, response: Incorrect authentication data)]
========== Wednesday March 19, 2014 at 21:16:45 ==========
========== Wednesday March 19, 2014 at 21:20:29 ==========
Subject: re: Christian Grams's BSA TROOP 671 ISA ACCOUNT
Using ISA.Troop671BSA@Troop671BSA.org to send to: "brad@rhift.com", Status:  authentication failure [SMTP: Invalid response code received from server (code: 535, response: Incorrect authentication data)]
Using ISA.Troop671BSA@Troop671BSA.org to send to: "Troop71Treasurer@comcast.net", Status:  authentication failure [SMTP: Invalid response code received from server (code: 535, response: Incorrect authentication data)]
Using ISA.Troop671BSA@Troop671BSA.org to send to: "ISA.Troop671BSA@troop671bsa.org", Status:  authentication failure [SMTP: Invalid response code received from server (code: 535, response: Incorrect authentication data)]
Using ISA.Troop671BSA@Troop671BSA.org to send to: "advisor@crew671bsa.org", Status:  authentication failure [SMTP: Invalid response code received from server (code: 535, response: Incorrect authentication data)]
Using ISA.Troop671BSA@Troop671BSA.org to send to: "carverrick@comcast.net", Status:  authentication failure [SMTP: Invalid response code received from server (code: 535, response: Incorrect authentication data)]
========== Wednesday March 19, 2014 at 21:20:29 ==========
========== Saturday March 29, 2014 at 17:6:8 ==========
Subject: re: Trevor Roma's BSA TROOP 671 ISA ACCOUNT
Using ISA.Troop671BSA@Troop671BSA.org to send to: "brad@rhift.com", Status:  authentication failure [SMTP: Invalid response code received from server (code: 535, response: Incorrect authentication data)]
Using ISA.Troop671BSA@Troop671BSA.org to send to: "Troop71Treasurer@comcast.net", Status:  authentication failure [SMTP: Invalid response code received from server (code: 535, response: Incorrect authentication data)]
Using ISA.Troop671BSA@Troop671BSA.org to send to: "ISA.Troop671BSA@troop671bsa.org", Status:  authentication failure [SMTP: Invalid response code received from server (code: 535, response: Incorrect authentication data)]
Using ISA.Troop671BSA@Troop671BSA.org to send to: "advisor@crew671bsa.org", Status:  authentication failure [SMTP: Invalid response code received from server (code: 535, response: Incorrect authentication data)]
Using ISA.Troop671BSA@Troop671BSA.org to send to: "carverrick@comcast.net", Status:  authentication failure [SMTP: Invalid response code received from server (code: 535, response: Incorrect authentication data)]
========== Saturday March 29, 2014 at 17:6:8 ==========
========== Tuesday April 1, 2014 at 21:39:20 ==========
Subject: re: Gavin Short's BSA TROOP 671 ISA ACCOUNT
Using ISA.Troop671BSA@Troop671BSA.org to send to: "brad@rhift.com", Status:  authentication failure [SMTP: Invalid response code received from server (code: 535, response: Incorrect authentication data)]
Using ISA.Troop671BSA@Troop671BSA.org to send to: "Troop71Treasurer@comcast.net", Status:  authentication failure [SMTP: Invalid response code received from server (code: 535, response: Incorrect authentication data)]
Using ISA.Troop671BSA@Troop671BSA.org to send to: "ISA.Troop671BSA@troop671bsa.org", Status:  authentication failure [SMTP: Invalid response code received from server (code: 535, response: Incorrect authentication data)]
Using ISA.Troop671BSA@Troop671BSA.org to send to: "advisor@crew671bsa.org", Status:  authentication failure [SMTP: Invalid response code received from server (code: 535, response: Incorrect authentication data)]
Using ISA.Troop671BSA@Troop671BSA.org to send to: "carverrick@comcast.net", Status:  authentication failure [SMTP: Invalid response code received from server (code: 535, response: Incorrect authentication data)]
========== Tuesday April 1, 2014 at 21:39:20 ==========
========== Monday April 7, 2014 at 10:17:43 ==========
Subject: re: Daniel  Pawlak's BSA TROOP 671 ISA ACCOUNT
Using ISA.Troop671BSA@Troop671BSA.org to send to: "brad@rhift.com", Status:  authentication failure [SMTP: Invalid response code received from server (code: 535, response: Incorrect authentication data)]
Using ISA.Troop671BSA@Troop671BSA.org to send to: "Troop71Treasurer@comcast.net", Status:  authentication failure [SMTP: Invalid response code received from server (code: 535, response: Incorrect authentication data)]
Using ISA.Troop671BSA@Troop671BSA.org to send to: "ISA.Troop671BSA@troop671bsa.org", Status:  authentication failure [SMTP: Invalid response code received from server (code: 535, response: Incorrect authentication data)]
Using ISA.Troop671BSA@Troop671BSA.org to send to: "advisor@crew671bsa.org", Status:  authentication failure [SMTP: Invalid response code received from server (code: 535, response: Incorrect authentication data)]
Using ISA.Troop671BSA@Troop671BSA.org to send to: "carverrick@comcast.net", Status:  authentication failure [SMTP: Invalid response code received from server (code: 535, response: Incorrect authentication data)]
========== Monday April 7, 2014 at 10:17:43 ==========
========== Tuesday April 8, 2014 at 22:48:7 ==========
Subject: re: Daniel  Pawlak's BSA TROOP 671 ISA ACCOUNT
Using ISA.Troop671BSA@Troop671BSA.org to send to: "brad@rhift.com", Status:  authentication failure [SMTP: Invalid response code received from server (code: 535, response: Incorrect authentication data)]
Using ISA.Troop671BSA@Troop671BSA.org to send to: "Troop71Treasurer@comcast.net", Status:  authentication failure [SMTP: Invalid response code received from server (code: 535, response: Incorrect authentication data)]
Using ISA.Troop671BSA@Troop671BSA.org to send to: "ISA.Troop671BSA@troop671bsa.org", Status:  authentication failure [SMTP: Invalid response code received from server (code: 535, response: Incorrect authentication data)]
Using ISA.Troop671BSA@Troop671BSA.org to send to: "advisor@crew671bsa.org", Status:  authentication failure [SMTP: Invalid response code received from server (code: 535, response: Incorrect authentication data)]
Using ISA.Troop671BSA@Troop671BSA.org to send to: "carverrick@comcast.net", Status:  authentication failure [SMTP: Invalid response code received from server (code: 535, response: Incorrect authentication data)]
========== Tuesday April 8, 2014 at 22:48:7 ==========
========== Sunday April 13, 2014 at 15:21:40 ==========
Subject: re: Shadow Cat 's BSA TROOP 671 ISA ACCOUNT
Using ISA.Troop671BSA@Troop671BSA.org to send to: "brad@rhift.com", Status: Successfully sent!
Using ISA.Troop671BSA@Troop671BSA.org to send to: "Troop71Treasurer@comcast.net", Status: Successfully sent!
Using ISA.Troop671BSA@Troop671BSA.org to send to: "ISA.Troop671BSA@troop671bsa.org", Status: Successfully sent!
Using ISA.Troop671BSA@Troop671BSA.org to send to: "advisor@crew671bsa.org", Status: Successfully sent!
Using ISA.Troop671BSA@Troop671BSA.org to send to: "carverrick@comcast.net", Status: Successfully sent!
========== Sunday April 13, 2014 at 15:21:40 ==========
========== Monday April 14, 2014 at 22:3:6 ==========
Subject: re: Daniel  Pawlak's BSA TROOP 671 ISA ACCOUNT
Using ISA.Troop671BSA@Troop671BSA.org to send to: "brad@rhift.com", Status: Successfully sent!
Using ISA.Troop671BSA@Troop671BSA.org to send to: "Troop71Treasurer@comcast.net", Status: Successfully sent!
Using ISA.Troop671BSA@Troop671BSA.org to send to: "ISA.Troop671BSA@troop671bsa.org", Status: Successfully sent!
Using ISA.Troop671BSA@Troop671BSA.org to send to: "advisor@crew671bsa.org", Status: Successfully sent!
Using ISA.Troop671BSA@Troop671BSA.org to send to: "carverrick@comcast.net", Status: Successfully sent!
========== Monday April 14, 2014 at 22:3:6 ==========
========== Monday April 21, 2014 at 16:19:1 ==========
Subject: re: James Silvasy's BSA TROOP 671 ISA ACCOUNT
Using ISA.Troop671BSA@Troop671BSA.org to send to: "brad@rhift.com", Status: Successfully sent!
Using ISA.Troop671BSA@Troop671BSA.org to send to: "Troop71Treasurer@comcast.net", Status: Successfully sent!
Using ISA.Troop671BSA@Troop671BSA.org to send to: "ISA.Troop671BSA@troop671bsa.org", Status: Successfully sent!
Using ISA.Troop671BSA@Troop671BSA.org to send to: "advisor@crew671bsa.org", Status: Successfully sent!
Using ISA.Troop671BSA@Troop671BSA.org to send to: "carverrick@comcast.net", Status: Successfully sent!
========== Monday April 21, 2014 at 16:19:1 ==========
========== Tuesday April 29, 2014 at 21:3:42 ==========
Subject: re: Eric Niesen's BSA TROOP 671 ISA ACCOUNT
Using ISA.Troop671BSA@Troop671BSA.org to send to: "brad@rhift.com", Status: Successfully sent!
Using ISA.Troop671BSA@Troop671BSA.org to send to: "Troop71Treasurer@comcast.net", Status: Successfully sent!
Using ISA.Troop671BSA@Troop671BSA.org to send to: "ISA.Troop671BSA@troop671bsa.org", Status: Successfully sent!
Using ISA.Troop671BSA@Troop671BSA.org to send to: "advisor@crew671bsa.org", Status: Successfully sent!
Using ISA.Troop671BSA@Troop671BSA.org to send to: "carverrick@comcast.net", Status: Successfully sent!
========== Tuesday April 29, 2014 at 21:3:42 ==========
========== Tuesday April 29, 2014 at 23:26:43 ==========
Subject: re: Daniel  Pawlak's BSA TROOP 671 ISA ACCOUNT
Using ISA.Troop671BSA@Troop671BSA.org to send to: "brad@rhift.com", Status: Successfully sent!
Using ISA.Troop671BSA@Troop671BSA.org to send to: "Troop71Treasurer@comcast.net", Status: Successfully sent!
Using ISA.Troop671BSA@Troop671BSA.org to send to: "ISA.Troop671BSA@troop671bsa.org", Status: Successfully sent!
Using ISA.Troop671BSA@Troop671BSA.org to send to: "advisor@crew671bsa.org", Status: Successfully sent!
Using ISA.Troop671BSA@Troop671BSA.org to send to: "carverrick@comcast.net", Status: Successfully sent!
========== Tuesday April 29, 2014 at 23:26:43 ==========
========== Wednesday April 30, 2014 at 18:46:22 ==========
Subject: re: David Maynen's BSA TROOP 671 ISA ACCOUNT
Using ISA.Troop671BSA@Troop671BSA.org to send to: "brad@rhift.com", Status: Successfully sent!
Using ISA.Troop671BSA@Troop671BSA.org to send to: "Troop71Treasurer@comcast.net", Status: Successfully sent!
Using ISA.Troop671BSA@Troop671BSA.org to send to: "ISA.Troop671BSA@troop671bsa.org", Status: Successfully sent!
Using ISA.Troop671BSA@Troop671BSA.org to send to: "advisor@crew671bsa.org", Status: Successfully sent!
Using ISA.Troop671BSA@Troop671BSA.org to send to: "carverrick@comcast.net", Status: Successfully sent!
========== Wednesday April 30, 2014 at 18:46:22 ==========
========== Wednesday April 30, 2014 at 22:6:29 ==========
Subject: re: Greyson Fout's BSA TROOP 671 ISA ACCOUNT
Using ISA.Troop671BSA@Troop671BSA.org to send to: "brad@rhift.com", Status: Successfully sent!
Using ISA.Troop671BSA@Troop671BSA.org to send to: "Troop71Treasurer@comcast.net", Status: Successfully sent!
Using ISA.Troop671BSA@Troop671BSA.org to send to: "ISA.Troop671BSA@troop671bsa.org", Status: Successfully sent!
Using ISA.Troop671BSA@Troop671BSA.org to send to: "advisor@crew671bsa.org", Status: Successfully sent!
Using ISA.Troop671BSA@Troop671BSA.org to send to: "carverrick@comcast.net", Status: Successfully sent!
========== Wednesday April 30, 2014 at 22:6:29 ==========
========== Sunday May 11, 2014 at 17:4:20 ==========
Subject: re: Gavin Short's BSA TROOP 671 ISA ACCOUNT
Using ISA.Troop671BSA@Troop671BSA.org to send to: "brad@rhift.com", Status: Successfully sent!
Using ISA.Troop671BSA@Troop671BSA.org to send to: "Troop71Treasurer@comcast.net", Status: Successfully sent!
Using ISA.Troop671BSA@Troop671BSA.org to send to: "ISA.Troop671BSA@troop671bsa.org", Status: Successfully sent!
Using ISA.Troop671BSA@Troop671BSA.org to send to: "advisor@crew671bsa.org", Status: Successfully sent!
Using ISA.Troop671BSA@Troop671BSA.org to send to: "carverrick@comcast.net", Status: Successfully sent!
========== Sunday May 11, 2014 at 17:4:20 ==========
========== Tuesday May 20, 2014 at 19:1:7 ==========
Subject: re: Gavin Short's BSA TROOP 671 ISA ACCOUNT
Using ISA.Troop671BSA@Troop671BSA.org to send to: "brad@rhift.com", Status: Successfully sent!
Using ISA.Troop671BSA@Troop671BSA.org to send to: "Troop71Treasurer@comcast.net", Status: Successfully sent!
Using ISA.Troop671BSA@Troop671BSA.org to send to: "ISA.Troop671BSA@troop671bsa.org", Status: Successfully sent!
Using ISA.Troop671BSA@Troop671BSA.org to send to: "advisor@crew671bsa.org", Status: Successfully sent!
Using ISA.Troop671BSA@Troop671BSA.org to send to: "carverrick@comcast.net", Status: Successfully sent!
========== Tuesday May 20, 2014 at 19:1:7 ==========
========== Tuesday June 3, 2014 at 19:4:49 ==========
Subject: re: Gavin Short's BSA TROOP 671 ISA ACCOUNT
Using ISA.Troop671BSA@Troop671BSA.org to send to: "brad@rhift.com", Status: Successfully sent!
Using ISA.Troop671BSA@Troop671BSA.org to send to: "Troop71Treasurer@comcast.net", Status: Successfully sent!
Using ISA.Troop671BSA@Troop671BSA.org to send to: "ISA.Troop671BSA@troop671bsa.org", Status: Successfully sent!
Using ISA.Troop671BSA@Troop671BSA.org to send to: "advisor@crew671bsa.org", Status: Successfully sent!
Using ISA.Troop671BSA@Troop671BSA.org to send to: "carverrick@comcast.net", Status: Successfully sent!
========== Tuesday June 3, 2014 at 19:4:49 ==========
========== Tuesday July 1, 2014 at 18:44:59 ==========
Subject: re: Gavin Short's BSA TROOP 671 ISA ACCOUNT
Using ISA.Troop671BSA@Troop671BSA.org to send to: "brad@rhift.com", Status: Successfully sent!
Using ISA.Troop671BSA@Troop671BSA.org to send to: "Troop71Treasurer@comcast.net", Status: Successfully sent!
Using ISA.Troop671BSA@Troop671BSA.org to send to: "ISA.Troop671BSA@troop671bsa.org", Status: Successfully sent!
Using ISA.Troop671BSA@Troop671BSA.org to send to: "advisor@crew671bsa.org", Status: Successfully sent!
Using ISA.Troop671BSA@Troop671BSA.org to send to: "carverrick@comcast.net", Status: Successfully sent!
========== Tuesday July 1, 2014 at 18:44:59 ==========
========== Tuesday July 15, 2014 at 15:1:11 ==========
Subject: re: Daniel  Pawlak's BSA TROOP 671 ISA ACCOUNT
Using ISA.Troop671BSA@Troop671BSA.org to send to: "brad@rhift.com", Status: Successfully sent!
Using ISA.Troop671BSA@Troop671BSA.org to send to: "Troop71Treasurer@comcast.net", Status: Successfully sent!
Using ISA.Troop671BSA@Troop671BSA.org to send to: "ISA.Troop671BSA@troop671bsa.org", Status: Successfully sent!
Using ISA.Troop671BSA@Troop671BSA.org to send to: "advisor@crew671bsa.org", Status: Successfully sent!
Using ISA.Troop671BSA@Troop671BSA.org to send to: "carverrick@comcast.net", Status: Successfully sent!
========== Tuesday July 15, 2014 at 15:1:11 ==========
========== Tuesday July 22, 2014 at 18:49:54 ==========
Subject: re: Gavin Short's BSA TROOP 671 ISA ACCOUNT
Using ISA.Troop671BSA@Troop671BSA.org to send to: "brad@rhift.com", Status: Successfully sent!
Using ISA.Troop671BSA@Troop671BSA.org to send to: "Troop71Treasurer@comcast.net", Status: Successfully sent!
Using ISA.Troop671BSA@Troop671BSA.org to send to: "ISA.Troop671BSA@troop671bsa.org", Status: Successfully sent!
Using ISA.Troop671BSA@Troop671BSA.org to send to: "advisor@crew671bsa.org", Status: Successfully sent!
Using ISA.Troop671BSA@Troop671BSA.org to send to: "carverrick@comcast.net", Status: Successfully sent!
========== Tuesday July 22, 2014 at 18:49:54 ==========
========== Tuesday August 19, 2014 at 21:35:1 ==========
Subject: re: Spencer Pavletic's BSA TROOP 671 ISA ACCOUNT
Using ISA.Troop671BSA@Troop671BSA.org to send to: "brad@rhift.com", Status: Successfully sent!
Using ISA.Troop671BSA@Troop671BSA.org to send to: "Troop71Treasurer@comcast.net", Status: Successfully sent!
Using ISA.Troop671BSA@Troop671BSA.org to send to: "ISA.Troop671BSA@troop671bsa.org", Status: Successfully sent!
Using ISA.Troop671BSA@Troop671BSA.org to send to: "advisor@crew671bsa.org", Status: Successfully sent!
Using ISA.Troop671BSA@Troop671BSA.org to send to: "carverrick@comcast.net", Status: Successfully sent!
========== Tuesday August 19, 2014 at 21:35:1 ==========
========== Wednesday September 10, 2014 at 16:2:0 ==========
Subject: re: Luke Weber's BSA TROOP 671 ISA ACCOUNT
Using ISA.Troop671BSA@Troop671BSA.org to send to: "brad@rhift.com", Status: Failed to connect to ssl://smtp.gmail.com:465 [SMTP: Failed to connect socket: Connection timed out (code: -1, response: )]
Using ISA.Troop671BSA@Troop671BSA.org to send to: "Troop71Treasurer@comcast.net", Status: Failed to connect to ssl://smtp.gmail.com:465 [SMTP: Failed to connect socket: Connection timed out (code: -1, response: )]
Using ISA.Troop671BSA@Troop671BSA.org to send to: "ISA.Troop671BSA@troop671bsa.org", Status: Failed to connect to ssl://smtp.gmail.com:465 [SMTP: Failed to connect socket: Connection timed out (code: -1, response: )]
Using ISA.Troop671BSA@Troop671BSA.org to send to: "advisor@crew671bsa.org", Status: Failed to connect to ssl://smtp.gmail.com:465 [SMTP: Failed to connect socket: Connection timed out (code: -1, response: )]
Using ISA.Troop671BSA@Troop671BSA.org to send to: "carverrick@comcast.net", Status: Failed to connect to ssl://smtp.gmail.com:465 [SMTP: Failed to connect socket: Connection timed out (code: -1, response: )]
========== Wednesday September 10, 2014 at 16:2:0 ==========
========== Wednesday September 10, 2014 at 16:7:0 ==========
Subject: re: Luke Weber's BSA TROOP 671 ISA ACCOUNT
Using ISA.Troop671BSA@Troop671BSA.org to send to: "brad@rhift.com", Status: Failed to connect to ssl://smtp.gmail.com:465 [SMTP: Failed to connect socket: Connection timed out (code: -1, response: )]
Using ISA.Troop671BSA@Troop671BSA.org to send to: "Troop71Treasurer@comcast.net", Status: Failed to connect to ssl://smtp.gmail.com:465 [SMTP: Failed to connect socket: Connection timed out (code: -1, response: )]
Using ISA.Troop671BSA@Troop671BSA.org to send to: "ISA.Troop671BSA@troop671bsa.org", Status: Failed to connect to ssl://smtp.gmail.com:465 [SMTP: Failed to connect socket: Connection timed out (code: -1, response: )]
Using ISA.Troop671BSA@Troop671BSA.org to send to: "advisor@crew671bsa.org", Status: Failed to connect to ssl://smtp.gmail.com:465 [SMTP: Failed to connect socket: Connection timed out (code: -1, response: )]
Using ISA.Troop671BSA@Troop671BSA.org to send to: "carverrick@comcast.net", Status: Failed to connect to ssl://smtp.gmail.com:465 [SMTP: Failed to connect socket: Connection timed out (code: -1, response: )]
========== Wednesday September 10, 2014 at 16:7:0 ==========
========== Sunday September 14, 2014 at 14:13:13 ==========
Subject: re: Liam Maag's BSA TROOP 671 ISA ACCOUNT
Using ISA.Troop671BSA@Troop671BSA.org to send to: "brad@rhift.com", Status: Failed to connect to ssl://smtp.gmail.com:465 [SMTP: Failed to connect socket: Connection timed out (code: -1, response: )]
Using ISA.Troop671BSA@Troop671BSA.org to send to: "Troop71Treasurer@comcast.net", Status: Failed to connect to ssl://smtp.gmail.com:465 [SMTP: Failed to connect socket: Connection timed out (code: -1, response: )]
Using ISA.Troop671BSA@Troop671BSA.org to send to: "ISA.Troop671BSA@troop671bsa.org", Status: Failed to connect to ssl://smtp.gmail.com:465 [SMTP: Failed to connect socket: Connection timed out (code: -1, response: )]
Using ISA.Troop671BSA@Troop671BSA.org to send to: "advisor@crew671bsa.org", Status: Failed to connect to ssl://smtp.gmail.com:465 [SMTP: Failed to connect socket: Connection timed out (code: -1, response: )]
Using ISA.Troop671BSA@Troop671BSA.org to send to: "carverrick@comcast.net", Status: Failed to connect to ssl://smtp.gmail.com:465 [SMTP: Failed to connect socket: Connection timed out (code: -1, response: )]
========== Sunday September 14, 2014 at 14:13:13 ==========
========== Sunday September 14, 2014 at 14:18:14 ==========
Subject: re: Liam Maag's BSA TROOP 671 ISA ACCOUNT
Using ISA.Troop671BSA@Troop671BSA.org to send to: "brad@rhift.com", Status: Failed to connect to ssl://smtp.gmail.com:465 [SMTP: Failed to connect socket: Connection timed out (code: -1, response: )]
Using ISA.Troop671BSA@Troop671BSA.org to send to: "Troop71Treasurer@comcast.net", Status: Failed to connect to ssl://smtp.gmail.com:465 [SMTP: Failed to connect socket: Connection timed out (code: -1, response: )]
Using ISA.Troop671BSA@Troop671BSA.org to send to: "ISA.Troop671BSA@troop671bsa.org", Status: Failed to connect to ssl://smtp.gmail.com:465 [SMTP: Failed to connect socket: Connection timed out (code: -1, response: )]
Using ISA.Troop671BSA@Troop671BSA.org to send to: "advisor@crew671bsa.org", Status: Failed to connect to ssl://smtp.gmail.com:465 [SMTP: Failed to connect socket: Connection timed out (code: -1, response: )]
Using ISA.Troop671BSA@Troop671BSA.org to send to: "carverrick@comcast.net", Status: Failed to connect to ssl://smtp.gmail.com:465 [SMTP: Failed to connect socket: Connection timed out (code: -1, response: )]
========== Sunday September 14, 2014 at 14:18:14 ==========
========== Monday September 15, 2014 at 18:15:8 ==========
Subject: re: Luke Weber's BSA TROOP 671 ISA ACCOUNT
Using ISA.Troop671BSA@Troop671BSA.org to send to: "brad@rhift.com", Status: Failed to connect to ssl://smtp.gmail.com:465 [SMTP: Failed to connect socket: Connection timed out (code: -1, response: )]
Using ISA.Troop671BSA@Troop671BSA.org to send to: "Troop71Treasurer@comcast.net", Status: Failed to connect to ssl://smtp.gmail.com:465 [SMTP: Failed to connect socket: Connection timed out (code: -1, response: )]
Using ISA.Troop671BSA@Troop671BSA.org to send to: "ISA.Troop671BSA@troop671bsa.org", Status: Failed to connect to ssl://smtp.gmail.com:465 [SMTP: Failed to connect socket: Connection timed out (code: -1, response: )]
Using ISA.Troop671BSA@Troop671BSA.org to send to: "advisor@crew671bsa.org", Status: Failed to connect to ssl://smtp.gmail.com:465 [SMTP: Failed to connect socket: Connection timed out (code: -1, response: )]
Using ISA.Troop671BSA@Troop671BSA.org to send to: "carverrick@comcast.net", Status: Failed to connect to ssl://smtp.gmail.com:465 [SMTP: Failed to connect socket: Connection timed out (code: -1, response: )]
========== Monday September 15, 2014 at 18:15:8 ==========
========== Monday September 15, 2014 at 18:20:8 ==========
Subject: re: Luke Weber's BSA TROOP 671 ISA ACCOUNT
Using ISA.Troop671BSA@Troop671BSA.org to send to: "brad@rhift.com", Status: Failed to connect to ssl://smtp.gmail.com:465 [SMTP: Failed to connect socket: Connection timed out (code: -1, response: )]
Using ISA.Troop671BSA@Troop671BSA.org to send to: "Troop71Treasurer@comcast.net", Status: Failed to connect to ssl://smtp.gmail.com:465 [SMTP: Failed to connect socket: Connection timed out (code: -1, response: )]
Using ISA.Troop671BSA@Troop671BSA.org to send to: "ISA.Troop671BSA@troop671bsa.org", Status: Failed to connect to ssl://smtp.gmail.com:465 [SMTP: Failed to connect socket: Connection timed out (code: -1, response: )]
Using ISA.Troop671BSA@Troop671BSA.org to send to: "advisor@crew671bsa.org", Status: Failed to connect to ssl://smtp.gmail.com:465 [SMTP: Failed to connect socket: Connection timed out (code: -1, response: )]
Using ISA.Troop671BSA@Troop671BSA.org to send to: "carverrick@comcast.net", Status: Failed to connect to ssl://smtp.gmail.com:465 [SMTP: Failed to connect socket: Connection timed out (code: -1, response: )]
========== Monday September 15, 2014 at 18:20:8 ==========
========== Monday September 15, 2014 at 18:25:9 ==========
Subject: re: Luke Weber's BSA TROOP 671 ISA ACCOUNT
Using ISA.Troop671BSA@Troop671BSA.org to send to: "brad@rhift.com", Status: Failed to connect to ssl://smtp.gmail.com:465 [SMTP: Failed to connect socket: Connection timed out (code: -1, response: )]
Using ISA.Troop671BSA@Troop671BSA.org to send to: "Troop71Treasurer@comcast.net", Status: Failed to connect to ssl://smtp.gmail.com:465 [SMTP: Failed to connect socket: Connection timed out (code: -1, response: )]
Using ISA.Troop671BSA@Troop671BSA.org to send to: "ISA.Troop671BSA@troop671bsa.org", Status: Failed to connect to ssl://smtp.gmail.com:465 [SMTP: Failed to connect socket: Connection timed out (code: -1, response: )]
Using ISA.Troop671BSA@Troop671BSA.org to send to: "advisor@crew671bsa.org", Status: Failed to connect to ssl://smtp.gmail.com:465 [SMTP: Failed to connect socket: Connection timed out (code: -1, response: )]
Using ISA.Troop671BSA@Troop671BSA.org to send to: "carverrick@comcast.net", Status: Failed to connect to ssl://smtp.gmail.com:465 [SMTP: Failed to connect socket: Connection timed out (code: -1, response: )]
========== Monday September 15, 2014 at 18:25:9 ==========
========== Monday September 15, 2014 at 18:30:9 ==========
Subject: re: Luke Weber's BSA TROOP 671 ISA ACCOUNT
Using ISA.Troop671BSA@Troop671BSA.org to send to: "brad@rhift.com", Status: Failed to connect to ssl://smtp.gmail.com:465 [SMTP: Failed to connect socket: Connection timed out (code: -1, response: )]
Using ISA.Troop671BSA@Troop671BSA.org to send to: "Troop71Treasurer@comcast.net", Status: Failed to connect to ssl://smtp.gmail.com:465 [SMTP: Failed to connect socket: Connection timed out (code: -1, response: )]
Using ISA.Troop671BSA@Troop671BSA.org to send to: "ISA.Troop671BSA@troop671bsa.org", Status: Failed to connect to ssl://smtp.gmail.com:465 [SMTP: Failed to connect socket: Connection timed out (code: -1, response: )]
Using ISA.Troop671BSA@Troop671BSA.org to send to: "advisor@crew671bsa.org", Status: Failed to connect to ssl://smtp.gmail.com:465 [SMTP: Failed to connect socket: Connection timed out (code: -1, response: )]
Using ISA.Troop671BSA@Troop671BSA.org to send to: "carverrick@comcast.net", Status: Failed to connect to ssl://smtp.gmail.com:465 [SMTP: Failed to connect socket: Connection timed out (code: -1, response: )]
========== Monday September 15, 2014 at 18:30:9 ==========
========== Monday September 15, 2014 at 21:54:42 ==========
Subject: re: Shadow Cat 's BSA TROOP 671 ISA ACCOUNT
Using ISA.Troop671BSA@Troop671BSA.org to send to: "brad@rhift.com", Status: Failed to connect to ssl://smtp.gmail.com:465 [SMTP: Failed to connect socket: Connection timed out (code: -1, response: )]
Using ISA.Troop671BSA@Troop671BSA.org to send to: "Troop71Treasurer@comcast.net", Status: Failed to connect to ssl://smtp.gmail.com:465 [SMTP: Failed to connect socket: Connection timed out (code: -1, response: )]
Using ISA.Troop671BSA@Troop671BSA.org to send to: "ISA.Troop671BSA@troop671bsa.org", Status: Failed to connect to ssl://smtp.gmail.com:465 [SMTP: Failed to connect socket: Connection timed out (code: -1, response: )]
Using ISA.Troop671BSA@Troop671BSA.org to send to: "advisor@crew671bsa.org", Status: Failed to connect to ssl://smtp.gmail.com:465 [SMTP: Failed to connect socket: Connection timed out (code: -1, response: )]
Using ISA.Troop671BSA@Troop671BSA.org to send to: "carverrick@comcast.net", Status: Failed to connect to ssl://smtp.gmail.com:465 [SMTP: Failed to connect socket: Connection timed out (code: -1, response: )]
========== Monday September 15, 2014 at 21:54:42 ==========
========== Monday September 15, 2014 at 22:8:12 ==========
Subject: re: Shadow Cat 's BSA TROOP 671 ISA ACCOUNT
Using ISA.Troop671BSA@Troop671BSA.org to send to: "brad@rhift.com", Status: Failed to connect to ssl://smtp.gmail.com:465 [SMTP: Failed to connect socket: Connection timed out (code: -1, response: )]
Using ISA.Troop671BSA@Troop671BSA.org to send to: "Troop71Treasurer@comcast.net", Status: Failed to connect to ssl://smtp.gmail.com:465 [SMTP: Failed to connect socket: Connection timed out (code: -1, response: )]
Using ISA.Troop671BSA@Troop671BSA.org to send to: "ISA.Troop671BSA@troop671bsa.org", Status: Failed to connect to ssl://smtp.gmail.com:465 [SMTP: Failed to connect socket: Connection timed out (code: -1, response: )]
Using ISA.Troop671BSA@Troop671BSA.org to send to: "advisor@crew671bsa.org", Status: Failed to connect to ssl://smtp.gmail.com:465 [SMTP: Failed to connect socket: Connection timed out (code: -1, response: )]
Using ISA.Troop671BSA@Troop671BSA.org to send to: "carverrick@comcast.net", Status: Failed to connect to ssl://smtp.gmail.com:465 [SMTP: Failed to connect socket: Connection timed out (code: -1, response: )]
========== Monday September 15, 2014 at 22:8:12 ==========
========== Monday September 15, 2014 at 22:16:6 ==========
Subject: re: Shadow Cat 's BSA TROOP 671 ISA ACCOUNT
Using ISA.Troop671BSA@Troop671BSA.org to send to: "brad@rhift.com", Status: Failed to connect to ssl://smtp.gmail.com:465 [SMTP: Failed to connect socket: Connection timed out (code: -1, response: )]
Using ISA.Troop671BSA@Troop671BSA.org to send to: "Troop71Treasurer@comcast.net", Status: Failed to connect to ssl://smtp.gmail.com:465 [SMTP: Failed to connect socket: Connection timed out (code: -1, response: )]
Using ISA.Troop671BSA@Troop671BSA.org to send to: "ISA.Troop671BSA@troop671bsa.org", Status: Failed to connect to ssl://smtp.gmail.com:465 [SMTP: Failed to connect socket: Connection timed out (code: -1, response: )]
Using ISA.Troop671BSA@Troop671BSA.org to send to: "advisor@crew671bsa.org", Status: Failed to connect to ssl://smtp.gmail.com:465 [SMTP: Failed to connect socket: Connection timed out (code: -1, response: )]
Using ISA.Troop671BSA@Troop671BSA.org to send to: "carverrick@comcast.net", Status: Failed to connect to ssl://smtp.gmail.com:465 [SMTP: Failed to connect socket: Connection timed out (code: -1, response: )]
========== Monday September 15, 2014 at 22:16:6 ==========
========== Monday September 15, 2014 at 22:44:53 ==========
Subject: re: Shadow Cat 's BSA TROOP 671 ISA ACCOUNT
Using ISA.Troop671BSA@Troop671BSA.org to send to: "brad@rhift.com", Status: Failed to connect to ssl://smtp.gmail.com:465 [SMTP: Failed to connect socket: Connection timed out (code: -1, response: )]
Using ISA.Troop671BSA@Troop671BSA.org to send to: "Troop71Treasurer@comcast.net", Status: Failed to connect to ssl://smtp.gmail.com:465 [SMTP: Failed to connect socket: Connection timed out (code: -1, response: )]
Using ISA.Troop671BSA@Troop671BSA.org to send to: "ISA.Troop671BSA@troop671bsa.org", Status: Failed to connect to ssl://smtp.gmail.com:465 [SMTP: Failed to connect socket: Connection timed out (code: -1, response: )]
Using ISA.Troop671BSA@Troop671BSA.org to send to: "advisor@crew671bsa.org", Status: Successfully sent!
Using ISA.Troop671BSA@Troop671BSA.org to send to: "carverrick@comcast.net", Status: Failed to connect to ssl://smtp.gmail.com:465 [SMTP: Failed to connect socket: Connection timed out (code: -1, response: )]
========== Monday September 15, 2014 at 22:44:53 ==========
========== Monday September 15, 2014 at 22:50:2 ==========
Subject: re: Shadow Cat 's BSA TROOP 671 ISA ACCOUNT
Using ISA.Troop671BSA@Troop671BSA.org to send to: "brad@rhift.com", Status: Failed to connect to ssl://smtp.gmail.com:465 [SMTP: Failed to connect socket: Connection timed out (code: -1, response: )]
Using ISA.Troop671BSA@Troop671BSA.org to send to: "Troop71Treasurer@comcast.net", Status: Failed to connect to ssl://smtp.gmail.com:465 [SMTP: Failed to connect socket: Connection timed out (code: -1, response: )]
Using ISA.Troop671BSA@Troop671BSA.org to send to: "ISA.Troop671BSA@troop671bsa.org", Status: Failed to connect to ssl://smtp.gmail.com:465 [SMTP: Failed to connect socket: Connection timed out (code: -1, response: )]
Using ISA.Troop671BSA@Troop671BSA.org to send to: "advisor@crew671bsa.org", Status: Failed to connect to ssl://smtp.gmail.com:465 [SMTP: Failed to connect socket: Connection timed out (code: -1, response: )]
Using ISA.Troop671BSA@Troop671BSA.org to send to: "carverrick@comcast.net", Status: Failed to connect to ssl://smtp.gmail.com:465 [SMTP: Failed to connect socket: Connection timed out (code: -1, response: )]
========== Monday September 15, 2014 at 22:50:2 ==========
========== Monday September 15, 2014 at 23:54:38 ==========
Subject: re: Shadow Cat 's BSA TROOP 671 ISA ACCOUNT
Using ISA.Troop671BSA@Troop671BSA.org to send to: "brad@rhift.com", Status: Failed to connect to ssl://smtp.gmail.com:465 [SMTP: Failed to connect socket: Connection timed out (code: -1, response: )]
Using ISA.Troop671BSA@Troop671BSA.org to send to: "Troop71Treasurer@comcast.net", Status: Failed to connect to ssl://smtp.gmail.com:465 [SMTP: Failed to connect socket: Connection timed out (code: -1, response: )]
Using ISA.Troop671BSA@Troop671BSA.org to send to: "ISA.Troop671BSA@troop671bsa.org", Status: Failed to connect to ssl://smtp.gmail.com:465 [SMTP: Failed to connect socket: Connection timed out (code: -1, response: )]
Using ISA.Troop671BSA@Troop671BSA.org to send to: "advisor@crew671bsa.org", Status: Failed to connect to ssl://smtp.gmail.com:465 [SMTP: Failed to connect socket: Connection timed out (code: -1, response: )]
Using ISA.Troop671BSA@Troop671BSA.org to send to: "carverrick@comcast.net", Status: Failed to connect to ssl://smtp.gmail.com:465 [SMTP: Failed to connect socket: Connection timed out (code: -1, response: )]
========== Monday September 15, 2014 at 23:54:38 ==========
========== Tuesday September 16, 2014 at 0:1:16 ==========
Subject: re: Shadow Cat 's BSA TROOP 671 ISA ACCOUNT
Using ISA.Troop671BSA@Troop671BSA.org to send to: "brad@rhift.com", Status: Failed to connect to ssl://smtp.gmail.com:465 [SMTP: Failed to connect socket: Connection timed out (code: -1, response: )]
Using ISA.Troop671BSA@Troop671BSA.org to send to: "Troop71Treasurer@comcast.net", Status: Failed to connect to ssl://smtp.gmail.com:465 [SMTP: Failed to connect socket: Connection timed out (code: -1, response: )]
Using ISA.Troop671BSA@Troop671BSA.org to send to: "ISA.Troop671BSA@troop671bsa.org", Status: Failed to connect to ssl://smtp.gmail.com:465 [SMTP: Failed to connect socket: Connection timed out (code: -1, response: )]
Using ISA.Troop671BSA@Troop671BSA.org to send to: "advisor@crew671bsa.org", Status: Failed to connect to ssl://smtp.gmail.com:465 [SMTP: Failed to connect socket: Connection timed out (code: -1, response: )]
Using ISA.Troop671BSA@Troop671BSA.org to send to: "carverrick@comcast.net", Status: Failed to connect to ssl://smtp.gmail.com:465 [SMTP: Failed to connect socket: Connection timed out (code: -1, response: )]
========== Tuesday September 16, 2014 at 0:1:16 ==========
========== Tuesday September 16, 2014 at 0:8:59 ==========
Subject: re: Shadow Cat 's BSA TROOP 671 ISA ACCOUNT
Using ISA.Troop671BSA@Troop671BSA.org to send to: "brad@rhift.com", Status: Failed to connect to ssl://smtp.gmail.com:465 [SMTP: Failed to connect socket: Connection timed out (code: -1, response: )]
Using ISA.Troop671BSA@Troop671BSA.org to send to: "Troop71Treasurer@comcast.net", Status: Failed to connect to ssl://smtp.gmail.com:465 [SMTP: Failed to connect socket: Connection timed out (code: -1, response: )]
Using ISA.Troop671BSA@Troop671BSA.org to send to: "ISA.Troop671BSA@troop671bsa.org", Status: Failed to connect to ssl://smtp.gmail.com:465 [SMTP: Failed to connect socket: Connection timed out (code: -1, response: )]
Using ISA.Troop671BSA@Troop671BSA.org to send to: "advisor@crew671bsa.org", Status: Failed to connect to ssl://smtp.gmail.com:465 [SMTP: Failed to connect socket: Connection timed out (code: -1, response: )]
Using ISA.Troop671BSA@Troop671BSA.org to send to: "carverrick@comcast.net", Status: Failed to connect to ssl://smtp.gmail.com:465 [SMTP: Failed to connect socket: Connection timed out (code: -1, response: )]
========== Tuesday September 16, 2014 at 0:8:59 ==========
========== Wednesday September 17, 2014 at 22:58:54 ==========
Subject: re: Shadow Cat 's BSA TROOP 671 ISA ACCOUNT
Using ISA.Troop671BSA@Troop671BSA.org to send to: "brad@rhift.com", Status: Successfully sent!
Using ISA.Troop671BSA@Troop671BSA.org to send to: "Troop71Treasurer@comcast.net", Status: Successfully sent!
Using ISA.Troop671BSA@Troop671BSA.org to send to: "ISA.Troop671BSA@troop671bsa.org", Status: Successfully sent!
Using ISA.Troop671BSA@Troop671BSA.org to send to: "advisor@crew671bsa.org", Status: Successfully sent!
Using ISA.Troop671BSA@Troop671BSA.org to send to: "carverrick@comcast.net", Status: Successfully sent!
========== Wednesday September 17, 2014 at 22:58:54 ==========
========== Wednesday September 17, 2014 at 22:59:52 ==========
Subject: re: Shadow Cat 's BSA TROOP 671 ISA ACCOUNT
Using ISA.Troop671BSA@Troop671BSA.org to send to: "brad@rhift.com", Status: Successfully sent!
Using ISA.Troop671BSA@Troop671BSA.org to send to: "Troop71Treasurer@comcast.net", Status: Successfully sent!
Using ISA.Troop671BSA@Troop671BSA.org to send to: "ISA.Troop671BSA@troop671bsa.org", Status: Successfully sent!
Using ISA.Troop671BSA@Troop671BSA.org to send to: "advisor@crew671bsa.org", Status: Successfully sent!
Using ISA.Troop671BSA@Troop671BSA.org to send to: "carverrick@comcast.net", Status: Successfully sent!
========== Wednesday September 17, 2014 at 22:59:52 ==========
========== Sunday October 5, 2014 at 13:43:50 ==========
Subject: re: Liam Korecky's BSA TROOP 671 ISA ACCOUNT
Using ISA.Troop671BSA@Troop671BSA.org to send to: "brad@rhift.com", Status: Successfully sent!
Using ISA.Troop671BSA@Troop671BSA.org to send to: "Troop71Treasurer@comcast.net", Status: Successfully sent!
Using ISA.Troop671BSA@Troop671BSA.org to send to: "ISA.Troop671BSA@troop671bsa.org", Status: Successfully sent!
Using ISA.Troop671BSA@Troop671BSA.org to send to: "advisor@crew671bsa.org", Status: Successfully sent!
Using ISA.Troop671BSA@Troop671BSA.org to send to: "carverrick@comcast.net", Status: Successfully sent!
========== Sunday October 5, 2014 at 13:43:50 ==========
========== Sunday October 5, 2014 at 13:46:59 ==========
Subject: re: Liam Korecky's BSA TROOP 671 ISA ACCOUNT
Using ISA.Troop671BSA@Troop671BSA.org to send to: "brad@rhift.com", Status: Successfully sent!
Using ISA.Troop671BSA@Troop671BSA.org to send to: "Troop71Treasurer@comcast.net", Status: Successfully sent!
Using ISA.Troop671BSA@Troop671BSA.org to send to: "ISA.Troop671BSA@troop671bsa.org", Status: Successfully sent!
Using ISA.Troop671BSA@Troop671BSA.org to send to: "advisor@crew671bsa.org", Status: Successfully sent!
Using ISA.Troop671BSA@Troop671BSA.org to send to: "carverrick@comcast.net", Status: Successfully sent!
========== Sunday October 5, 2014 at 13:46:59 ==========
========== Sunday October 5, 2014 at 22:35:9 ==========
Subject: re: Nicholas Zblewski's BSA TROOP 671 ISA ACCOUNT
Using ISA.Troop671BSA@Troop671BSA.org to send to: "brad@rhift.com", Status: Successfully sent!
Using ISA.Troop671BSA@Troop671BSA.org to send to: "Troop71Treasurer@comcast.net", Status: Successfully sent!
Using ISA.Troop671BSA@Troop671BSA.org to send to: "ISA.Troop671BSA@troop671bsa.org", Status: Successfully sent!
Using ISA.Troop671BSA@Troop671BSA.org to send to: "advisor@crew671bsa.org", Status: Successfully sent!
Using ISA.Troop671BSA@Troop671BSA.org to send to: "carverrick@comcast.net", Status: Successfully sent!
========== Sunday October 5, 2014 at 22:35:9 ==========
========== Thursday October 30, 2014 at 7:44:24 ==========
Subject: re: Gavin Short's BSA TROOP 671 ISA ACCOUNT
Using ISA.Troop671BSA@Troop671BSA.org to send to: "brad@rhift.com", Status: Successfully sent!
Using ISA.Troop671BSA@Troop671BSA.org to send to: "Troop71Treasurer@comcast.net", Status: Successfully sent!
Using ISA.Troop671BSA@Troop671BSA.org to send to: "ISA.Troop671BSA@troop671bsa.org", Status: Successfully sent!
Using ISA.Troop671BSA@Troop671BSA.org to send to: "advisor@crew671bsa.org", Status: Successfully sent!
Using ISA.Troop671BSA@Troop671BSA.org to send to: "carverrick@comcast.net", Status: Successfully sent!
========== Thursday October 30, 2014 at 7:44:24 ==========
========== Thursday October 30, 2014 at 7:45:19 ==========
Subject: re: Gavin Short's BSA TROOP 671 ISA ACCOUNT
Using ISA.Troop671BSA@Troop671BSA.org to send to: "brad@rhift.com", Status: Successfully sent!
Using ISA.Troop671BSA@Troop671BSA.org to send to: "Troop71Treasurer@comcast.net", Status: Successfully sent!
Using ISA.Troop671BSA@Troop671BSA.org to send to: "ISA.Troop671BSA@troop671bsa.org", Status: Successfully sent!
Using ISA.Troop671BSA@Troop671BSA.org to send to: "advisor@crew671bsa.org", Status: Successfully sent!
Using ISA.Troop671BSA@Troop671BSA.org to send to: "carverrick@comcast.net", Status: Successfully sent!
========== Thursday October 30, 2014 at 7:45:19 ==========
========== Thursday October 30, 2014 at 7:46:9 ==========
Subject: re: Gavin Short's BSA TROOP 671 ISA ACCOUNT
Using ISA.Troop671BSA@Troop671BSA.org to send to: "brad@rhift.com", Status: Successfully sent!
Using ISA.Troop671BSA@Troop671BSA.org to send to: "Troop71Treasurer@comcast.net", Status: Successfully sent!
Using ISA.Troop671BSA@Troop671BSA.org to send to: "ISA.Troop671BSA@troop671bsa.org", Status: Successfully sent!
Using ISA.Troop671BSA@Troop671BSA.org to send to: "advisor@crew671bsa.org", Status: Successfully sent!
Using ISA.Troop671BSA@Troop671BSA.org to send to: "carverrick@comcast.net", Status: Successfully sent!
========== Thursday October 30, 2014 at 7:46:9 ==========
========== Saturday November 1, 2014 at 22:44:29 ==========
Subject: re: Spencer Pavletic's BSA TROOP 671 ISA ACCOUNT
Using ISA.Troop671BSA@Troop671BSA.org to send to: "brad@rhift.com", Status: Successfully sent!
Using ISA.Troop671BSA@Troop671BSA.org to send to: "Troop71Treasurer@comcast.net", Status: Successfully sent!
Using ISA.Troop671BSA@Troop671BSA.org to send to: "ISA.Troop671BSA@troop671bsa.org", Status: Successfully sent!
Using ISA.Troop671BSA@Troop671BSA.org to send to: "advisor@crew671bsa.org", Status: Successfully sent!
Using ISA.Troop671BSA@Troop671BSA.org to send to: "carverrick@comcast.net", Status: Successfully sent!
========== Saturday November 1, 2014 at 22:44:29 ==========
========== Saturday November 1, 2014 at 22:44:41 ==========
Subject: re: Spencer Pavletic's BSA TROOP 671 ISA ACCOUNT
Using ISA.Troop671BSA@Troop671BSA.org to send to: "brad@rhift.com", Status: Successfully sent!
Using ISA.Troop671BSA@Troop671BSA.org to send to: "Troop71Treasurer@comcast.net", Status: Successfully sent!
Using ISA.Troop671BSA@Troop671BSA.org to send to: "ISA.Troop671BSA@troop671bsa.org", Status: Successfully sent!
Using ISA.Troop671BSA@Troop671BSA.org to send to: "advisor@crew671bsa.org", Status: Successfully sent!
Using ISA.Troop671BSA@Troop671BSA.org to send to: "carverrick@comcast.net", Status: Successfully sent!
========== Saturday November 1, 2014 at 22:44:41 ==========
========== Tuesday November 18, 2014 at 21:33:15 ==========
Subject: re: Christian Grams's BSA TROOP 671 ISA ACCOUNT
Using ISA.Troop671BSA@Troop671BSA.org to send to: "brad@rhift.com", Status: Successfully sent!
Using ISA.Troop671BSA@Troop671BSA.org to send to: "Troop71Treasurer@comcast.net", Status: Successfully sent!
Using ISA.Troop671BSA@Troop671BSA.org to send to: "ISA.Troop671BSA@troop671bsa.org", Status: Successfully sent!
Using ISA.Troop671BSA@Troop671BSA.org to send to: "advisor@crew671bsa.org", Status: Successfully sent!
Using ISA.Troop671BSA@Troop671BSA.org to send to: "carverrick@comcast.net", Status: Successfully sent!
========== Tuesday November 18, 2014 at 21:33:15 ==========
========== Tuesday November 18, 2014 at 21:33:26 ==========
Subject: re: Christian Grams's BSA TROOP 671 ISA ACCOUNT
Using ISA.Troop671BSA@Troop671BSA.org to send to: "brad@rhift.com", Status: Successfully sent!
Using ISA.Troop671BSA@Troop671BSA.org to send to: "Troop71Treasurer@comcast.net", Status: Successfully sent!
Using ISA.Troop671BSA@Troop671BSA.org to send to: "ISA.Troop671BSA@troop671bsa.org", Status: Successfully sent!
Using ISA.Troop671BSA@Troop671BSA.org to send to: "advisor@crew671bsa.org", Status: Successfully sent!
Using ISA.Troop671BSA@Troop671BSA.org to send to: "carverrick@comcast.net", Status: Successfully sent!
========== Tuesday November 18, 2014 at 21:33:26 ==========
========== Friday November 28, 2014 at 20:3:32 ==========
Subject: re: Gavin Short's BSA TROOP 671 ISA ACCOUNT
Using ISA.Troop671BSA@Troop671BSA.org to send to: "brad@rhift.com", Status: Successfully sent!
Using ISA.Troop671BSA@Troop671BSA.org to send to: "Troop71Treasurer@comcast.net", Status: Successfully sent!
Using ISA.Troop671BSA@Troop671BSA.org to send to: "ISA.Troop671BSA@troop671bsa.org", Status: Successfully sent!
Using ISA.Troop671BSA@Troop671BSA.org to send to: "advisor@crew671bsa.org", Status: Successfully sent!
Using ISA.Troop671BSA@Troop671BSA.org to send to: "carverrick@comcast.net", Status: Successfully sent!
========== Friday November 28, 2014 at 20:3:32 ==========
========== Tuesday December 9, 2014 at 20:29:6 ==========
Subject: re: Gavin Short's BSA TROOP 671 ISA ACCOUNT
Using ISA.Troop671BSA@Troop671BSA.org to send to: "brad@rhift.com", Status: Successfully sent!
Using ISA.Troop671BSA@Troop671BSA.org to send to: "Troop71Treasurer@comcast.net", Status: Successfully sent!
Using ISA.Troop671BSA@Troop671BSA.org to send to: "ISA.Troop671BSA@troop671bsa.org", Status: Successfully sent!
Using ISA.Troop671BSA@Troop671BSA.org to send to: "advisor@crew671bsa.org", Status: Successfully sent!
Using ISA.Troop671BSA@Troop671BSA.org to send to: "carverrick@comcast.net", Status: Successfully sent!
========== Tuesday December 9, 2014 at 20:29:6 ==========
========== Tuesday December 9, 2014 at 20:29:19 ==========
Subject: re: Gavin Short's BSA TROOP 671 ISA ACCOUNT
Using ISA.Troop671BSA@Troop671BSA.org to send to: "brad@rhift.com", Status: Successfully sent!
Using ISA.Troop671BSA@Troop671BSA.org to send to: "Troop71Treasurer@comcast.net", Status: Successfully sent!
Using ISA.Troop671BSA@Troop671BSA.org to send to: "ISA.Troop671BSA@troop671bsa.org", Status: Successfully sent!
Using ISA.Troop671BSA@Troop671BSA.org to send to: "advisor@crew671bsa.org", Status: Successfully sent!
Using ISA.Troop671BSA@Troop671BSA.org to send to: "carverrick@comcast.net", Status: Successfully sent!
========== Tuesday December 9, 2014 at 20:29:19 ==========
========== Tuesday December 9, 2014 at 20:29:30 ==========
Subject: re: Gavin Short's BSA TROOP 671 ISA ACCOUNT
Using ISA.Troop671BSA@Troop671BSA.org to send to: "brad@rhift.com", Status: Successfully sent!
Using ISA.Troop671BSA@Troop671BSA.org to send to: "Troop71Treasurer@comcast.net", Status: Successfully sent!
Using ISA.Troop671BSA@Troop671BSA.org to send to: "ISA.Troop671BSA@troop671bsa.org", Status: Successfully sent!
Using ISA.Troop671BSA@Troop671BSA.org to send to: "advisor@crew671bsa.org", Status: Successfully sent!
Using ISA.Troop671BSA@Troop671BSA.org to send to: "carverrick@comcast.net", Status: Successfully sent!
========== Tuesday December 9, 2014 at 20:29:30 ==========
========== Tuesday December 9, 2014 at 20:29:40 ==========
Subject: re: Gavin Short's BSA TROOP 671 ISA ACCOUNT
Using ISA.Troop671BSA@Troop671BSA.org to send to: "brad@rhift.com", Status: Successfully sent!
Using ISA.Troop671BSA@Troop671BSA.org to send to: "Troop71Treasurer@comcast.net", Status: Successfully sent!
Using ISA.Troop671BSA@Troop671BSA.org to send to: "ISA.Troop671BSA@troop671bsa.org", Status: Successfully sent!
Using ISA.Troop671BSA@Troop671BSA.org to send to: "advisor@crew671bsa.org", Status: Successfully sent!
Using ISA.Troop671BSA@Troop671BSA.org to send to: "carverrick@comcast.net", Status: Successfully sent!
========== Tuesday December 9, 2014 at 20:29:40 ==========
========== Tuesday December 9, 2014 at 20:29:50 ==========
Subject: re: Gavin Short's BSA TROOP 671 ISA ACCOUNT
Using ISA.Troop671BSA@Troop671BSA.org to send to: "brad@rhift.com", Status: Successfully sent!
Using ISA.Troop671BSA@Troop671BSA.org to send to: "Troop71Treasurer@comcast.net", Status: Successfully sent!
Using ISA.Troop671BSA@Troop671BSA.org to send to: "ISA.Troop671BSA@troop671bsa.org", Status: Successfully sent!
Using ISA.Troop671BSA@Troop671BSA.org to send to: "advisor@crew671bsa.org", Status: Successfully sent!
Using ISA.Troop671BSA@Troop671BSA.org to send to: "carverrick@comcast.net", Status: Successfully sent!
========== Tuesday December 9, 2014 at 20:29:50 ==========
========== Tuesday February 3, 2015 at 18:48:49 ==========
Subject: re: Gavin Short's BSA TROOP 671 ISA ACCOUNT
Using ISA.Troop671BSA@Troop671BSA.org to send to: "brad@rhift.com", Status: Successfully sent!
Using ISA.Troop671BSA@Troop671BSA.org to send to: "Troop71Treasurer@comcast.net", Status: Successfully sent!
Using ISA.Troop671BSA@Troop671BSA.org to send to: "ISA.Troop671BSA@troop671bsa.org", Status: Successfully sent!
Using ISA.Troop671BSA@Troop671BSA.org to send to: "advisor@crew671bsa.org", Status: Successfully sent!
Using ISA.Troop671BSA@Troop671BSA.org to send to: "carverrick@comcast.net", Status: Successfully sent!
========== Tuesday February 3, 2015 at 18:48:49 ==========
========== Sunday February 8, 2015 at 12:2:53 ==========
Subject: re: Scott Seiler's BSA TROOP 671 ISA ACCOUNT
Using ISA.Troop671BSA@Troop671BSA.org to send to: "brad@rhift.com", Status: Successfully sent!
Using ISA.Troop671BSA@Troop671BSA.org to send to: "Troop71Treasurer@comcast.net", Status: Successfully sent!
Using ISA.Troop671BSA@Troop671BSA.org to send to: "ISA.Troop671BSA@troop671bsa.org", Status: Successfully sent!
Using ISA.Troop671BSA@Troop671BSA.org to send to: "advisor@crew671bsa.org", Status: Successfully sent!
Using ISA.Troop671BSA@Troop671BSA.org to send to: "carverrick@comcast.net", Status: Successfully sent!
========== Sunday February 8, 2015 at 12:2:53 ==========
========== Monday February 16, 2015 at 18:48:28 ==========
Subject: re: Liam Maag's BSA TROOP 671 ISA ACCOUNT
Using ISA.Troop671BSA@Troop671BSA.org to send to: "brad@rhift.com", Status: Successfully sent!
Using ISA.Troop671BSA@Troop671BSA.org to send to: "Troop71Treasurer@comcast.net", Status: Successfully sent!
Using ISA.Troop671BSA@Troop671BSA.org to send to: "ISA.Troop671BSA@troop671bsa.org", Status: Successfully sent!
Using ISA.Troop671BSA@Troop671BSA.org to send to: "advisor@crew671bsa.org", Status: Successfully sent!
Using ISA.Troop671BSA@Troop671BSA.org to send to: "carverrick@comcast.net", Status: Successfully sent!
========== Monday February 16, 2015 at 18:48:28 ==========
========== Thursday February 19, 2015 at 17:23:59 ==========
Subject: re: Spencer Pavletic's BSA TROOP 671 ISA ACCOUNT
Using ISA.Troop671BSA@Troop671BSA.org to send to: "brad@rhift.com", Status: Successfully sent!
Using ISA.Troop671BSA@Troop671BSA.org to send to: "Troop71Treasurer@comcast.net", Status: Successfully sent!
Using ISA.Troop671BSA@Troop671BSA.org to send to: "ISA.Troop671BSA@troop671bsa.org", Status: Successfully sent!
Using ISA.Troop671BSA@Troop671BSA.org to send to: "advisor@crew671bsa.org", Status: Successfully sent!
Using ISA.Troop671BSA@Troop671BSA.org to send to: "carverrick@comcast.net", Status: Successfully sent!
========== Thursday February 19, 2015 at 17:23:59 ==========
========== Thursday February 19, 2015 at 17:25:22 ==========
Subject: re: Spencer Pavletic's BSA TROOP 671 ISA ACCOUNT
Using ISA.Troop671BSA@Troop671BSA.org to send to: "brad@rhift.com", Status: Successfully sent!
Using ISA.Troop671BSA@Troop671BSA.org to send to: "Troop71Treasurer@comcast.net", Status: Successfully sent!
Using ISA.Troop671BSA@Troop671BSA.org to send to: "ISA.Troop671BSA@troop671bsa.org", Status: Successfully sent!
Using ISA.Troop671BSA@Troop671BSA.org to send to: "advisor@crew671bsa.org", Status: Successfully sent!
Using ISA.Troop671BSA@Troop671BSA.org to send to: "carverrick@comcast.net", Status: Successfully sent!
========== Thursday February 19, 2015 at 17:25:22 ==========
========== Sunday February 22, 2015 at 12:7:33 ==========
Subject: re: Liam Korecky's BSA TROOP 671 ISA ACCOUNT
Using ISA.Troop671BSA@Troop671BSA.org to send to: "brad@rhift.com", Status: Successfully sent!
Using ISA.Troop671BSA@Troop671BSA.org to send to: "Troop71Treasurer@comcast.net", Status: Successfully sent!
Using ISA.Troop671BSA@Troop671BSA.org to send to: "ISA.Troop671BSA@troop671bsa.org", Status: Successfully sent!
Using ISA.Troop671BSA@Troop671BSA.org to send to: "advisor@crew671bsa.org", Status: Successfully sent!
Using ISA.Troop671BSA@Troop671BSA.org to send to: "carverrick@comcast.net", Status: Successfully sent!
========== Sunday February 22, 2015 at 12:7:33 ==========
========== Monday February 23, 2015 at 10:31:46 ==========
Subject: re: Justin Shamberg's BSA TROOP 671 ISA ACCOUNT
Using ISA.Troop671BSA@Troop671BSA.org to send to: "brad@rhift.com", Status: Successfully sent!
Using ISA.Troop671BSA@Troop671BSA.org to send to: "Troop71Treasurer@comcast.net", Status: Successfully sent!
Using ISA.Troop671BSA@Troop671BSA.org to send to: "ISA.Troop671BSA@troop671bsa.org", Status: Successfully sent!
Using ISA.Troop671BSA@Troop671BSA.org to send to: "advisor@crew671bsa.org", Status: Successfully sent!
Using ISA.Troop671BSA@Troop671BSA.org to send to: "carverrick@comcast.net", Status: Successfully sent!
========== Monday February 23, 2015 at 10:31:46 ==========
========== Monday February 23, 2015 at 10:32:0 ==========
Subject: re: Justin Shamberg's BSA TROOP 671 ISA ACCOUNT
Using ISA.Troop671BSA@Troop671BSA.org to send to: "brad@rhift.com", Status: Successfully sent!
Using ISA.Troop671BSA@Troop671BSA.org to send to: "Troop71Treasurer@comcast.net", Status: Successfully sent!
Using ISA.Troop671BSA@Troop671BSA.org to send to: "ISA.Troop671BSA@troop671bsa.org", Status: Successfully sent!
Using ISA.Troop671BSA@Troop671BSA.org to send to: "advisor@crew671bsa.org", Status: Successfully sent!
Using ISA.Troop671BSA@Troop671BSA.org to send to: "carverrick@comcast.net", Status: Successfully sent!
========== Monday February 23, 2015 at 10:32:0 ==========
========== Monday February 23, 2015 at 16:10:31 ==========
Subject: re: Luke Weber's BSA TROOP 671 ISA ACCOUNT
Using ISA.Troop671BSA@Troop671BSA.org to send to: "brad@rhift.com", Status: Successfully sent!
Using ISA.Troop671BSA@Troop671BSA.org to send to: "Troop71Treasurer@comcast.net", Status: Successfully sent!
Using ISA.Troop671BSA@Troop671BSA.org to send to: "ISA.Troop671BSA@troop671bsa.org", Status: Successfully sent!
Using ISA.Troop671BSA@Troop671BSA.org to send to: "advisor@crew671bsa.org", Status: Successfully sent!
Using ISA.Troop671BSA@Troop671BSA.org to send to: "carverrick@comcast.net", Status: Successfully sent!
========== Monday February 23, 2015 at 16:10:31 ==========
========== Monday February 23, 2015 at 16:10:43 ==========
Subject: re: Luke Weber's BSA TROOP 671 ISA ACCOUNT
Using ISA.Troop671BSA@Troop671BSA.org to send to: "brad@rhift.com", Status: Successfully sent!
Using ISA.Troop671BSA@Troop671BSA.org to send to: "Troop71Treasurer@comcast.net", Status: Successfully sent!
Using ISA.Troop671BSA@Troop671BSA.org to send to: "ISA.Troop671BSA@troop671bsa.org", Status: Successfully sent!
Using ISA.Troop671BSA@Troop671BSA.org to send to: "advisor@crew671bsa.org", Status: Successfully sent!
Using ISA.Troop671BSA@Troop671BSA.org to send to: "carverrick@comcast.net", Status: Successfully sent!
========== Monday February 23, 2015 at 16:10:43 ==========
========== Wednesday February 25, 2015 at 16:47:19 ==========
Subject: re: Zachery Byerly's BSA TROOP 671 ISA ACCOUNT
Using ISA.Troop671BSA@Troop671BSA.org to send to: "brad@rhift.com", Status: Successfully sent!
Using ISA.Troop671BSA@Troop671BSA.org to send to: "Troop71Treasurer@comcast.net", Status: Successfully sent!
Using ISA.Troop671BSA@Troop671BSA.org to send to: "ISA.Troop671BSA@troop671bsa.org", Status: Successfully sent!
Using ISA.Troop671BSA@Troop671BSA.org to send to: "advisor@crew671bsa.org", Status: Successfully sent!
Using ISA.Troop671BSA@Troop671BSA.org to send to: "carverrick@comcast.net", Status: Successfully sent!
========== Wednesday February 25, 2015 at 16:47:19 ==========
========== Friday February 27, 2015 at 11:21:11 ==========
Subject: re: Nicholas Zblewski's BSA TROOP 671 ISA ACCOUNT
Using ISA.Troop671BSA@Troop671BSA.org to send to: "brad@rhift.com", Status: Successfully sent!
Using ISA.Troop671BSA@Troop671BSA.org to send to: "Troop71Treasurer@comcast.net", Status: Successfully sent!
Using ISA.Troop671BSA@Troop671BSA.org to send to: "ISA.Troop671BSA@troop671bsa.org", Status: Successfully sent!
Using ISA.Troop671BSA@Troop671BSA.org to send to: "advisor@crew671bsa.org", Status: Successfully sent!
Using ISA.Troop671BSA@Troop671BSA.org to send to: "carverrick@comcast.net", Status: Successfully sent!
========== Friday February 27, 2015 at 11:21:11 ==========
========== Tuesday March 3, 2015 at 14:16:12 ==========
Subject: re: Gavin Short's BSA TROOP 671 ISA ACCOUNT
========== Tuesday March 3, 2015 at 14:18:51 ==========
Subject: re: Gavin Short's BSA TROOP 671 ISA ACCOUNT
Using ISA.Troop671BSA@Troop671BSA.org to send to: "brad@rhift.com", Status: Successfully sent!
Using ISA.Troop671BSA@Troop671BSA.org to send to: "Troop71Treasurer@comcast.net", Status: Successfully sent!
Using ISA.Troop671BSA@Troop671BSA.org to send to: "ISA.Troop671BSA@troop671bsa.org", Status: Successfully sent!
Using ISA.Troop671BSA@Troop671BSA.org to send to: "advisor@crew671bsa.org", Status: Successfully sent!
Using ISA.Troop671BSA@Troop671BSA.org to send to: "carverrick@comcast.net", Status: Successfully sent!
========== Tuesday March 3, 2015 at 14:18:51 ==========
========== Friday March 13, 2015 at 19:15:18 ==========
Subject: re: Gavin Short's BSA TROOP 671 ISA ACCOUNT
Using ISA.Troop671BSA@Troop671BSA.org to send to: "brad@rhift.com", Status: Successfully sent!
Using ISA.Troop671BSA@Troop671BSA.org to send to: "Troop71Treasurer@comcast.net", Status: Successfully sent!
Using ISA.Troop671BSA@Troop671BSA.org to send to: "ISA.Troop671BSA@troop671bsa.org", Status: Successfully sent!
Using ISA.Troop671BSA@Troop671BSA.org to send to: "advisor@crew671bsa.org", Status: Successfully sent!
Using ISA.Troop671BSA@Troop671BSA.org to send to: "carverrick@comcast.net", Status: Successfully sent!
========== Friday March 13, 2015 at 19:15:18 ==========
========== Tuesday April 7, 2015 at 15:3:3 ==========
Subject: re: Zach Thomas's BSA TROOP 671 ISA ACCOUNT
Using ISA.Troop671BSA@Troop671BSA.org to send to: "brad@rhift.com", Status: Failed to connect to ssl://smtp.gmail.com:465 [SMTP: Failed to connect socket: Connection timed out (code: -1, response: )]
Using ISA.Troop671BSA@Troop671BSA.org to send to: "Troop71Treasurer@comcast.net", Status: Successfully sent!
Using ISA.Troop671BSA@Troop671BSA.org to send to: "ISA.Troop671BSA@troop671bsa.org", Status: Successfully sent!
========== Tuesday April 7, 2015 at 15:5:10 ==========
Subject: re: Zach Thomas's BSA TROOP 671 ISA ACCOUNT
Using ISA.Troop671BSA@Troop671BSA.org to send to: "brad@rhift.com", Status: Failed to connect to ssl://smtp.gmail.com:465 [SMTP: Failed to connect socket: Connection timed out (code: -1, response: )]
========== Tuesday April 7, 2015 at 15:6:12 ==========
Subject: re: Zach Thomas's BSA TROOP 671 ISA ACCOUNT
Using ISA.Troop671BSA@Troop671BSA.org to send to: "Troop71Treasurer@comcast.net", Status: Successfully sent!
========== Tuesday April 7, 2015 at 15:6:39 ==========
Subject: re: Zach Thomas's BSA TROOP 671 ISA ACCOUNT
Using ISA.Troop671BSA@Troop671BSA.org to send to: "brad@rhift.com", Status: Successfully sent!
========== Tuesday April 7, 2015 at 15:7:54 ==========
Subject: re: Zach Thomas's BSA TROOP 671 ISA ACCOUNT
Using ISA.Troop671BSA@Troop671BSA.org to send to: "brad@rhift.com", Status: Successfully sent!
Using ISA.Troop671BSA@Troop671BSA.org to send to: "Troop71Treasurer@comcast.net", Status: Failed to connect to ssl://smtp.gmail.com:465 [SMTP: Failed to connect socket: Connection timed out (code: -1, response: )]
Using ISA.Troop671BSA@Troop671BSA.org to send to: "ISA.Troop671BSA@troop671bsa.org", Status: Successfully sent!
========== Tuesday April 7, 2015 at 15:10:2 ==========
Subject: re: Zach Thomas's BSA TROOP 671 ISA ACCOUNT
Using ISA.Troop671BSA@Troop671BSA.org to send to: "brad@rhift.com", Status: Successfully sent!
Using ISA.Troop671BSA@Troop671BSA.org to send to: "Troop71Treasurer@comcast.net", Status: Successfully sent!
Using ISA.Troop671BSA@Troop671BSA.org to send to: "ISA.Troop671BSA@troop671bsa.org", Status: Successfully sent!
Using ISA.Troop671BSA@Troop671BSA.org to send to: "advisor@crew671bsa.org", Status: Failed to connect to ssl://smtp.gmail.com:465 [SMTP: Failed to connect socket: Connection timed out (code: -1, response: )]
Using ISA.Troop671BSA@Troop671BSA.org to send to: "carverrick@comcast.net", Status: Successfully sent!
========== Tuesday April 7, 2015 at 15:10:2 ==========
========== Tuesday April 7, 2015 at 15:21:57 ==========
Subject: re: Zach Thomas's BSA TROOP 671 ISA ACCOUNT
Using ISA.Troop671BSA@Troop671BSA.org to send to: "brad@rhift.com", Status: Failed to connect to ssl://smtp.gmail.com:465 [SMTP: Failed to connect socket: Connection timed out (code: -1, response: )]
Using ISA.Troop671BSA@Troop671BSA.org to send to: "Troop71Treasurer@comcast.net", Status: Failed to connect to ssl://smtp.gmail.com:465 [SMTP: Failed to connect socket: Connection timed out (code: -1, response: )]
Using ISA.Troop671BSA@Troop671BSA.org to send to: "ISA.Troop671BSA@troop671bsa.org", Status: Successfully sent!
Using ISA.Troop671BSA@Troop671BSA.org to send to: "advisor@crew671bsa.org", Status: Successfully sent!
========== Tuesday April 7, 2015 at 15:24:3 ==========
Subject: re: Zach Thomas's BSA TROOP 671 ISA ACCOUNT
Using ISA.Troop671BSA@Troop671BSA.org to send to: "brad@rhift.com", Status: Successfully sent!
========== Tuesday April 7, 2015 at 16:34:58 ==========
Subject: re: Zach Thomas's BSA TROOP 671 ISA ACCOUNT
Using ISA.Troop671BSA@Troop671BSA.org to send to: "brad@rhift.com", Status: Failed to connect to ssl://smtp.gmail.com:465 [SMTP: Failed to connect socket: Connection timed out (code: -1, response: )]
Using ISA.Troop671BSA@Troop671BSA.org to send to: "Troop71Treasurer@comcast.net", Status: Failed to connect to ssl://smtp.gmail.com:465 [SMTP: Failed to connect socket: Connection timed out (code: -1, response: )]
Using ISA.Troop671BSA@Troop671BSA.org to send to: "ISA.Troop671BSA@troop671bsa.org", Status: Successfully sent!
Using ISA.Troop671BSA@Troop671BSA.org to send to: "advisor@crew671bsa.org", Status: Successfully sent!
Using ISA.Troop671BSA@Troop671BSA.org to send to: "carverrick@comcast.net", Status: Successfully sent!
========== Tuesday April 7, 2015 at 16:34:58 ==========
========== Wednesday April 8, 2015 at 5:26:2 ==========
Subject: re: Zach Thomas's BSA TROOP 671 ISA ACCOUNT
Using ISA.Troop671BSA@Troop671BSA.org to send to: "brad@rhift.com", Status: Successfully sent!
Using ISA.Troop671BSA@Troop671BSA.org to send to: "Troop71Treasurer@comcast.net", Status: Successfully sent!
Using ISA.Troop671BSA@Troop671BSA.org to send to: "ISA.Troop671BSA@troop671bsa.org", Status: Successfully sent!
Using ISA.Troop671BSA@Troop671BSA.org to send to: "advisor@crew671bsa.org", Status: Failed to connect to ssl://smtp.gmail.com:465 [SMTP: Failed to connect socket: Connection timed out (code: -1, response: )]
Using ISA.Troop671BSA@Troop671BSA.org to send to: "carverrick@comcast.net", Status: Successfully sent!
========== Wednesday April 8, 2015 at 5:26:2 ==========
========== Tuesday April 28, 2015 at 12:11:49 ==========
Subject: re: Daniel  Pawlak's BSA TROOP 671 ISA ACCOUNT
Using ISA.Troop671BSA@Troop671BSA.org to send to: "brad@rhift.com", Status: Successfully sent!
Using ISA.Troop671BSA@Troop671BSA.org to send to: "Troop71Treasurer@comcast.net", Status: Failed to connect to ssl://smtp.gmail.com:465 [SMTP: Failed to connect socket: Connection timed out (code: -1, response: )]
Using ISA.Troop671BSA@Troop671BSA.org to send to: "ISA.Troop671BSA@troop671bsa.org", Status: Successfully sent!
Using ISA.Troop671BSA@Troop671BSA.org to send to: "advisor@crew671bsa.org", Status: Successfully sent!
Using ISA.Troop671BSA@Troop671BSA.org to send to: "carverrick@comcast.net", Status: Successfully sent!
========== Tuesday April 28, 2015 at 12:11:49 ==========
========== Tuesday April 28, 2015 at 15:58:49 ==========
Subject: re: Gavin Short's BSA TROOP 671 ISA ACCOUNT
Using ISA.Troop671BSA@Troop671BSA.org to send to: "brad@rhift.com", Status: Successfully sent!
Using ISA.Troop671BSA@Troop671BSA.org to send to: "Troop71Treasurer@comcast.net", Status: Successfully sent!
Using ISA.Troop671BSA@Troop671BSA.org to send to: "ISA.Troop671BSA@troop671bsa.org", Status: Successfully sent!
Using ISA.Troop671BSA@Troop671BSA.org to send to: "advisor@crew671bsa.org", Status: Successfully sent!
Using ISA.Troop671BSA@Troop671BSA.org to send to: "carverrick@comcast.net", Status: Successfully sent!
========== Tuesday April 28, 2015 at 15:58:49 ==========
========== Wednesday April 29, 2015 at 17:13:55 ==========
Subject: re: Liam Korecky's BSA TROOP 671 ISA ACCOUNT
Using ISA.Troop671BSA@Troop671BSA.org to send to: "brad@rhift.com", Status: Successfully sent!
Using ISA.Troop671BSA@Troop671BSA.org to send to: "Troop71Treasurer@comcast.net", Status: Successfully sent!
Using ISA.Troop671BSA@Troop671BSA.org to send to: "ISA.Troop671BSA@troop671bsa.org", Status: Successfully sent!
Using ISA.Troop671BSA@Troop671BSA.org to send to: "advisor@crew671bsa.org", Status: Successfully sent!
Using ISA.Troop671BSA@Troop671BSA.org to send to: "carverrick@comcast.net", Status: Successfully sent!
========== Wednesday April 29, 2015 at 17:13:55 ==========
========== Thursday May 7, 2015 at 18:15:50 ==========
Subject: re: Liam Maag's BSA TROOP 671 ISA ACCOUNT
Using ISA.Troop671BSA@Troop671BSA.org to send to: "brad@rhift.com", Status: Successfully sent!
Using ISA.Troop671BSA@Troop671BSA.org to send to: "Troop71Treasurer@comcast.net", Status: Successfully sent!
Using ISA.Troop671BSA@Troop671BSA.org to send to: "ISA.Troop671BSA@troop671bsa.org", Status: Failed to connect to ssl://smtp.gmail.com:465 [SMTP: Failed to connect socket: Connection timed out (code: -1, response: )]
Using ISA.Troop671BSA@Troop671BSA.org to send to: "advisor@crew671bsa.org", Status: Successfully sent!
Using ISA.Troop671BSA@Troop671BSA.org to send to: "carverrick@comcast.net", Status: Successfully sent!
========== Thursday May 7, 2015 at 18:15:50 ==========
========== Tuesday June 2, 2015 at 19:26:4 ==========
Subject: re: Luke Weber's BSA TROOP 671 ISA ACCOUNT
Using ISA.Troop671BSA@Troop671BSA.org to send to: "brad@rhift.com", Status: Successfully sent!
Using ISA.Troop671BSA@Troop671BSA.org to send to: "Troop71Treasurer@comcast.net", Status: Failed to connect to ssl://smtp.gmail.com:465 [SMTP: Failed to connect socket: Connection timed out (code: -1, response: )]
Using ISA.Troop671BSA@Troop671BSA.org to send to: "ISA.Troop671BSA@troop671bsa.org", Status: Successfully sent!
Using ISA.Troop671BSA@Troop671BSA.org to send to: "advisor@crew671bsa.org", Status: Successfully sent!
Using ISA.Troop671BSA@Troop671BSA.org to send to: "carverrick@comcast.net", Status: Successfully sent!
========== Tuesday June 2, 2015 at 19:26:4 ==========
========== Tuesday June 2, 2015 at 19:27:13 ==========
Subject: re: Luke Weber's BSA TROOP 671 ISA ACCOUNT
Using ISA.Troop671BSA@Troop671BSA.org to send to: "brad@rhift.com", Status: Successfully sent!
Using ISA.Troop671BSA@Troop671BSA.org to send to: "Troop71Treasurer@comcast.net", Status: Successfully sent!
Using ISA.Troop671BSA@Troop671BSA.org to send to: "ISA.Troop671BSA@troop671bsa.org", Status: Successfully sent!
Using ISA.Troop671BSA@Troop671BSA.org to send to: "advisor@crew671bsa.org", Status: Successfully sent!
Using ISA.Troop671BSA@Troop671BSA.org to send to: "carverrick@comcast.net", Status: Successfully sent!
========== Tuesday June 2, 2015 at 19:27:13 ==========
========== Wednesday July 15, 2015 at 14:49:34 ==========
Subject: re: Luke Weber's BSA TROOP 671 ISA ACCOUNT
Using ISA.Troop671BSA@Troop671BSA.org to send to: "brad@rhift.com", Status: Successfully sent!
Using ISA.Troop671BSA@Troop671BSA.org to send to: "Troop71Treasurer@comcast.net", Status: Successfully sent!
Using ISA.Troop671BSA@Troop671BSA.org to send to: "ISA.Troop671BSA@troop671bsa.org", Status: Successfully sent!
Using ISA.Troop671BSA@Troop671BSA.org to send to: "advisor@crew671bsa.org", Status: Successfully sent!
Using ISA.Troop671BSA@Troop671BSA.org to send to: "carverrick@comcast.net", Status: Successfully sent!
========== Wednesday July 15, 2015 at 14:49:34 ==========
========== Wednesday July 15, 2015 at 16:16:47 ==========
Subject: re: Justin Shamberg's BSA TROOP 671 ISA ACCOUNT
Using ISA.Troop671BSA@Troop671BSA.org to send to: "brad@rhift.com", Status: Successfully sent!
Using ISA.Troop671BSA@Troop671BSA.org to send to: "Troop71Treasurer@comcast.net", Status: Failed to connect to ssl://smtp.gmail.com:465 [SMTP: Failed to connect socket: Connection timed out (code: -1, response: )]
Using ISA.Troop671BSA@Troop671BSA.org to send to: "ISA.Troop671BSA@troop671bsa.org", Status: Failed to connect to ssl://smtp.gmail.com:465 [SMTP: Failed to connect socket: Connection timed out (code: -1, response: )]
Using ISA.Troop671BSA@Troop671BSA.org to send to: "advisor@crew671bsa.org", Status: Successfully sent!
Using ISA.Troop671BSA@Troop671BSA.org to send to: "carverrick@comcast.net", Status: Successfully sent!
========== Wednesday July 15, 2015 at 16:16:47 ==========
========== Wednesday July 15, 2015 at 16:18:54 ==========
Subject: re: Justin Shamberg's BSA TROOP 671 ISA ACCOUNT
Using ISA.Troop671BSA@Troop671BSA.org to send to: "brad@rhift.com", Status: Successfully sent!
Using ISA.Troop671BSA@Troop671BSA.org to send to: "Troop71Treasurer@comcast.net", Status: Successfully sent!
Using ISA.Troop671BSA@Troop671BSA.org to send to: "ISA.Troop671BSA@troop671bsa.org", Status: Successfully sent!
========== Wednesday July 15, 2015 at 16:19:7 ==========
Subject: re: Justin Shamberg's BSA TROOP 671 ISA ACCOUNT
Using ISA.Troop671BSA@Troop671BSA.org to send to: "brad@rhift.com", Status: Successfully sent!
Using ISA.Troop671BSA@Troop671BSA.org to send to: "Troop71Treasurer@comcast.net", Status: Failed to connect to ssl://smtp.gmail.com:465 [SMTP: Failed to connect socket: Connection timed out (code: -1, response: )]
Using ISA.Troop671BSA@Troop671BSA.org to send to: "ISA.Troop671BSA@troop671bsa.org", Status: Successfully sent!
Using ISA.Troop671BSA@Troop671BSA.org to send to: "advisor@crew671bsa.org", Status: Successfully sent!
========== Wednesday July 15, 2015 at 16:25:5 ==========
Subject: re: Justin Shamberg's BSA TROOP 671 ISA ACCOUNT
Using ISA.Troop671BSA@Troop671BSA.org to send to: "brad@rhift.com", Status: Failed to connect to ssl://smtp.gmail.com:465 [SMTP: Failed to connect socket: Connection timed out (code: -1, response: )]
Using ISA.Troop671BSA@Troop671BSA.org to send to: "Troop71Treasurer@comcast.net", Status: Failed to connect to ssl://smtp.gmail.com:465 [SMTP: Failed to connect socket: Connection timed out (code: -1, response: )]
Using ISA.Troop671BSA@Troop671BSA.org to send to: "ISA.Troop671BSA@troop671bsa.org", Status: Successfully sent!
Using ISA.Troop671BSA@Troop671BSA.org to send to: "advisor@crew671bsa.org", Status: Successfully sent!
========== Sunday July 19, 2015 at 19:51:35 ==========
Subject: re: Luke Weber's BSA TROOP 671 ISA ACCOUNT
Using ISA.Troop671BSA@Troop671BSA.org to send to: "brad@rhift.com", Status: Successfully sent!
Using ISA.Troop671BSA@Troop671BSA.org to send to: "Troop71Treasurer@comcast.net", Status: Successfully sent!
Using ISA.Troop671BSA@Troop671BSA.org to send to: "ISA.Troop671BSA@troop671bsa.org", Status: Successfully sent!
Using ISA.Troop671BSA@Troop671BSA.org to send to: "advisor@crew671bsa.org", Status: Successfully sent!
Using ISA.Troop671BSA@Troop671BSA.org to send to: "carverrick@comcast.net", Status: Successfully sent!
========== Sunday July 19, 2015 at 19:51:35 ==========
========== Monday July 20, 2015 at 12:36:37 ==========
Subject: re: Justin Shamberg's BSA TROOP 671 ISA ACCOUNT
Using ISA.Troop671BSA@Troop671BSA.org to send to: "brad@rhift.com", Status: Successfully sent!
Using ISA.Troop671BSA@Troop671BSA.org to send to: "Troop71Treasurer@comcast.net", Status: Successfully sent!
Using ISA.Troop671BSA@Troop671BSA.org to send to: "ISA.Troop671BSA@troop671bsa.org", Status: Successfully sent!
Using ISA.Troop671BSA@Troop671BSA.org to send to: "advisor@crew671bsa.org", Status: Successfully sent!
Using ISA.Troop671BSA@Troop671BSA.org to send to: "carverrick@comcast.net", Status: Successfully sent!
========== Monday July 20, 2015 at 12:36:37 ==========
========== Thursday August 6, 2015 at 15:1:5 ==========
Subject: re: Spencer Pavletic's BSA TROOP 671 ISA ACCOUNT
Using ISA.Troop671BSA@Troop671BSA.org to send to: "brad@rhift.com", Status: Failed to connect to ssl://smtp.gmail.com:465 [SMTP: Failed to connect socket: Connection timed out (code: -1, response: )]
Using ISA.Troop671BSA@Troop671BSA.org to send to: "Troop71Treasurer@comcast.net", Status: Failed to connect to ssl://smtp.gmail.com:465 [SMTP: Failed to connect socket: Connection timed out (code: -1, response: )]
Using ISA.Troop671BSA@Troop671BSA.org to send to: "ISA.Troop671BSA@troop671bsa.org", Status: Successfully sent!
========== Thursday August 6, 2015 at 15:3:12 ==========
Subject: re: Spencer Pavletic's BSA TROOP 671 ISA ACCOUNT
Using ISA.Troop671BSA@Troop671BSA.org to send to: "brad@rhift.com", Status: Successfully sent!
Using ISA.Troop671BSA@Troop671BSA.org to send to: "Troop71Treasurer@comcast.net", Status: Successfully sent!
========== Thursday August 6, 2015 at 15:3:28 ==========
Subject: re: Spencer Pavletic's BSA TROOP 671 ISA ACCOUNT
Using ISA.Troop671BSA@Troop671BSA.org to send to: "brad@rhift.com", Status: Successfully sent!
Using ISA.Troop671BSA@Troop671BSA.org to send to: "Troop71Treasurer@comcast.net", Status: Successfully sent!
Using ISA.Troop671BSA@Troop671BSA.org to send to: "ISA.Troop671BSA@troop671bsa.org", Status: Successfully sent!
Using ISA.Troop671BSA@Troop671BSA.org to send to: "advisor@crew671bsa.org", Status: Successfully sent!
========== Thursday August 6, 2015 at 15:3:44 ==========
Subject: re: Spencer Pavletic's BSA TROOP 671 ISA ACCOUNT
Using ISA.Troop671BSA@Troop671BSA.org to send to: "brad@rhift.com", Status: Successfully sent!
========== Thursday August 6, 2015 at 15:3:50 ==========
Subject: re: Spencer Pavletic's BSA TROOP 671 ISA ACCOUNT
Using ISA.Troop671BSA@Troop671BSA.org to send to: "brad@rhift.com", Status: Successfully sent!
Using ISA.Troop671BSA@Troop671BSA.org to send to: "Troop71Treasurer@comcast.net", Status: Successfully sent!
========== Thursday August 6, 2015 at 15:4:32 ==========
Subject: re: Spencer Pavletic's BSA TROOP 671 ISA ACCOUNT
Using ISA.Troop671BSA@Troop671BSA.org to send to: "Troop71Treasurer@comcast.net", Status: Successfully sent!
========== Thursday August 6, 2015 at 15:4:53 ==========
Subject: re: Spencer Pavletic's BSA TROOP 671 ISA ACCOUNT
Using ISA.Troop671BSA@Troop671BSA.org to send to: "brad@rhift.com", Status: Failed to connect to ssl://smtp.gmail.com:465 [SMTP: Failed to connect socket: Connection timed out (code: -1, response: )]
Using ISA.Troop671BSA@Troop671BSA.org to send to: "Troop71Treasurer@comcast.net", Status: Successfully sent!
Using ISA.Troop671BSA@Troop671BSA.org to send to: "ISA.Troop671BSA@troop671bsa.org", Status: Successfully sent!
Using ISA.Troop671BSA@Troop671BSA.org to send to: "advisor@crew671bsa.org", Status: Successfully sent!
========== Thursday August 6, 2015 at 15:11:35 ==========
Subject: re: Spencer Pavletic's BSA TROOP 671 ISA ACCOUNT
Using ISA.Troop671BSA@Troop671BSA.org to send to: "brad@rhift.com", Status: Failed to connect to ssl://smtp.gmail.com:465 [SMTP: Failed to connect socket: Connection timed out (code: -1, response: )]
Using ISA.Troop671BSA@Troop671BSA.org to send to: "Troop71Treasurer@comcast.net", Status: Failed to connect to ssl://smtp.gmail.com:465 [SMTP: Failed to connect socket: Connection timed out (code: -1, response: )]
Using ISA.Troop671BSA@Troop671BSA.org to send to: "ISA.Troop671BSA@troop671bsa.org", Status: Successfully sent!
Using ISA.Troop671BSA@Troop671BSA.org to send to: "advisor@crew671bsa.org", Status: Successfully sent!
========== Thursday August 6, 2015 at 15:17:40 ==========
Subject: re: Spencer Pavletic's BSA TROOP 671 ISA ACCOUNT
Using ISA.Troop671BSA@Troop671BSA.org to send to: "brad@rhift.com", Status: Successfully sent!
Using ISA.Troop671BSA@Troop671BSA.org to send to: "Troop71Treasurer@comcast.net", Status: Successfully sent!
Using ISA.Troop671BSA@Troop671BSA.org to send to: "ISA.Troop671BSA@troop671bsa.org", Status: Successfully sent!
Using ISA.Troop671BSA@Troop671BSA.org to send to: "advisor@crew671bsa.org", Status: Successfully sent!
Using ISA.Troop671BSA@Troop671BSA.org to send to: "carverrick@comcast.net", Status: Successfully sent!
========== Thursday August 6, 2015 at 15:17:40 ==========
========== Thursday August 6, 2015 at 15:19:11 ==========
Subject: re: Spencer Pavletic's BSA TROOP 671 ISA ACCOUNT
Using ISA.Troop671BSA@Troop671BSA.org to send to: "brad@rhift.com", Status: Failed to connect to ssl://smtp.gmail.com:465 [SMTP: Failed to connect socket: Connection timed out (code: -1, response: )]
Using ISA.Troop671BSA@Troop671BSA.org to send to: "Troop71Treasurer@comcast.net", Status: Failed to connect to ssl://smtp.gmail.com:465 [SMTP: Failed to connect socket: Connection timed out (code: -1, response: )]
Using ISA.Troop671BSA@Troop671BSA.org to send to: "ISA.Troop671BSA@troop671bsa.org", Status: Successfully sent!
Using ISA.Troop671BSA@Troop671BSA.org to send to: "advisor@crew671bsa.org", Status: Successfully sent!
========== Thursday August 6, 2015 at 15:22:34 ==========
Subject: re: Spencer Pavletic's BSA TROOP 671 ISA ACCOUNT
Using ISA.Troop671BSA@Troop671BSA.org to send to: "brad@rhift.com", Status: Successfully sent!
Using ISA.Troop671BSA@Troop671BSA.org to send to: "Troop71Treasurer@comcast.net", Status: Failed to connect to ssl://smtp.gmail.com:465 [SMTP: Failed to connect socket: Connection timed out (code: -1, response: )]
Using ISA.Troop671BSA@Troop671BSA.org to send to: "ISA.Troop671BSA@troop671bsa.org", Status: Failed to connect to ssl://smtp.gmail.com:465 [SMTP: Failed to connect socket: Connection timed out (code: -1, response: )]
Using ISA.Troop671BSA@Troop671BSA.org to send to: "advisor@crew671bsa.org", Status: Successfully sent!
========== Friday August 7, 2015 at 17:52:14 ==========
Subject: re: Spencer Pavletic's BSA TROOP 671 ISA ACCOUNT
Using ISA.Troop671BSA@Troop671BSA.org to send to: "brad@rhift.com", Status: Successfully sent!
Using ISA.Troop671BSA@Troop671BSA.org to send to: "Troop71Treasurer@comcast.net", Status: Successfully sent!
Using ISA.Troop671BSA@Troop671BSA.org to send to: "ISA.Troop671BSA@troop671bsa.org", Status: Failed to connect to ssl://smtp.gmail.com:465 [SMTP: Failed to connect socket: Connection timed out (code: -1, response: )]
Using ISA.Troop671BSA@Troop671BSA.org to send to: "advisor@crew671bsa.org", Status: Successfully sent!
Using ISA.Troop671BSA@Troop671BSA.org to send to: "carverrick@comcast.net", Status: Successfully sent!
========== Friday August 7, 2015 at 17:52:14 ==========
========== Saturday August 29, 2015 at 17:48:26 ==========
Subject: re: Spencer Pavletic's BSA TROOP 671 ISA ACCOUNT
Using ISA.Troop671BSA@Troop671BSA.org to send to: "brad@rhift.com", Status: Successfully sent!
Using ISA.Troop671BSA@Troop671BSA.org to send to: "Troop71Treasurer@comcast.net", Status: Successfully sent!
Using ISA.Troop671BSA@Troop671BSA.org to send to: "ISA.Troop671BSA@troop671bsa.org", Status: Successfully sent!
Using ISA.Troop671BSA@Troop671BSA.org to send to: "advisor@crew671bsa.org", Status: Successfully sent!
Using ISA.Troop671BSA@Troop671BSA.org to send to: "carverrick@comcast.net", Status: Successfully sent!
========== Saturday August 29, 2015 at 17:48:26 ==========
========== Tuesday September 29, 2015 at 13:18:47 ==========
Subject: re: Zach Thomas's BSA TROOP 671 ISA ACCOUNT
Using ISA.Troop671BSA@Troop671BSA.org to send to: "weber.k.e@comcast.net", Status: Successfully sent!
Using ISA.Troop671BSA@Troop671BSA.org to send to: "ISA.Troop671BSA@troop671bsa.org", Status: Successfully sent!
Using ISA.Troop671BSA@Troop671BSA.org to send to: "advisor@crew671bsa.org", Status: Successfully sent!
Using ISA.Troop671BSA@Troop671BSA.org to send to: "carverrick@comcast.net", Status: Successfully sent!
Using ISA.Troop671BSA@Troop671BSA.org to send to: "jeffriesrg@sbcglobal.net", Status: Successfully sent!
Using ISA.Troop671BSA@Troop671BSA.org to send to: "rgpavletic@gmail.com", Status: Successfully sent!
========== Tuesday September 29, 2015 at 13:18:47 ==========
========== Tuesday September 29, 2015 at 13:18:59 ==========
Subject: re: Zach Thomas's BSA TROOP 671 ISA ACCOUNT
Using ISA.Troop671BSA@Troop671BSA.org to send to: "weber.k.e@comcast.net", Status: Successfully sent!
Using ISA.Troop671BSA@Troop671BSA.org to send to: "ISA.Troop671BSA@troop671bsa.org", Status: Successfully sent!
Using ISA.Troop671BSA@Troop671BSA.org to send to: "advisor@crew671bsa.org", Status: Successfully sent!
Using ISA.Troop671BSA@Troop671BSA.org to send to: "carverrick@comcast.net", Status: Successfully sent!
Using ISA.Troop671BSA@Troop671BSA.org to send to: "jeffriesrg@sbcglobal.net", Status: Successfully sent!
Using ISA.Troop671BSA@Troop671BSA.org to send to: "rgpavletic@gmail.com", Status: Successfully sent!
========== Tuesday September 29, 2015 at 13:18:59 ==========
========== Wednesday October 7, 2015 at 16:26:38 ==========
Subject: re: William Jeffries's BSA TROOP 671 ISA ACCOUNT
Using ISA.Troop671BSA@Troop671BSA.org to send to: "weber.k.e@comcast.net", Status: Successfully sent!
Using ISA.Troop671BSA@Troop671BSA.org to send to: "ISA.Troop671BSA@troop671bsa.org", Status: Failed to connect to ssl://smtp.gmail.com:465 [SMTP: Failed to connect socket: Connection timed out (code: -1, response: )]
Using ISA.Troop671BSA@Troop671BSA.org to send to: "advisor@crew671bsa.org", Status: Successfully sent!
Using ISA.Troop671BSA@Troop671BSA.org to send to: "carverrick@comcast.net", Status: Successfully sent!
========== Wednesday October 7, 2015 at 16:28:46 ==========
Subject: re: William Jeffries's BSA TROOP 671 ISA ACCOUNT
Using ISA.Troop671BSA@Troop671BSA.org to send to: "weber.k.e@comcast.net", Status: Successfully sent!
Using ISA.Troop671BSA@Troop671BSA.org to send to: "ISA.Troop671BSA@troop671bsa.org", Status: Successfully sent!
Using ISA.Troop671BSA@Troop671BSA.org to send to: "advisor@crew671bsa.org", Status: Successfully sent!
Using ISA.Troop671BSA@Troop671BSA.org to send to: "carverrick@comcast.net", Status: Successfully sent!
========== Wednesday October 7, 2015 at 17:10:17 ==========
Subject: re: William Jeffries's BSA TROOP 671 ISA ACCOUNT
Using ISA.Troop671BSA@Troop671BSA.org to send to: "weber.k.e@comcast.net", Status: Successfully sent!
Using ISA.Troop671BSA@Troop671BSA.org to send to: "ISA.Troop671BSA@troop671bsa.org", Status: Failed to connect to ssl://smtp.gmail.com:465 [SMTP: Failed to connect socket: Connection timed out (code: -1, response: )]
Using ISA.Troop671BSA@Troop671BSA.org to send to: "advisor@crew671bsa.org", Status: Successfully sent!
Using ISA.Troop671BSA@Troop671BSA.org to send to: "carverrick@comcast.net", Status: Successfully sent!
Using ISA.Troop671BSA@Troop671BSA.org to send to: "jeffriesrg@sbcglobal.net", Status: Failed to connect to ssl://smtp.gmail.com:465 [SMTP: Failed to connect socket: Connection timed out (code: -1, response: )]
Using ISA.Troop671BSA@Troop671BSA.org to send to: "rgpavletic@gmail.com", Status: Successfully sent!
========== Wednesday October 7, 2015 at 17:10:17 ==========
========== Tuesday October 20, 2015 at 18:16:32 ==========
Subject: re: Spencer Pavletic's BSA TROOP 671 ISA ACCOUNT
Using ISA.Troop671BSA@Troop671BSA.org to send to: "weber.k.e@comcast.net", Status: Successfully sent!
Using ISA.Troop671BSA@Troop671BSA.org to send to: "ISA.Troop671BSA@troop671bsa.org", Status: Successfully sent!
Using ISA.Troop671BSA@Troop671BSA.org to send to: "advisor@crew671bsa.org", Status: Successfully sent!
Using ISA.Troop671BSA@Troop671BSA.org to send to: "carverrick@comcast.net", Status: Successfully sent!
Using ISA.Troop671BSA@Troop671BSA.org to send to: "jeffriesrg@sbcglobal.net", Status: Successfully sent!
Using ISA.Troop671BSA@Troop671BSA.org to send to: "rgpavletic@gmail.com", Status: Successfully sent!
========== Tuesday October 20, 2015 at 18:16:32 ==========
========== Thursday October 22, 2015 at 20:52:16 ==========
Subject: re: Daniel  Pawlak's BSA TROOP 671 ISA ACCOUNT
Using ISA.Troop671BSA@Troop671BSA.org to send to: "weber.k.e@comcast.net", Status: Successfully sent!
Using ISA.Troop671BSA@Troop671BSA.org to send to: "ISA.Troop671BSA@troop671bsa.org", Status: Successfully sent!
Using ISA.Troop671BSA@Troop671BSA.org to send to: "advisor@crew671bsa.org", Status: Successfully sent!
Using ISA.Troop671BSA@Troop671BSA.org to send to: "carverrick@comcast.net", Status: Successfully sent!
Using ISA.Troop671BSA@Troop671BSA.org to send to: "jeffriesrg@sbcglobal.net", Status: Successfully sent!
Using ISA.Troop671BSA@Troop671BSA.org to send to: "rgpavletic@gmail.com", Status: Successfully sent!
========== Thursday October 22, 2015 at 20:52:16 ==========
========== Wednesday October 28, 2015 at 19:44:47 ==========
Subject: re: Eric Schmidt's BSA TROOP 671 ISA ACCOUNT
Using ISA.Troop671BSA@Troop671BSA.org to send to: "weber.k.e@comcast.net", Status: Successfully sent!
Using ISA.Troop671BSA@Troop671BSA.org to send to: "ISA.Troop671BSA@troop671bsa.org", Status: Successfully sent!
Using ISA.Troop671BSA@Troop671BSA.org to send to: "advisor@crew671bsa.org", Status: Successfully sent!
Using ISA.Troop671BSA@Troop671BSA.org to send to: "carverrick@comcast.net", Status: Successfully sent!
Using ISA.Troop671BSA@Troop671BSA.org to send to: "jeffriesrg@sbcglobal.net", Status: Successfully sent!
Using ISA.Troop671BSA@Troop671BSA.org to send to: "rgpavletic@gmail.com", Status: Successfully sent!
========== Wednesday October 28, 2015 at 19:44:47 ==========
========== Tuesday November 3, 2015 at 15:51:29 ==========
Subject: re: Spencer Pavletic's BSA TROOP 671 ISA ACCOUNT
Using ISA.Troop671BSA@Troop671BSA.org to send to: "weber.k.e@comcast.net", Status: Successfully sent!
Using ISA.Troop671BSA@Troop671BSA.org to send to: "ISA.Troop671BSA@troop671bsa.org", Status: Successfully sent!
Using ISA.Troop671BSA@Troop671BSA.org to send to: "advisor@crew671bsa.org", Status: Successfully sent!
Using ISA.Troop671BSA@Troop671BSA.org to send to: "carverrick@comcast.net", Status: Successfully sent!
Using ISA.Troop671BSA@Troop671BSA.org to send to: "jeffriesrg@sbcglobal.net", Status: Successfully sent!
Using ISA.Troop671BSA@Troop671BSA.org to send to: "rgpavletic@gmail.com", Status: Successfully sent!
========== Tuesday November 3, 2015 at 15:51:29 ==========
========== Tuesday November 3, 2015 at 19:43:17 ==========
Subject: re: Daniel  Pawlak's BSA TROOP 671 ISA ACCOUNT
Using ISA.Troop671BSA@Troop671BSA.org to send to: "weber.k.e@comcast.net", Status: Successfully sent!
Using ISA.Troop671BSA@Troop671BSA.org to send to: "ISA.Troop671BSA@troop671bsa.org", Status: Successfully sent!
Using ISA.Troop671BSA@Troop671BSA.org to send to: "advisor@crew671bsa.org", Status: Failed to connect to ssl://smtp.gmail.com:465 [SMTP: Failed to connect socket: Connection timed out (code: -1, response: )]
Using ISA.Troop671BSA@Troop671BSA.org to send to: "carverrick@comcast.net", Status: Failed to connect to ssl://smtp.gmail.com:465 [SMTP: Failed to connect socket: Connection timed out (code: -1, response: )]
Using ISA.Troop671BSA@Troop671BSA.org to send to: "jeffriesrg@sbcglobal.net", Status: Successfully sent!
========== Tuesday November 3, 2015 at 22:12:47 ==========
Subject: re: Daniel  Pawlak's BSA TROOP 671 ISA ACCOUNT
Using ISA.Troop671BSA@Troop671BSA.org to send to: "weber.k.e@comcast.net", Status: Failed to connect to ssl://smtp.gmail.com:465 [SMTP: Failed to connect socket: Connection timed out (code: -1, response: )]
Using ISA.Troop671BSA@Troop671BSA.org to send to: "ISA.Troop671BSA@troop671bsa.org", Status: Successfully sent!
Using ISA.Troop671BSA@Troop671BSA.org to send to: "advisor@crew671bsa.org", Status: Successfully sent!
Using ISA.Troop671BSA@Troop671BSA.org to send to: "carverrick@comcast.net", Status: Successfully sent!
Using ISA.Troop671BSA@Troop671BSA.org to send to: "jeffriesrg@sbcglobal.net", Status: Successfully sent!
Using ISA.Troop671BSA@Troop671BSA.org to send to: "rgpavletic@gmail.com", Status: Successfully sent!
========== Tuesday November 3, 2015 at 22:12:47 ==========
========== Tuesday November 10, 2015 at 6:20:18 ==========
Subject: re: Scott Seiler's BSA TROOP 671 ISA ACCOUNT
Using ISA.Troop671BSA@Troop671BSA.org to send to: "weber.k.e@comcast.net", Status: Successfully sent!
Using ISA.Troop671BSA@Troop671BSA.org to send to: "ISA.Troop671BSA@troop671bsa.org", Status: Failed to connect to ssl://smtp.gmail.com:465 [SMTP: Failed to connect socket: Connection timed out (code: -1, response: )]
Using ISA.Troop671BSA@Troop671BSA.org to send to: "advisor@crew671bsa.org", Status: Successfully sent!
Using ISA.Troop671BSA@Troop671BSA.org to send to: "carverrick@comcast.net", Status: Successfully sent!
Using ISA.Troop671BSA@Troop671BSA.org to send to: "jeffriesrg@sbcglobal.net", Status: Successfully sent!
========== Tuesday November 10, 2015 at 6:22:28 ==========
Subject: re: Scott Seiler's BSA TROOP 671 ISA ACCOUNT
========== Tuesday November 10, 2015 at 6:23:26 ==========
Subject: re: Scott Seiler's BSA TROOP 671 ISA ACCOUNT
Using ISA.Troop671BSA@Troop671BSA.org to send to: "weber.k.e@comcast.net", Status: Successfully sent!
Using ISA.Troop671BSA@Troop671BSA.org to send to: "weber.k.e@comcast.net", Status: Failed to connect to ssl://smtp.gmail.com:465 [SMTP: Failed to connect socket: Connection timed out (code: -1, response: )]
Using ISA.Troop671BSA@Troop671BSA.org to send to: "ISA.Troop671BSA@troop671bsa.org", Status: Successfully sent!
Using ISA.Troop671BSA@Troop671BSA.org to send to: "advisor@crew671bsa.org", Status: Successfully sent!
Using ISA.Troop671BSA@Troop671BSA.org to send to: "carverrick@comcast.net", Status: Successfully sent!
Using ISA.Troop671BSA@Troop671BSA.org to send to: "jeffriesrg@sbcglobal.net", Status: Successfully sent!
Using ISA.Troop671BSA@Troop671BSA.org to send to: "rgpavletic@gmail.com", Status: Successfully sent!
========== Tuesday November 10, 2015 at 6:22:28 ==========
========== Tuesday November 10, 2015 at 6:23:37 ==========
Subject: re: Scott Seiler's BSA TROOP 671 ISA ACCOUNT
Using ISA.Troop671BSA@Troop671BSA.org to send to: "weber.k.e@comcast.net", Status: Successfully sent!
Using ISA.Troop671BSA@Troop671BSA.org to send to: "ISA.Troop671BSA@troop671bsa.org", Status: Successfully sent!
Using ISA.Troop671BSA@Troop671BSA.org to send to: "advisor@crew671bsa.org", Status: Successfully sent!
========== Tuesday November 10, 2015 at 7:4:4 ==========
Subject: re: Scott Seiler's BSA TROOP 671 ISA ACCOUNT
Using ISA.Troop671BSA@Troop671BSA.org to send to: "weber.k.e@comcast.net", Status: Failed to connect to ssl://smtp.gmail.com:465 [SMTP: Failed to connect socket: Connection timed out (code: -1, response: )]
Using ISA.Troop671BSA@Troop671BSA.org to send to: "ISA.Troop671BSA@troop671bsa.org", Status: Failed to connect to ssl://smtp.gmail.com:465 [SMTP: Failed to connect socket: Connection timed out (code: -1, response: )]
Using ISA.Troop671BSA@Troop671BSA.org to send to: "advisor@crew671bsa.org", Status: Successfully sent!
Using ISA.Troop671BSA@Troop671BSA.org to send to: "carverrick@comcast.net", Status: Successfully sent!
========== Tuesday November 10, 2015 at 7:6:13 ==========
Subject: re: Scott Seiler's BSA TROOP 671 ISA ACCOUNT
Using ISA.Troop671BSA@Troop671BSA.org to send to: "weber.k.e@comcast.net", Status: Successfully sent!
Using ISA.Troop671BSA@Troop671BSA.org to send to: "ISA.Troop671BSA@troop671bsa.org", Status: Successfully sent!
========== Tuesday November 10, 2015 at 7:6:43 ==========
Subject: re: Scott Seiler's BSA TROOP 671 ISA ACCOUNT
========== Tuesday November 10, 2015 at 7:7:13 ==========
Subject: re: Scott Seiler's BSA TROOP 671 ISA ACCOUNT
Using ISA.Troop671BSA@Troop671BSA.org to send to: "weber.k.e@comcast.net", Status: Successfully sent!
Using ISA.Troop671BSA@Troop671BSA.org to send to: "ISA.Troop671BSA@troop671bsa.org", Status: Successfully sent!
========== Tuesday November 10, 2015 at 18:8:43 ==========
Subject: re: Liam Maag's BSA TROOP 671 ISA ACCOUNT
Using ISA.Troop671BSA@Troop671BSA.org to send to: "weber.k.e@comcast.net", Status: Successfully sent!
Using ISA.Troop671BSA@Troop671BSA.org to send to: "ISA.Troop671BSA@troop671bsa.org", Status: Successfully sent!
Using ISA.Troop671BSA@Troop671BSA.org to send to: "advisor@crew671bsa.org", Status: Successfully sent!
Using ISA.Troop671BSA@Troop671BSA.org to send to: "carverrick@comcast.net", Status: Successfully sent!
Using ISA.Troop671BSA@Troop671BSA.org to send to: "jeffriesrg@sbcglobal.net", Status: Successfully sent!
Using ISA.Troop671BSA@Troop671BSA.org to send to: "rgpavletic@gmail.com", Status: Successfully sent!
========== Tuesday November 10, 2015 at 18:8:43 ==========
========== Saturday December 12, 2015 at 18:46:24 ==========
Subject: re: Nicholas Zblewski's BSA TROOP 671 ISA ACCOUNT
Using ISA.Troop671BSA@Troop671BSA.org to send to: "weber.k.e@comcast.net", Status: Successfully sent!
Using ISA.Troop671BSA@Troop671BSA.org to send to: "ISA.Troop671BSA@troop671bsa.org", Status: Successfully sent!
Using ISA.Troop671BSA@Troop671BSA.org to send to: "advisor@crew671bsa.org", Status: Successfully sent!
Using ISA.Troop671BSA@Troop671BSA.org to send to: "carverrick@comcast.net", Status: Successfully sent!
Using ISA.Troop671BSA@Troop671BSA.org to send to: "jeffriesrg@sbcglobal.net", Status: Successfully sent!
Using ISA.Troop671BSA@Troop671BSA.org to send to: "rgpavletic@gmail.com", Status: Successfully sent!
========== Saturday December 12, 2015 at 18:46:24 ==========
========== Saturday December 12, 2015 at 18:50:37 ==========
Subject: re: Nicholas Zblewski's BSA TROOP 671 ISA ACCOUNT
Using ISA.Troop671BSA@Troop671BSA.org to send to: "weber.k.e@comcast.net", Status: Successfully sent!
Using ISA.Troop671BSA@Troop671BSA.org to send to: "ISA.Troop671BSA@troop671bsa.org", Status: Successfully sent!
Using ISA.Troop671BSA@Troop671BSA.org to send to: "advisor@crew671bsa.org", Status: Successfully sent!
Using ISA.Troop671BSA@Troop671BSA.org to send to: "carverrick@comcast.net", Status: Successfully sent!
Using ISA.Troop671BSA@Troop671BSA.org to send to: "jeffriesrg@sbcglobal.net", Status: Successfully sent!
Using ISA.Troop671BSA@Troop671BSA.org to send to: "rgpavletic@gmail.com", Status: Successfully sent!
========== Saturday December 12, 2015 at 18:50:37 ==========
========== Wednesday December 16, 2015 at 17:57:44 ==========
Subject: re: Eric Schmidt's BSA TROOP 671 ISA ACCOUNT
Using ISA.Troop671BSA@Troop671BSA.org to send to: "weber.k.e@comcast.net", Status: Successfully sent!
Using ISA.Troop671BSA@Troop671BSA.org to send to: "ISA.Troop671BSA@troop671bsa.org", Status: Failed to connect to ssl://smtp.gmail.com:465 [SMTP: Failed to connect socket: Connection timed out (code: -1, response: )]
Using ISA.Troop671BSA@Troop671BSA.org to send to: "advisor@crew671bsa.org", Status: Successfully sent!
Using ISA.Troop671BSA@Troop671BSA.org to send to: "carverrick@comcast.net", Status: Failed to connect to ssl://smtp.gmail.com:465 [SMTP: Failed to connect socket: Connection timed out (code: -1, response: )]
Using ISA.Troop671BSA@Troop671BSA.org to send to: "jeffriesrg@sbcglobal.net", Status: Successfully sent!
========== Wednesday December 16, 2015 at 17:59:54 ==========
Subject: re: Eric Schmidt's BSA TROOP 671 ISA ACCOUNT
Using ISA.Troop671BSA@Troop671BSA.org to send to: "weber.k.e@comcast.net", Status: Successfully sent!
========== Wednesday December 16, 2015 at 18:2:7 ==========
Subject: re: Eric Schmidt's BSA TROOP 671 ISA ACCOUNT
Using ISA.Troop671BSA@Troop671BSA.org to send to: "weber.k.e@comcast.net", Status: Failed to connect to ssl://smtp.gmail.com:465 [SMTP: Failed to connect socket: Connection timed out (code: -1, response: )]
Using ISA.Troop671BSA@Troop671BSA.org to send to: "ISA.Troop671BSA@troop671bsa.org", Status: Failed to connect to ssl://smtp.gmail.com:465 [SMTP: Failed to connect socket: Connection timed out (code: -1, response: )]
Using ISA.Troop671BSA@Troop671BSA.org to send to: "advisor@crew671bsa.org", Status: Successfully sent!
========== Wednesday December 16, 2015 at 18:4:50 ==========
Subject: re: Eric Schmidt's BSA TROOP 671 ISA ACCOUNT
Using ISA.Troop671BSA@Troop671BSA.org to send to: "weber.k.e@comcast.net", Status: Successfully sent!
Using ISA.Troop671BSA@Troop671BSA.org to send to: "ISA.Troop671BSA@troop671bsa.org", Status: Failed to connect to ssl://smtp.gmail.com:465 [SMTP: Failed to connect socket: Connection timed out (code: -1, response: )]
Using ISA.Troop671BSA@Troop671BSA.org to send to: "advisor@crew671bsa.org", Status: Successfully sent!
Using ISA.Troop671BSA@Troop671BSA.org to send to: "carverrick@comcast.net", Status: Successfully sent!
========== Wednesday December 16, 2015 at 18:6:58 ==========
Subject: re: Eric Schmidt's BSA TROOP 671 ISA ACCOUNT
Using ISA.Troop671BSA@Troop671BSA.org to send to: "weber.k.e@comcast.net", Status: Successfully sent!
========== Wednesday January 13, 2016 at 6:56:5 ==========
Subject: re: Matthew Strelzyk's BSA TROOP 671 ISA ACCOUNT
Using ISA.Troop671BSA@Troop671BSA.org to send to: "weber.k.e@comcast.net", Status: Successfully sent!
Using ISA.Troop671BSA@Troop671BSA.org to send to: "ISA.Troop671BSA@troop671bsa.org", Status: Successfully sent!
Using ISA.Troop671BSA@Troop671BSA.org to send to: "advisor@crew671bsa.org", Status: Successfully sent!
Using ISA.Troop671BSA@Troop671BSA.org to send to: "carverrick@comcast.net", Status: Failed to connect to ssl://smtp.gmail.com:465 [SMTP: Failed to connect socket: Connection timed out (code: -1, response: )]
Using ISA.Troop671BSA@Troop671BSA.org to send to: "jeffriesrg@sbcglobal.net", Status: Successfully sent!
Using ISA.Troop671BSA@Troop671BSA.org to send to: "rgpavletic@gmail.com", Status: Successfully sent!
========== Wednesday January 13, 2016 at 6:56:5 ==========
========== Tuesday January 19, 2016 at 16:16:4 ==========
Subject: re: Gavin Short's BSA TROOP 671 ISA ACCOUNT
Using ISA.Troop671BSA@Troop671BSA.org to send to: "weber.k.e@comcast.net", Status: Successfully sent!
Using ISA.Troop671BSA@Troop671BSA.org to send to: "ISA.Troop671BSA@troop671bsa.org", Status: Successfully sent!
Using ISA.Troop671BSA@Troop671BSA.org to send to: "advisor@crew671bsa.org", Status: Successfully sent!
Using ISA.Troop671BSA@Troop671BSA.org to send to: "carverrick@comcast.net", Status: Successfully sent!
Using ISA.Troop671BSA@Troop671BSA.org to send to: "jeffriesrg@sbcglobal.net", Status: Successfully sent!
Using ISA.Troop671BSA@Troop671BSA.org to send to: "rgpavletic@gmail.com", Status: Successfully sent!
========== Tuesday January 19, 2016 at 16:16:4 ==========
========== Thursday January 21, 2016 at 10:24:24 ==========
Subject: re: Zach Thomas's BSA TROOP 671 ISA ACCOUNT
Using ISA.Troop671BSA@Troop671BSA.org to send to: "weber.k.e@comcast.net", Status: Successfully sent!
Using ISA.Troop671BSA@Troop671BSA.org to send to: "ISA.Troop671BSA@troop671bsa.org", Status: Successfully sent!
Using ISA.Troop671BSA@Troop671BSA.org to send to: "advisor@crew671bsa.org", Status: Successfully sent!
Using ISA.Troop671BSA@Troop671BSA.org to send to: "carverrick@comcast.net", Status: Successfully sent!
Using ISA.Troop671BSA@Troop671BSA.org to send to: "jeffriesrg@sbcglobal.net", Status: Successfully sent!
Using ISA.Troop671BSA@Troop671BSA.org to send to: "rgpavletic@gmail.com", Status: Successfully sent!
========== Thursday January 21, 2016 at 10:24:24 ==========
========== Wednesday February 17, 2016 at 18:5:24 ==========
Subject: re: William Jeffries's BSA TROOP 671 ISA ACCOUNT
Using ISA.Troop671BSA@Troop671BSA.org to send to: "weber.k.e@comcast.net", Status: Successfully sent!
Using ISA.Troop671BSA@Troop671BSA.org to send to: "ISA.Troop671BSA@troop671bsa.org", Status: Successfully sent!
Using ISA.Troop671BSA@Troop671BSA.org to send to: "advisor@crew671bsa.org", Status: Successfully sent!
Using ISA.Troop671BSA@Troop671BSA.org to send to: "carverrick@comcast.net", Status: Successfully sent!
Using ISA.Troop671BSA@Troop671BSA.org to send to: "jeffriesrg@sbcglobal.net", Status: Successfully sent!
Using ISA.Troop671BSA@Troop671BSA.org to send to: "rgpavletic@gmail.com", Status: Successfully sent!
========== Wednesday February 17, 2016 at 18:5:24 ==========
========== Tuesday February 23, 2016 at 7:27:17 ==========
Subject: re: Spencer Burton's BSA TROOP 671 ISA ACCOUNT
Using ISA.Troop671BSA@Troop671BSA.org to send to: "weber.k.e@comcast.net", Status: Successfully sent!
Using ISA.Troop671BSA@Troop671BSA.org to send to: "ISA.Troop671BSA@troop671bsa.org", Status: Successfully sent!
Using ISA.Troop671BSA@Troop671BSA.org to send to: "advisor@crew671bsa.org", Status: Successfully sent!
Using ISA.Troop671BSA@Troop671BSA.org to send to: "carverrick@comcast.net", Status: Successfully sent!
Using ISA.Troop671BSA@Troop671BSA.org to send to: "jeffriesrg@sbcglobal.net", Status: Successfully sent!
Using ISA.Troop671BSA@Troop671BSA.org to send to: "rgpavletic@gmail.com", Status: Successfully sent!
========== Tuesday February 23, 2016 at 7:27:17 ==========
========== Tuesday February 23, 2016 at 12:27:31 ==========
Subject: re: Shadow Cat 's BSA TROOP 671 ISA ACCOUNT
Using ISA.Troop671BSA@Troop671BSA.org to send to: "weber.k.e@comcast.net", Status: Successfully sent!
Using ISA.Troop671BSA@Troop671BSA.org to send to: "ISA.Troop671BSA@troop671bsa.org", Status: Successfully sent!
Using ISA.Troop671BSA@Troop671BSA.org to send to: "advisor@crew671bsa.org", Status: Successfully sent!
Using ISA.Troop671BSA@Troop671BSA.org to send to: "carverrick@comcast.net", Status: Successfully sent!
Using ISA.Troop671BSA@Troop671BSA.org to send to: "jeffriesrg@sbcglobal.net", Status: Successfully sent!
Using ISA.Troop671BSA@Troop671BSA.org to send to: "rgpavletic@gmail.com", Status: Successfully sent!
========== Tuesday February 23, 2016 at 12:27:31 ==========
========== Tuesday February 23, 2016 at 12:39:13 ==========
Subject: re: Shadow Cat 's BSA TROOP 671 ISA ACCOUNT
Using ISA.Troop671BSA@Troop671BSA.org to send to: "weber.k.e@comcast.net", Status: Successfully sent!
Using ISA.Troop671BSA@Troop671BSA.org to send to: "ISA.Troop671BSA@troop671bsa.org", Status: Successfully sent!
Using ISA.Troop671BSA@Troop671BSA.org to send to: "advisor@crew671bsa.org", Status: Successfully sent!
Using ISA.Troop671BSA@Troop671BSA.org to send to: "carverrick@comcast.net", Status: Successfully sent!
Using ISA.Troop671BSA@Troop671BSA.org to send to: "jeffriesrg@sbcglobal.net", Status: Successfully sent!
Using ISA.Troop671BSA@Troop671BSA.org to send to: "rgpavletic@gmail.com", Status: Successfully sent!
========== Tuesday February 23, 2016 at 12:39:13 ==========
========== Tuesday March 1, 2016 at 14:29:49 ==========
Subject: re: Gavin Short's BSA TROOP 671 ISA ACCOUNT
Using ISA.Troop671BSA@Troop671BSA.org to send to: "weber.k.e@comcast.net", Status: Successfully sent!
Using ISA.Troop671BSA@Troop671BSA.org to send to: "ISA.Troop671BSA@troop671bsa.org", Status: Successfully sent!
Using ISA.Troop671BSA@Troop671BSA.org to send to: "advisor@crew671bsa.org", Status: Successfully sent!
Using ISA.Troop671BSA@Troop671BSA.org to send to: "carverrick@comcast.net", Status: Successfully sent!
Using ISA.Troop671BSA@Troop671BSA.org to send to: "jeffriesrg@sbcglobal.net", Status: Successfully sent!
Using ISA.Troop671BSA@Troop671BSA.org to send to: "rgpavletic@gmail.com", Status: Successfully sent!
========== Tuesday March 1, 2016 at 14:29:49 ==========
========== Tuesday March 1, 2016 at 14:30:20 ==========
Subject: re: Gavin Short's BSA TROOP 671 ISA ACCOUNT
Using ISA.Troop671BSA@Troop671BSA.org to send to: "weber.k.e@comcast.net", Status: Successfully sent!
Using ISA.Troop671BSA@Troop671BSA.org to send to: "ISA.Troop671BSA@troop671bsa.org", Status: Successfully sent!
Using ISA.Troop671BSA@Troop671BSA.org to send to: "advisor@crew671bsa.org", Status: Successfully sent!
Using ISA.Troop671BSA@Troop671BSA.org to send to: "carverrick@comcast.net", Status: Successfully sent!
Using ISA.Troop671BSA@Troop671BSA.org to send to: "jeffriesrg@sbcglobal.net", Status: Successfully sent!
Using ISA.Troop671BSA@Troop671BSA.org to send to: "rgpavletic@gmail.com", Status: Successfully sent!
========== Tuesday March 1, 2016 at 14:30:20 ==========
========== Tuesday March 1, 2016 at 15:18:42 ==========
Subject: re: Spencer Pavletic's BSA TROOP 671 ISA ACCOUNT
Using ISA.Troop671BSA@Troop671BSA.org to send to: "weber.k.e@comcast.net", Status: Successfully sent!
Using ISA.Troop671BSA@Troop671BSA.org to send to: "ISA.Troop671BSA@troop671bsa.org", Status: Successfully sent!
Using ISA.Troop671BSA@Troop671BSA.org to send to: "advisor@crew671bsa.org", Status: Successfully sent!
Using ISA.Troop671BSA@Troop671BSA.org to send to: "carverrick@comcast.net", Status: Successfully sent!
Using ISA.Troop671BSA@Troop671BSA.org to send to: "jeffriesrg@sbcglobal.net", Status: Successfully sent!
Using ISA.Troop671BSA@Troop671BSA.org to send to: "rgpavletic@gmail.com", Status: Successfully sent!
========== Tuesday March 1, 2016 at 15:18:42 ==========
========== Thursday March 3, 2016 at 15:26:31 ==========
Subject: re: Jacob Adrian's BSA TROOP 671 ISA ACCOUNT
Using ISA.Troop671BSA@Troop671BSA.org to send to: "weber.k.e@comcast.net", Status: Successfully sent!
Using ISA.Troop671BSA@Troop671BSA.org to send to: "ISA.Troop671BSA@troop671bsa.org", Status: Successfully sent!
Using ISA.Troop671BSA@Troop671BSA.org to send to: "advisor@crew671bsa.org", Status: Successfully sent!
Using ISA.Troop671BSA@Troop671BSA.org to send to: "carverrick@comcast.net", Status: Successfully sent!
Using ISA.Troop671BSA@Troop671BSA.org to send to: "jeffriesrg@sbcglobal.net", Status: Successfully sent!
Using ISA.Troop671BSA@Troop671BSA.org to send to: "rgpavletic@gmail.com", Status: Successfully sent!
========== Thursday March 3, 2016 at 15:26:31 ==========
========== Thursday March 3, 2016 at 15:26:42 ==========
Subject: re: Jacob Adrian's BSA TROOP 671 ISA ACCOUNT
Using ISA.Troop671BSA@Troop671BSA.org to send to: "weber.k.e@comcast.net", Status: Successfully sent!
Using ISA.Troop671BSA@Troop671BSA.org to send to: "ISA.Troop671BSA@troop671bsa.org", Status: Successfully sent!
Using ISA.Troop671BSA@Troop671BSA.org to send to: "advisor@crew671bsa.org", Status: Successfully sent!
Using ISA.Troop671BSA@Troop671BSA.org to send to: "carverrick@comcast.net", Status: Successfully sent!
Using ISA.Troop671BSA@Troop671BSA.org to send to: "jeffriesrg@sbcglobal.net", Status: Successfully sent!
Using ISA.Troop671BSA@Troop671BSA.org to send to: "rgpavletic@gmail.com", Status: Successfully sent!
========== Thursday March 3, 2016 at 15:26:42 ==========
========== Sunday March 27, 2016 at 17:22:59 ==========
Subject: re: Nicholas Zblewski's BSA TROOP 671 ISA ACCOUNT
Using ISA.Troop671BSA@Troop671BSA.org to send to: "weber.k.e@comcast.net", Status: Successfully sent!
Using ISA.Troop671BSA@Troop671BSA.org to send to: "ISA.Troop671BSA@troop671bsa.org", Status: Successfully sent!
Using ISA.Troop671BSA@Troop671BSA.org to send to: "advisor@crew671bsa.org", Status: Successfully sent!
Using ISA.Troop671BSA@Troop671BSA.org to send to: "carverrick@comcast.net", Status: Successfully sent!
Using ISA.Troop671BSA@Troop671BSA.org to send to: "jeffriesrg@sbcglobal.net", Status: Successfully sent!
Using ISA.Troop671BSA@Troop671BSA.org to send to: "rgpavletic@gmail.com", Status: Successfully sent!
========== Sunday March 27, 2016 at 17:22:59 ==========
========== Sunday March 27, 2016 at 17:23:40 ==========
Subject: re: Nicholas Zblewski's BSA TROOP 671 ISA ACCOUNT
Using ISA.Troop671BSA@Troop671BSA.org to send to: "weber.k.e@comcast.net", Status: Successfully sent!
Using ISA.Troop671BSA@Troop671BSA.org to send to: "ISA.Troop671BSA@troop671bsa.org", Status: Successfully sent!
Using ISA.Troop671BSA@Troop671BSA.org to send to: "advisor@crew671bsa.org", Status: Successfully sent!
Using ISA.Troop671BSA@Troop671BSA.org to send to: "carverrick@comcast.net", Status: Successfully sent!
Using ISA.Troop671BSA@Troop671BSA.org to send to: "jeffriesrg@sbcglobal.net", Status: Successfully sent!
Using ISA.Troop671BSA@Troop671BSA.org to send to: "rgpavletic@gmail.com", Status: Successfully sent!
========== Sunday March 27, 2016 at 17:23:40 ==========
========== Sunday March 27, 2016 at 17:25:6 ==========
Subject: re: Nicholas Zblewski's BSA TROOP 671 ISA ACCOUNT
Using ISA.Troop671BSA@Troop671BSA.org to send to: "weber.k.e@comcast.net", Status: Successfully sent!
Using ISA.Troop671BSA@Troop671BSA.org to send to: "ISA.Troop671BSA@troop671bsa.org", Status: Successfully sent!
Using ISA.Troop671BSA@Troop671BSA.org to send to: "advisor@crew671bsa.org", Status: Successfully sent!
Using ISA.Troop671BSA@Troop671BSA.org to send to: "carverrick@comcast.net", Status: Successfully sent!
Using ISA.Troop671BSA@Troop671BSA.org to send to: "jeffriesrg@sbcglobal.net", Status: Successfully sent!
Using ISA.Troop671BSA@Troop671BSA.org to send to: "rgpavletic@gmail.com", Status: Successfully sent!
========== Sunday March 27, 2016 at 17:25:6 ==========
========== Tuesday April 5, 2016 at 16:29:18 ==========
Subject: re: Jake Smith's BSA TROOP 671 ISA ACCOUNT
Using ISA.Troop671BSA@Troop671BSA.org to send to: "weber.k.e@comcast.net", Status: Successfully sent!
Using ISA.Troop671BSA@Troop671BSA.org to send to: "ISA.Troop671BSA@troop671bsa.org", Status: Successfully sent!
Using ISA.Troop671BSA@Troop671BSA.org to send to: "advisor@crew671bsa.org", Status: Successfully sent!
Using ISA.Troop671BSA@Troop671BSA.org to send to: "carverrick@comcast.net", Status: Successfully sent!
Using ISA.Troop671BSA@Troop671BSA.org to send to: "jeffriesrg@sbcglobal.net", Status: Successfully sent!
Using ISA.Troop671BSA@Troop671BSA.org to send to: "rgpavletic@gmail.com", Status: Successfully sent!
========== Tuesday April 5, 2016 at 16:29:18 ==========
========== Tuesday April 5, 2016 at 16:29:22 ==========
Subject: re: Jake Smith's BSA TROOP 671 ISA ACCOUNT
Using ISA.Troop671BSA@Troop671BSA.org to send to: "weber.k.e@comcast.net", Status: Successfully sent!
Using ISA.Troop671BSA@Troop671BSA.org to send to: "ISA.Troop671BSA@troop671bsa.org", Status: Successfully sent!
Using ISA.Troop671BSA@Troop671BSA.org to send to: "advisor@crew671bsa.org", Status: Successfully sent!
Using ISA.Troop671BSA@Troop671BSA.org to send to: "carverrick@comcast.net", Status: Successfully sent!
Using ISA.Troop671BSA@Troop671BSA.org to send to: "jeffriesrg@sbcglobal.net", Status: Successfully sent!
Using ISA.Troop671BSA@Troop671BSA.org to send to: "rgpavletic@gmail.com", Status: Successfully sent!
========== Tuesday April 5, 2016 at 16:29:22 ==========
========== Tuesday April 5, 2016 at 16:29:26 ==========
Subject: re: Jake Smith's BSA TROOP 671 ISA ACCOUNT
Using ISA.Troop671BSA@Troop671BSA.org to send to: "weber.k.e@comcast.net", Status: Successfully sent!
Using ISA.Troop671BSA@Troop671BSA.org to send to: "ISA.Troop671BSA@troop671bsa.org", Status: Successfully sent!
Using ISA.Troop671BSA@Troop671BSA.org to send to: "advisor@crew671bsa.org", Status: Successfully sent!
Using ISA.Troop671BSA@Troop671BSA.org to send to: "carverrick@comcast.net", Status: Successfully sent!
Using ISA.Troop671BSA@Troop671BSA.org to send to: "jeffriesrg@sbcglobal.net", Status: Successfully sent!
Using ISA.Troop671BSA@Troop671BSA.org to send to: "rgpavletic@gmail.com", Status: Successfully sent!
========== Tuesday April 5, 2016 at 16:29:26 ==========
========== Tuesday April 5, 2016 at 16:29:31 ==========
Subject: re: Jake Smith's BSA TROOP 671 ISA ACCOUNT
Using ISA.Troop671BSA@Troop671BSA.org to send to: "weber.k.e@comcast.net", Status: Successfully sent!
Using ISA.Troop671BSA@Troop671BSA.org to send to: "ISA.Troop671BSA@troop671bsa.org", Status: Successfully sent!
Using ISA.Troop671BSA@Troop671BSA.org to send to: "advisor@crew671bsa.org", Status: Successfully sent!
Using ISA.Troop671BSA@Troop671BSA.org to send to: "carverrick@comcast.net", Status: Successfully sent!
Using ISA.Troop671BSA@Troop671BSA.org to send to: "jeffriesrg@sbcglobal.net", Status: Successfully sent!
Using ISA.Troop671BSA@Troop671BSA.org to send to: "rgpavletic@gmail.com", Status: Successfully sent!
========== Tuesday April 5, 2016 at 16:29:31 ==========
========== Tuesday April 5, 2016 at 16:29:35 ==========
Subject: re: Jake Smith's BSA TROOP 671 ISA ACCOUNT
Using ISA.Troop671BSA@Troop671BSA.org to send to: "weber.k.e@comcast.net", Status: Successfully sent!
Using ISA.Troop671BSA@Troop671BSA.org to send to: "ISA.Troop671BSA@troop671bsa.org", Status: Successfully sent!
Using ISA.Troop671BSA@Troop671BSA.org to send to: "advisor@crew671bsa.org", Status: Successfully sent!
Using ISA.Troop671BSA@Troop671BSA.org to send to: "carverrick@comcast.net", Status: Successfully sent!
Using ISA.Troop671BSA@Troop671BSA.org to send to: "jeffriesrg@sbcglobal.net", Status: Successfully sent!
Using ISA.Troop671BSA@Troop671BSA.org to send to: "rgpavletic@gmail.com", Status: Successfully sent!
========== Tuesday April 5, 2016 at 16:29:35 ==========
========== Thursday April 7, 2016 at 17:59:14 ==========
Subject: re: Liam Maag's BSA TROOP 671 ISA ACCOUNT
Using ISA.Troop671BSA@Troop671BSA.org to send to: "weber.k.e@comcast.net", Status: Successfully sent!
Using ISA.Troop671BSA@Troop671BSA.org to send to: "ISA.Troop671BSA@troop671bsa.org", Status: Successfully sent!
Using ISA.Troop671BSA@Troop671BSA.org to send to: "advisor@crew671bsa.org", Status: Successfully sent!
Using ISA.Troop671BSA@Troop671BSA.org to send to: "carverrick@comcast.net", Status: Successfully sent!
Using ISA.Troop671BSA@Troop671BSA.org to send to: "jeffriesrg@sbcglobal.net", Status: Successfully sent!
Using ISA.Troop671BSA@Troop671BSA.org to send to: "rgpavletic@gmail.com", Status: Successfully sent!
========== Thursday April 7, 2016 at 17:59:14 ==========
========== Tuesday April 19, 2016 at 6:16:57 ==========
Subject: re: Zach Thomas's BSA TROOP 671 ISA ACCOUNT
Using ISA.Troop671BSA@Troop671BSA.org to send to: "weber.k.e@comcast.net", Status: Successfully sent!
Using ISA.Troop671BSA@Troop671BSA.org to send to: "ISA.Troop671BSA@troop671bsa.org", Status: Successfully sent!
Using ISA.Troop671BSA@Troop671BSA.org to send to: "advisor@crew671bsa.org", Status: Successfully sent!
Using ISA.Troop671BSA@Troop671BSA.org to send to: "carverrick@comcast.net", Status: Successfully sent!
Using ISA.Troop671BSA@Troop671BSA.org to send to: "jeffriesrg@sbcglobal.net", Status: Successfully sent!
Using ISA.Troop671BSA@Troop671BSA.org to send to: "rgpavletic@gmail.com", Status: Successfully sent!
========== Tuesday April 19, 2016 at 6:16:57 ==========
========== Tuesday April 26, 2016 at 19:17:6 ==========
Subject: re: Daniel  Pawlak's BSA TROOP 671 ISA ACCOUNT
Using ISA.Troop671BSA@Troop671BSA.org to send to: "weber.k.e@comcast.net", Status: Successfully sent!
Using ISA.Troop671BSA@Troop671BSA.org to send to: "ISA.Troop671BSA@troop671bsa.org", Status: Successfully sent!
Using ISA.Troop671BSA@Troop671BSA.org to send to: "advisor@crew671bsa.org", Status: Successfully sent!
Using ISA.Troop671BSA@Troop671BSA.org to send to: "carverrick@comcast.net", Status: Successfully sent!
Using ISA.Troop671BSA@Troop671BSA.org to send to: "jeffriesrg@sbcglobal.net", Status: Successfully sent!
Using ISA.Troop671BSA@Troop671BSA.org to send to: "rgpavletic@gmail.com", Status: Successfully sent!
========== Tuesday April 26, 2016 at 19:17:6 ==========
========== Tuesday May 17, 2016 at 11:34:49 ==========
Subject: re: Nicholas Zblewski's BSA TROOP 671 ISA ACCOUNT
Using ISA.Troop671BSA@Troop671BSA.org to send to: "weber.k.e@comcast.net", Status: Successfully sent!
Using ISA.Troop671BSA@Troop671BSA.org to send to: "ISA.Troop671BSA@troop671bsa.org", Status: Successfully sent!
Using ISA.Troop671BSA@Troop671BSA.org to send to: "advisor@crew671bsa.org", Status: Successfully sent!
Using ISA.Troop671BSA@Troop671BSA.org to send to: "carverrick@comcast.net", Status: Successfully sent!
Using ISA.Troop671BSA@Troop671BSA.org to send to: "jeffriesrg@sbcglobal.net", Status: Successfully sent!
Using ISA.Troop671BSA@Troop671BSA.org to send to: "rgpavletic@gmail.com", Status: Successfully sent!
========== Tuesday May 17, 2016 at 11:34:49 ==========
========== Tuesday May 17, 2016 at 11:35:35 ==========
Subject: re: Nicholas Zblewski's BSA TROOP 671 ISA ACCOUNT
Using ISA.Troop671BSA@Troop671BSA.org to send to: "weber.k.e@comcast.net", Status: Successfully sent!
Using ISA.Troop671BSA@Troop671BSA.org to send to: "ISA.Troop671BSA@troop671bsa.org", Status: Successfully sent!
Using ISA.Troop671BSA@Troop671BSA.org to send to: "advisor@crew671bsa.org", Status: Successfully sent!
Using ISA.Troop671BSA@Troop671BSA.org to send to: "carverrick@comcast.net", Status: Successfully sent!
Using ISA.Troop671BSA@Troop671BSA.org to send to: "jeffriesrg@sbcglobal.net", Status: Successfully sent!
Using ISA.Troop671BSA@Troop671BSA.org to send to: "rgpavletic@gmail.com", Status: Successfully sent!
========== Tuesday May 17, 2016 at 11:35:35 ==========
========== Tuesday May 17, 2016 at 11:36:8 ==========
Subject: re: Nicholas Zblewski's BSA TROOP 671 ISA ACCOUNT
Using ISA.Troop671BSA@Troop671BSA.org to send to: "weber.k.e@comcast.net", Status: Successfully sent!
Using ISA.Troop671BSA@Troop671BSA.org to send to: "ISA.Troop671BSA@troop671bsa.org", Status: Successfully sent!
Using ISA.Troop671BSA@Troop671BSA.org to send to: "advisor@crew671bsa.org", Status: Successfully sent!
Using ISA.Troop671BSA@Troop671BSA.org to send to: "carverrick@comcast.net", Status: Successfully sent!
Using ISA.Troop671BSA@Troop671BSA.org to send to: "jeffriesrg@sbcglobal.net", Status: Successfully sent!
Using ISA.Troop671BSA@Troop671BSA.org to send to: "rgpavletic@gmail.com", Status: Successfully sent!
========== Tuesday May 17, 2016 at 11:36:8 ==========
========== Tuesday May 24, 2016 at 15:21:43 ==========
Subject: re: Jacob Adrian's BSA TROOP 671 ISA ACCOUNT
Using ISA.Troop671BSA@Troop671BSA.org to send to: "weber.k.e@comcast.net", Status: Successfully sent!
Using ISA.Troop671BSA@Troop671BSA.org to send to: "ISA.Troop671BSA@troop671bsa.org", Status: Successfully sent!
Using ISA.Troop671BSA@Troop671BSA.org to send to: "advisor@crew671bsa.org", Status: Successfully sent!
Using ISA.Troop671BSA@Troop671BSA.org to send to: "carverrick@comcast.net", Status: Successfully sent!
Using ISA.Troop671BSA@Troop671BSA.org to send to: "jeffriesrg@sbcglobal.net", Status: Successfully sent!
Using ISA.Troop671BSA@Troop671BSA.org to send to: "rgpavletic@gmail.com", Status: Successfully sent!
========== Tuesday May 24, 2016 at 15:21:43 ==========
========== Friday June 3, 2016 at 8:28:57 ==========
Subject: re: Patrick Naumann's BSA TROOP 671 ISA ACCOUNT
Using ISA.Troop671BSA@Troop671BSA.org to send to: "weber.k.e@comcast.net", Status: Successfully sent!
Using ISA.Troop671BSA@Troop671BSA.org to send to: "ISA.Troop671BSA@troop671bsa.org", Status: Successfully sent!
Using ISA.Troop671BSA@Troop671BSA.org to send to: "advisor@crew671bsa.org", Status: Successfully sent!
Using ISA.Troop671BSA@Troop671BSA.org to send to: "carverrick@comcast.net", Status: Successfully sent!
Using ISA.Troop671BSA@Troop671BSA.org to send to: "jeffriesrg@sbcglobal.net", Status: Successfully sent!
Using ISA.Troop671BSA@Troop671BSA.org to send to: "rgpavletic@gmail.com", Status: Successfully sent!
========== Friday June 3, 2016 at 8:28:57 ==========
========== Wednesday October 5, 2016 at 6:13:18 ==========
Subject: re: Chris DelVecchio's BSA TROOP 671 ISA ACCOUNT
Using ISA.Troop671BSA@Troop671BSA.org to send to: "weber.k.e@comcast.net", Status:  authentication failure [SMTP: Invalid response code received from server (code: 534, response: 5.7.14 <https://accounts.google.com/signin/continue?sarp=1&scc=1&plt=AKgnsbux
5.7.14 0sMvQ-zkQ2uPATkH70gvuHc4TzUegxBH-uV1lwgtWl3Jkgg-JO4JV1muhbH1YJ0I107YE-
5.7.14 BFBLdXMMPls3RJ3UqH5KilEe2oDi7UBZ4Sq2Gm8wXs9GgL0r3HcpXWwlGQUcYiMopUfEbw
5.7.14 en_yVPi3lJHw_9Eue6aE7vj6BPt8H1sP7rIS2hVcQCPEwW6U4QXgqCKgkTNABg4Z_gzqou
5.7.14 dgOcVtNRVOlhgDmWsrHDzWZjByeZQ> Please log in via your web browser and
5.7.14 then try again.
5.7.14  Learn more at
5.7.14  https://support.google.com/mail/answer/78754 s65sm3475425qkd.27 - gsmtp)]
Using ISA.Troop671BSA@Troop671BSA.org to send to: "ISA.Troop671BSA@troop671bsa.org", Status:  authentication failure [SMTP: Invalid response code received from server (code: 534, response: 5.7.14 <https://accounts.google.com/signin/continue?sarp=1&scc=1&plt=AKgnsbuL
5.7.14 uEooOrMsC64Rz1p6lfjOsqQswurcvD6HdaSvT7cnd1aO3G_7lZvMFgbsn6y1ZBkfqRHeEE
5.7.14 OTqSG9rRiQF-YJnH-zg55nfyaAShfUsgeMDPLYsboypZQXFcvJGmvcAN0pb8AbDmq4s-fU
5.7.14 CcZ3fmnjYppS7qXTCx6QXmoSXuxFIblCpe30n-XsKHxrxrFP_WRC31fI-tZzpuEBo35T0G
5.7.14 Qik0LHKWjzFMNRSffjmonzRPKMp9o> Please log in via your web browser and
5.7.14 then try again.
5.7.14  Learn more at
5.7.14  https://support.google.com/mail/answer/78754 r187sm3442153qkc.49 - gsmtp)]
Using ISA.Troop671BSA@Troop671BSA.org to send to: "advisor@crew671bsa.org", Status:  authentication failure [SMTP: Invalid response code received from server (code: 534, response: 5.7.14 <https://accounts.google.com/signin/continue?sarp=1&scc=1&plt=AKgnsbup
5.7.14 Tq4rPWJofLK2ULwXfAtNAD-bUvejyxSiZd2sGUh22g1ipUct4iffrawslFE7DP-7N9iNkL
5.7.14 8lPutNMAMDOvAhXfhRkxI7xra2IyjlwG0BCNhqmEUGrQzbVBN8Y_n55c_xoqkPajCMfV2v
5.7.14 ICnOyPOpGxXJuunNeueO9UlJ14vLVf5FdRSaJB5GdVLihhxZPR2Hc8pLWUt0UlqV5zltKC
5.7.14 zOu6Bk8A__DJvgqEdfxnrX5blZboY> Please log in via your web browser and
5.7.14 then try again.
5.7.14  Learn more at
5.7.14  https://support.google.com/mail/answer/78754 v10sm3487485qkg.20 - gsmtp)]
Using ISA.Troop671BSA@Troop671BSA.org to send to: "carverrick@comcast.net", Status:  authentication failure [SMTP: Invalid response code received from server (code: 534, response: 5.7.14 <https://accounts.google.com/signin/continue?sarp=1&scc=1&plt=AKgnsbsS
5.7.14 NtPH7mswrA6aqHxtkk4y2_eXU_nj9y3OlkrtZKJvrmVzWZ5LKVNzOhvlnOKR665TFJcMpi
5.7.14 Kj-UEcPgSSk7s8qzcv8x7BkL_JswjL4hFSF28IOnQvhQ6jXSaYUk7wDZumo6ABdkB-02nH
5.7.14 m3wX-hf3_oRHQsDkILDri6-ViU0lobX2VGqGAC_-Kr7PnXjmVHbpOy-b5ndvoxizsoyheW
5.7.14 reqL0-TUmr9J19Rb5i8b-6idAG5Ts> Please log in via your web browser and
5.7.14 then try again.
5.7.14  Learn more at
5.7.14  https://support.google.com/mail/answer/78754 x21sm3484204qkb.19 - gsmtp)]
Using ISA.Troop671BSA@Troop671BSA.org to send to: "jeffriesrg@sbcglobal.net", Status:  authentication failure [SMTP: Invalid response code received from server (code: 534, response: 5.7.14 <https://accounts.google.com/signin/continue?sarp=1&scc=1&plt=AKgnsbuJ
5.7.14 VNFGWFCu57IZ_-2NEdfekRT_1TNY7aD_uxQ770k089-_PCJ1xJR5uJNUvVVhcHMGptBgG7
5.7.14 6WuFwv2rLh4KCjRtetYulEYRH6d9NZtLrA9ZvSnxqgrHfPahJoReQbr5uSafX5Zi58k_RF
5.7.14 40lUi6vHyyOG5z-UUysOer7o0fmR_p0_pDNfWJ0B9kxv0xxrH-VWkeI4WduGW0Imss5jMB
5.7.14 rLSIL8GHvxZUbeLhBbQPjcZhMS5Ws> Please log in via your web browser and
5.7.14 then try again.
5.7.14  Learn more at
5.7.14  https://support.google.com/mail/answer/78754 j44sm20495457qtj.8 - gsmtp)]
Using ISA.Troop671BSA@Troop671BSA.org to send to: "rgpavletic@gmail.com", Status:  authentication failure [SMTP: Invalid response code received from server (code: 534, response: 5.7.14 <https://accounts.google.com/signin/continue?sarp=1&scc=1&plt=AKgnsbvl
5.7.14 Q-UgjMlXDkHRX24Eg7LrRftOOfTwUvnQJyhDaTTbgKJR-6ohfY6oW-QsmvG0WgpEkJ8WAp
5.7.14 orCKMTtNZaOpPqODsauBLQ4sG2CsNJUh9_H_rLLlO4vwoxwnEqRk18YbCm38PaZlzWqTAq
5.7.14 jHSKwfi6bviQaBxUwtOx2FDnmeb2Xc8_-o9TUAnKmXZT2LbFfs5g0EVd36ded0njwAzWd7
5.7.14 LsP_8r5hY4mU8Z8bJvvId5spTU3kI> Please log in via your web browser and
5.7.14 then try again.
5.7.14  Learn more at
5.7.14  https://support.google.com/mail/answer/78754 h14sm8945544qth.44 - gsmtp)]
========== Wednesday October 5, 2016 at 6:13:18 ==========
========== Wednesday October 5, 2016 at 9:6:6 ==========
Subject: re: Chris DelVecchio's BSA TROOP 671 ISA ACCOUNT
Using ISA.Troop671BSA@Troop671BSA.org to send to: "weber.k.e@comcast.net", Status: Successfully sent!
Using ISA.Troop671BSA@Troop671BSA.org to send to: "ISA.Troop671BSA@troop671bsa.org", Status: Successfully sent!
Using ISA.Troop671BSA@Troop671BSA.org to send to: "advisor@crew671bsa.org", Status: Successfully sent!
Using ISA.Troop671BSA@Troop671BSA.org to send to: "carverrick@comcast.net", Status: Successfully sent!
Using ISA.Troop671BSA@Troop671BSA.org to send to: "jeffriesrg@sbcglobal.net", Status: Successfully sent!
Using ISA.Troop671BSA@Troop671BSA.org to send to: "rgpavletic@gmail.com", Status: Successfully sent!
========== Wednesday October 5, 2016 at 9:6:6 ==========
========== Wednesday October 12, 2016 at 13:56:41 ==========
Subject: re: Chris DelVecchio's BSA TROOP 671 ISA ACCOUNT
Using ISA.Troop671BSA@Troop671BSA.org to send to: "weber.k.e@comcast.net", Status: Successfully sent!
Using ISA.Troop671BSA@Troop671BSA.org to send to: "ISA.Troop671BSA@troop671bsa.org", Status: Successfully sent!
Using ISA.Troop671BSA@Troop671BSA.org to send to: "advisor@crew671bsa.org", Status: Successfully sent!
Using ISA.Troop671BSA@Troop671BSA.org to send to: "carverrick@comcast.net", Status: Successfully sent!
Using ISA.Troop671BSA@Troop671BSA.org to send to: "jeffriesrg@sbcglobal.net", Status: Successfully sent!
Using ISA.Troop671BSA@Troop671BSA.org to send to: "rgpavletic@gmail.com", Status: Successfully sent!
========== Wednesday October 12, 2016 at 13:56:41 ==========
========== Tuesday October 18, 2016 at 16:5:44 ==========
Subject: re: Daniel  Pawlak's BSA TROOP 671 ISA ACCOUNT
Using ISA.Troop671BSA@Troop671BSA.org to send to: "weber.k.e@comcast.net", Status: Successfully sent!
Using ISA.Troop671BSA@Troop671BSA.org to send to: "ISA.Troop671BSA@troop671bsa.org", Status: Successfully sent!
Using ISA.Troop671BSA@Troop671BSA.org to send to: "advisor@crew671bsa.org", Status: Successfully sent!
Using ISA.Troop671BSA@Troop671BSA.org to send to: "carverrick@comcast.net", Status: Successfully sent!
Using ISA.Troop671BSA@Troop671BSA.org to send to: "jeffriesrg@sbcglobal.net", Status: Successfully sent!
Using ISA.Troop671BSA@Troop671BSA.org to send to: "rgpavletic@gmail.com", Status: Successfully sent!
========== Tuesday October 18, 2016 at 16:5:44 ==========
========== Tuesday November 1, 2016 at 6:9:7 ==========
Subject: re: Andrew Miller's BSA TROOP 671 ISA ACCOUNT
Using ISA.Troop671BSA@Troop671BSA.org to send to: "weber.k.e@comcast.net", Status: Successfully sent!
Using ISA.Troop671BSA@Troop671BSA.org to send to: "ISA.Troop671BSA@troop671bsa.org", Status: Successfully sent!
Using ISA.Troop671BSA@Troop671BSA.org to send to: "advisor@crew671bsa.org", Status: Successfully sent!
Using ISA.Troop671BSA@Troop671BSA.org to send to: "carverrick@comcast.net", Status: Successfully sent!
Using ISA.Troop671BSA@Troop671BSA.org to send to: "jeffriesrg@sbcglobal.net", Status: Successfully sent!
Using ISA.Troop671BSA@Troop671BSA.org to send to: "rgpavletic@gmail.com", Status: Successfully sent!
========== Tuesday November 1, 2016 at 6:9:7 ==========
========== Tuesday November 1, 2016 at 12:57:27 ==========
Subject: re: Nicholas Zblewski's BSA TROOP 671 ISA ACCOUNT
Using ISA.Troop671BSA@Troop671BSA.org to send to: "weber.k.e@comcast.net", Status: Successfully sent!
Using ISA.Troop671BSA@Troop671BSA.org to send to: "ISA.Troop671BSA@troop671bsa.org", Status: Successfully sent!
Using ISA.Troop671BSA@Troop671BSA.org to send to: "advisor@crew671bsa.org", Status: Successfully sent!
Using ISA.Troop671BSA@Troop671BSA.org to send to: "carverrick@comcast.net", Status: Successfully sent!
Using ISA.Troop671BSA@Troop671BSA.org to send to: "jeffriesrg@sbcglobal.net", Status: Successfully sent!
Using ISA.Troop671BSA@Troop671BSA.org to send to: "rgpavletic@gmail.com", Status: Successfully sent!
========== Tuesday November 1, 2016 at 12:57:27 ==========
========== Tuesday November 1, 2016 at 14:58:13 ==========
Subject: re: Jonathan Roeck's BSA TROOP 671 ISA ACCOUNT
Using ISA.Troop671BSA@Troop671BSA.org to send to: "weber.k.e@comcast.net", Status: Successfully sent!
Using ISA.Troop671BSA@Troop671BSA.org to send to: "ISA.Troop671BSA@troop671bsa.org", Status: Successfully sent!
Using ISA.Troop671BSA@Troop671BSA.org to send to: "advisor@crew671bsa.org", Status: Successfully sent!
Using ISA.Troop671BSA@Troop671BSA.org to send to: "carverrick@comcast.net", Status: Successfully sent!
Using ISA.Troop671BSA@Troop671BSA.org to send to: "jeffriesrg@sbcglobal.net", Status: Successfully sent!
Using ISA.Troop671BSA@Troop671BSA.org to send to: "rgpavletic@gmail.com", Status: Successfully sent!
========== Tuesday November 1, 2016 at 14:58:13 ==========
========== Tuesday November 1, 2016 at 16:20:25 ==========
Subject: re: Daniel  Pawlak's BSA TROOP 671 ISA ACCOUNT
Using ISA.Troop671BSA@Troop671BSA.org to send to: "weber.k.e@comcast.net", Status: Successfully sent!
Using ISA.Troop671BSA@Troop671BSA.org to send to: "ISA.Troop671BSA@troop671bsa.org", Status: Successfully sent!
Using ISA.Troop671BSA@Troop671BSA.org to send to: "advisor@crew671bsa.org", Status: Successfully sent!
Using ISA.Troop671BSA@Troop671BSA.org to send to: "carverrick@comcast.net", Status: Successfully sent!
Using ISA.Troop671BSA@Troop671BSA.org to send to: "jeffriesrg@sbcglobal.net", Status: Successfully sent!
Using ISA.Troop671BSA@Troop671BSA.org to send to: "rgpavletic@gmail.com", Status: Successfully sent!
========== Tuesday November 1, 2016 at 16:20:25 ==========
========== Tuesday November 15, 2016 at 5:47:18 ==========
Subject: re: William Jeffries's BSA TROOP 671 ISA ACCOUNT
Using ISA.Troop671BSA@Troop671BSA.org to send to: "weber.k.e@comcast.net", Status: Successfully sent!
Using ISA.Troop671BSA@Troop671BSA.org to send to: "ISA.Troop671BSA@troop671bsa.org", Status: Successfully sent!
Using ISA.Troop671BSA@Troop671BSA.org to send to: "advisor@crew671bsa.org", Status: Successfully sent!
Using ISA.Troop671BSA@Troop671BSA.org to send to: "carverrick@comcast.net", Status: Successfully sent!
Using ISA.Troop671BSA@Troop671BSA.org to send to: "jeffriesrg@sbcglobal.net", Status: Successfully sent!
Using ISA.Troop671BSA@Troop671BSA.org to send to: "rgpavletic@gmail.com", Status: Successfully sent!
========== Tuesday November 15, 2016 at 5:47:18 ==========
========== Tuesday November 15, 2016 at 5:49:39 ==========
Subject: re: William Jeffries's BSA TROOP 671 ISA ACCOUNT
Using ISA.Troop671BSA@Troop671BSA.org to send to: "weber.k.e@comcast.net", Status: Successfully sent!
Using ISA.Troop671BSA@Troop671BSA.org to send to: "ISA.Troop671BSA@troop671bsa.org", Status: Successfully sent!
Using ISA.Troop671BSA@Troop671BSA.org to send to: "advisor@crew671bsa.org", Status: Successfully sent!
Using ISA.Troop671BSA@Troop671BSA.org to send to: "carverrick@comcast.net", Status: Successfully sent!
Using ISA.Troop671BSA@Troop671BSA.org to send to: "jeffriesrg@sbcglobal.net", Status: Successfully sent!
Using ISA.Troop671BSA@Troop671BSA.org to send to: "rgpavletic@gmail.com", Status: Successfully sent!
========== Tuesday November 15, 2016 at 5:49:39 ==========
========== Tuesday November 15, 2016 at 15:58:18 ==========
Subject: re: Johnathan Kellogg's BSA TROOP 671 ISA ACCOUNT
Using ISA.Troop671BSA@Troop671BSA.org to send to: "weber.k.e@comcast.net", Status: Successfully sent!
Using ISA.Troop671BSA@Troop671BSA.org to send to: "ISA.Troop671BSA@troop671bsa.org", Status: Successfully sent!
Using ISA.Troop671BSA@Troop671BSA.org to send to: "advisor@crew671bsa.org", Status: Successfully sent!
Using ISA.Troop671BSA@Troop671BSA.org to send to: "carverrick@comcast.net", Status: Successfully sent!
Using ISA.Troop671BSA@Troop671BSA.org to send to: "jeffriesrg@sbcglobal.net", Status: Successfully sent!
Using ISA.Troop671BSA@Troop671BSA.org to send to: "rgpavletic@gmail.com", Status: Successfully sent!
========== Tuesday November 15, 2016 at 15:58:18 ==========
========== Tuesday November 15, 2016 at 18:54:31 ==========
Subject: re: William Jeffries's BSA TROOP 671 ISA ACCOUNT
Using ISA.Troop671BSA@Troop671BSA.org to send to: "weber.k.e@comcast.net", Status: Successfully sent!
Using ISA.Troop671BSA@Troop671BSA.org to send to: "ISA.Troop671BSA@troop671bsa.org", Status: Successfully sent!
Using ISA.Troop671BSA@Troop671BSA.org to send to: "advisor@crew671bsa.org", Status: Successfully sent!
Using ISA.Troop671BSA@Troop671BSA.org to send to: "carverrick@comcast.net", Status: Successfully sent!
Using ISA.Troop671BSA@Troop671BSA.org to send to: "jeffriesrg@sbcglobal.net", Status: Successfully sent!
Using ISA.Troop671BSA@Troop671BSA.org to send to: "rgpavletic@gmail.com", Status: Successfully sent!
========== Tuesday November 15, 2016 at 18:54:31 ==========
========== Monday November 28, 2016 at 7:49:58 ==========
Subject: re: Chris DelVecchio's BSA TROOP 671 ISA ACCOUNT
Using ISA.Troop671BSA@Troop671BSA.org to send to: "weber.k.e@comcast.net", Status: Successfully sent!
Using ISA.Troop671BSA@Troop671BSA.org to send to: "ISA.Troop671BSA@troop671bsa.org", Status: Successfully sent!
Using ISA.Troop671BSA@Troop671BSA.org to send to: "advisor@crew671bsa.org", Status: Successfully sent!
Using ISA.Troop671BSA@Troop671BSA.org to send to: "carverrick@comcast.net", Status: Successfully sent!
Using ISA.Troop671BSA@Troop671BSA.org to send to: "jeffriesrg@sbcglobal.net", Status: Successfully sent!
========== Monday November 28, 2016 at 7:50:37 ==========
Subject: re: Chris DelVecchio's BSA TROOP 671 ISA ACCOUNT
Using ISA.Troop671BSA@Troop671BSA.org to send to: "weber.k.e@comcast.net", Status: Successfully sent!
Using ISA.Troop671BSA@Troop671BSA.org to send to: "ISA.Troop671BSA@troop671bsa.org", Status: Successfully sent!
Using ISA.Troop671BSA@Troop671BSA.org to send to: "advisor@crew671bsa.org", Status: Successfully sent!
Using ISA.Troop671BSA@Troop671BSA.org to send to: "carverrick@comcast.net", Status: Successfully sent!
Using ISA.Troop671BSA@Troop671BSA.org to send to: "jeffriesrg@sbcglobal.net", Status: Successfully sent!
Using ISA.Troop671BSA@Troop671BSA.org to send to: "rgpavletic@gmail.com", Status: Successfully sent!
========== Monday November 28, 2016 at 7:50:37 ==========
========== Tuesday December 6, 2016 at 19:23:33 ==========
Subject: re: Alex Osterman's BSA TROOP 671 ISA ACCOUNT
Using ISA.Troop671BSA@Troop671BSA.org to send to: "weber.k.e@comcast.net", Status: Successfully sent!
Using ISA.Troop671BSA@Troop671BSA.org to send to: "ISA.Troop671BSA@troop671bsa.org", Status: Successfully sent!
Using ISA.Troop671BSA@Troop671BSA.org to send to: "advisor@crew671bsa.org", Status: Successfully sent!
Using ISA.Troop671BSA@Troop671BSA.org to send to: "carverrick@comcast.net", Status: Successfully sent!
Using ISA.Troop671BSA@Troop671BSA.org to send to: "jeffriesrg@sbcglobal.net", Status: Successfully sent!
Using ISA.Troop671BSA@Troop671BSA.org to send to: "rgpavletic@gmail.com", Status: Successfully sent!
========== Tuesday December 6, 2016 at 19:23:33 ==========
========== Tuesday January 17, 2017 at 16:45:49 ==========
Subject: re: Christian Grams's BSA TROOP 671 ISA ACCOUNT
Using ISA.Troop671BSA@Troop671BSA.org to send to: "weber.k.e@comcast.net", Status: Successfully sent!
Using ISA.Troop671BSA@Troop671BSA.org to send to: "ISA.Troop671BSA@troop671bsa.org", Status: Successfully sent!
Using ISA.Troop671BSA@Troop671BSA.org to send to: "advisor@crew671bsa.org", Status: Successfully sent!
Using ISA.Troop671BSA@Troop671BSA.org to send to: "carverrick@comcast.net", Status: Successfully sent!
Using ISA.Troop671BSA@Troop671BSA.org to send to: "jeffriesrg@sbcglobal.net", Status: Successfully sent!
Using ISA.Troop671BSA@Troop671BSA.org to send to: "rgpavletic@gmail.com", Status: Successfully sent!
========== Tuesday January 17, 2017 at 16:45:49 ==========
========== Tuesday January 17, 2017 at 16:45:53 ==========
Subject: re: Christian Grams's BSA TROOP 671 ISA ACCOUNT
Using ISA.Troop671BSA@Troop671BSA.org to send to: "weber.k.e@comcast.net", Status: Successfully sent!
Using ISA.Troop671BSA@Troop671BSA.org to send to: "ISA.Troop671BSA@troop671bsa.org", Status: Successfully sent!
Using ISA.Troop671BSA@Troop671BSA.org to send to: "advisor@crew671bsa.org", Status: Successfully sent!
Using ISA.Troop671BSA@Troop671BSA.org to send to: "carverrick@comcast.net", Status: Successfully sent!
Using ISA.Troop671BSA@Troop671BSA.org to send to: "jeffriesrg@sbcglobal.net", Status: Successfully sent!
Using ISA.Troop671BSA@Troop671BSA.org to send to: "rgpavletic@gmail.com", Status: Successfully sent!
========== Tuesday January 17, 2017 at 16:45:53 ==========
========== Tuesday January 17, 2017 at 16:47:11 ==========
Subject: re: Christian Grams's BSA TROOP 671 ISA ACCOUNT
Using ISA.Troop671BSA@Troop671BSA.org to send to: "weber.k.e@comcast.net", Status: Successfully sent!
Using ISA.Troop671BSA@Troop671BSA.org to send to: "ISA.Troop671BSA@troop671bsa.org", Status: Successfully sent!
Using ISA.Troop671BSA@Troop671BSA.org to send to: "advisor@crew671bsa.org", Status: Successfully sent!
Using ISA.Troop671BSA@Troop671BSA.org to send to: "carverrick@comcast.net", Status: Successfully sent!
Using ISA.Troop671BSA@Troop671BSA.org to send to: "jeffriesrg@sbcglobal.net", Status: Successfully sent!
Using ISA.Troop671BSA@Troop671BSA.org to send to: "rgpavletic@gmail.com", Status: Successfully sent!
========== Tuesday January 17, 2017 at 16:47:11 ==========
========== Wednesday January 25, 2017 at 19:48:42 ==========
Subject: re: Dylan Richards's BSA TROOP 671 ISA ACCOUNT
Using ISA.Troop671BSA@Troop671BSA.org to send to: "weber.k.e@comcast.net", Status: Successfully sent!
Using ISA.Troop671BSA@Troop671BSA.org to send to: "ISA.Troop671BSA@troop671bsa.org", Status: Successfully sent!
Using ISA.Troop671BSA@Troop671BSA.org to send to: "advisor@crew671bsa.org", Status: Successfully sent!
Using ISA.Troop671BSA@Troop671BSA.org to send to: "carverrick@comcast.net", Status: Successfully sent!
Using ISA.Troop671BSA@Troop671BSA.org to send to: "jeffriesrg@sbcglobal.net", Status: Successfully sent!
Using ISA.Troop671BSA@Troop671BSA.org to send to: "rgpavletic@gmail.com", Status: Successfully sent!
========== Wednesday January 25, 2017 at 19:48:42 ==========
========== Friday January 27, 2017 at 16:6:28 ==========
Subject: re: Andrew Miller's BSA TROOP 671 ISA ACCOUNT
Using ISA.Troop671BSA@Troop671BSA.org to send to: "weber.k.e@comcast.net", Status: Successfully sent!
Using ISA.Troop671BSA@Troop671BSA.org to send to: "ISA.Troop671BSA@troop671bsa.org", Status: Successfully sent!
Using ISA.Troop671BSA@Troop671BSA.org to send to: "advisor@crew671bsa.org", Status: Successfully sent!
Using ISA.Troop671BSA@Troop671BSA.org to send to: "carverrick@comcast.net", Status: Successfully sent!
Using ISA.Troop671BSA@Troop671BSA.org to send to: "jeffriesrg@sbcglobal.net", Status: Successfully sent!
Using ISA.Troop671BSA@Troop671BSA.org to send to: "rgpavletic@gmail.com", Status: Successfully sent!
========== Friday January 27, 2017 at 16:6:28 ==========
========== Tuesday February 14, 2017 at 15:11:30 ==========
Subject: re: Jacob Adrian's BSA TROOP 671 ISA ACCOUNT
Using ISA.Troop671BSA@Troop671BSA.org to send to: "weber.k.e@comcast.net", Status: Successfully sent!
Using ISA.Troop671BSA@Troop671BSA.org to send to: "ISA.Troop671BSA@troop671bsa.org", Status: Successfully sent!
Using ISA.Troop671BSA@Troop671BSA.org to send to: "advisor@crew671bsa.org", Status: Successfully sent!
Using ISA.Troop671BSA@Troop671BSA.org to send to: "carverrick@comcast.net", Status: Successfully sent!
Using ISA.Troop671BSA@Troop671BSA.org to send to: "jeffriesrg@sbcglobal.net", Status: Successfully sent!
Using ISA.Troop671BSA@Troop671BSA.org to send to: "rgpavletic@gmail.com", Status: Successfully sent!
========== Tuesday February 14, 2017 at 15:11:30 ==========
========== Tuesday February 14, 2017 at 15:14:11 ==========
Subject: re: Noah Adrian's BSA TROOP 671 ISA ACCOUNT
Using ISA.Troop671BSA@Troop671BSA.org to send to: "weber.k.e@comcast.net", Status: Successfully sent!
Using ISA.Troop671BSA@Troop671BSA.org to send to: "ISA.Troop671BSA@troop671bsa.org", Status: Successfully sent!
Using ISA.Troop671BSA@Troop671BSA.org to send to: "advisor@crew671bsa.org", Status: Successfully sent!
Using ISA.Troop671BSA@Troop671BSA.org to send to: "carverrick@comcast.net", Status: Successfully sent!
Using ISA.Troop671BSA@Troop671BSA.org to send to: "jeffriesrg@sbcglobal.net", Status: Successfully sent!
Using ISA.Troop671BSA@Troop671BSA.org to send to: "rgpavletic@gmail.com", Status: Successfully sent!
========== Tuesday February 14, 2017 at 15:14:11 ==========
========== Friday March 10, 2017 at 14:52:22 ==========
Subject: re: Justin Shamberg's BSA TROOP 671 ISA ACCOUNT
Using ISA.Troop671BSA@Troop671BSA.org to send to: "weber.k.e@comcast.net", Status: Successfully sent!
Using ISA.Troop671BSA@Troop671BSA.org to send to: "ISA.Troop671BSA@troop671bsa.org", Status: Successfully sent!
Using ISA.Troop671BSA@Troop671BSA.org to send to: "advisor@crew671bsa.org", Status: Successfully sent!
Using ISA.Troop671BSA@Troop671BSA.org to send to: "carverrick@comcast.net", Status: Successfully sent!
Using ISA.Troop671BSA@Troop671BSA.org to send to: "jeffriesrg@sbcglobal.net", Status: Successfully sent!
Using ISA.Troop671BSA@Troop671BSA.org to send to: "rgpavletic@gmail.com", Status: Successfully sent!
========== Friday March 10, 2017 at 14:52:22 ==========
========== Tuesday April 4, 2017 at 16:25:36 ==========
Subject: re: Jack Pawlak's BSA TROOP 671 ISA ACCOUNT
Using ISA.Troop671BSA@Troop671BSA.org to send to: "weber.k.e@comcast.net", Status: Successfully sent!
Using ISA.Troop671BSA@Troop671BSA.org to send to: "ISA.Troop671BSA@troop671bsa.org", Status: Successfully sent!
Using ISA.Troop671BSA@Troop671BSA.org to send to: "advisor@crew671bsa.org", Status: Successfully sent!
Using ISA.Troop671BSA@Troop671BSA.org to send to: "carverrick@comcast.net", Status: Successfully sent!
Using ISA.Troop671BSA@Troop671BSA.org to send to: "jeffriesrg@sbcglobal.net", Status: Successfully sent!
Using ISA.Troop671BSA@Troop671BSA.org to send to: "rgpavletic@gmail.com", Status: Successfully sent!
========== Tuesday April 4, 2017 at 16:25:36 ==========
========== Tuesday April 4, 2017 at 16:26:11 ==========
Subject: re: Daniel  Pawlak's BSA TROOP 671 ISA ACCOUNT
Using ISA.Troop671BSA@Troop671BSA.org to send to: "weber.k.e@comcast.net", Status: Successfully sent!
Using ISA.Troop671BSA@Troop671BSA.org to send to: "ISA.Troop671BSA@troop671bsa.org", Status: Successfully sent!
Using ISA.Troop671BSA@Troop671BSA.org to send to: "advisor@crew671bsa.org", Status: Successfully sent!
Using ISA.Troop671BSA@Troop671BSA.org to send to: "carverrick@comcast.net", Status: Successfully sent!
Using ISA.Troop671BSA@Troop671BSA.org to send to: "jeffriesrg@sbcglobal.net", Status: Successfully sent!
Using ISA.Troop671BSA@Troop671BSA.org to send to: "rgpavletic@gmail.com", Status: Successfully sent!
========== Tuesday April 4, 2017 at 16:26:11 ==========
========== Tuesday April 11, 2017 at 19:22:13 ==========
Subject: re: James Silvasy's BSA TROOP 671 ISA ACCOUNT
Using ISA.Troop671BSA@Troop671BSA.org to send to: "weber.k.e@comcast.net", Status: Successfully sent!
Using ISA.Troop671BSA@Troop671BSA.org to send to: "ISA.Troop671BSA@troop671bsa.org", Status: Successfully sent!
Using ISA.Troop671BSA@Troop671BSA.org to send to: "advisor@crew671bsa.org", Status: Successfully sent!
Using ISA.Troop671BSA@Troop671BSA.org to send to: "carverrick@comcast.net", Status: Successfully sent!
Using ISA.Troop671BSA@Troop671BSA.org to send to: "jeffriesrg@sbcglobal.net", Status: Successfully sent!
Using ISA.Troop671BSA@Troop671BSA.org to send to: "rgpavletic@gmail.com", Status: Successfully sent!
========== Tuesday April 11, 2017 at 19:22:13 ==========
========== Monday May 8, 2017 at 18:40:12 ==========
Subject: re: Johnathan Kellogg's BSA TROOP 671 ISA ACCOUNT
Using ISA.Troop671BSA@Troop671BSA.org to send to: "weber.k.e@comcast.net", Status: Successfully sent!
Using ISA.Troop671BSA@Troop671BSA.org to send to: "ISA.Troop671BSA@troop671bsa.org", Status: Successfully sent!
Using ISA.Troop671BSA@Troop671BSA.org to send to: "advisor@crew671bsa.org", Status: Successfully sent!
Using ISA.Troop671BSA@Troop671BSA.org to send to: "carverrick@comcast.net", Status: Successfully sent!
Using ISA.Troop671BSA@Troop671BSA.org to send to: "jeffriesrg@sbcglobal.net", Status: Successfully sent!
Using ISA.Troop671BSA@Troop671BSA.org to send to: "rgpavletic@gmail.com", Status: Successfully sent!
========== Monday May 8, 2017 at 18:40:12 ==========
========== Monday May 8, 2017 at 18:40:22 ==========
Subject: re: Johnathan Kellogg's BSA TROOP 671 ISA ACCOUNT
Using ISA.Troop671BSA@Troop671BSA.org to send to: "weber.k.e@comcast.net", Status: Successfully sent!
Using ISA.Troop671BSA@Troop671BSA.org to send to: "ISA.Troop671BSA@troop671bsa.org", Status: Successfully sent!
Using ISA.Troop671BSA@Troop671BSA.org to send to: "advisor@crew671bsa.org", Status: Successfully sent!
Using ISA.Troop671BSA@Troop671BSA.org to send to: "carverrick@comcast.net", Status: Successfully sent!
Using ISA.Troop671BSA@Troop671BSA.org to send to: "jeffriesrg@sbcglobal.net", Status: Successfully sent!
Using ISA.Troop671BSA@Troop671BSA.org to send to: "rgpavletic@gmail.com", Status: Successfully sent!
========== Monday May 8, 2017 at 18:40:22 ==========
========== Monday May 22, 2017 at 16:42:53 ==========
Subject: re: Martin Stumpf's BSA TROOP 671 ISA ACCOUNT
Using ISA.Troop671BSA@Troop671BSA.org to send to: "weber.k.e@comcast.net", Status: Successfully sent!
Using ISA.Troop671BSA@Troop671BSA.org to send to: "ISA.Troop671BSA@troop671bsa.org", Status: Successfully sent!
Using ISA.Troop671BSA@Troop671BSA.org to send to: "advisor@crew671bsa.org", Status: Successfully sent!
Using ISA.Troop671BSA@Troop671BSA.org to send to: "carverrick@comcast.net", Status: Successfully sent!
Using ISA.Troop671BSA@Troop671BSA.org to send to: "jeffriesrg@sbcglobal.net", Status: Successfully sent!
Using ISA.Troop671BSA@Troop671BSA.org to send to: "rgpavletic@gmail.com", Status: Successfully sent!
========== Monday May 22, 2017 at 16:42:53 ==========
========== Wednesday May 31, 2017 at 20:1:42 ==========
Subject: re: Daniel  Pawlak's BSA TROOP 671 ISA ACCOUNT
Using ISA.Troop671BSA@Troop671BSA.org to send to: "weber.k.e@comcast.net", Status: Successfully sent!
Using ISA.Troop671BSA@Troop671BSA.org to send to: "ISA.Troop671BSA@troop671bsa.org", Status: Successfully sent!
Using ISA.Troop671BSA@Troop671BSA.org to send to: "advisor@crew671bsa.org", Status: Successfully sent!
Using ISA.Troop671BSA@Troop671BSA.org to send to: "carverrick@comcast.net", Status: Successfully sent!
Using ISA.Troop671BSA@Troop671BSA.org to send to: "jeffriesrg@sbcglobal.net", Status: Successfully sent!
Using ISA.Troop671BSA@Troop671BSA.org to send to: "rgpavletic@gmail.com", Status: Successfully sent!
========== Wednesday May 31, 2017 at 20:1:42 ==========
========== Wednesday May 31, 2017 at 20:2:31 ==========
Subject: re: Jack Pawlak's BSA TROOP 671 ISA ACCOUNT
Using ISA.Troop671BSA@Troop671BSA.org to send to: "weber.k.e@comcast.net", Status: Successfully sent!
Using ISA.Troop671BSA@Troop671BSA.org to send to: "ISA.Troop671BSA@troop671bsa.org", Status: Successfully sent!
Using ISA.Troop671BSA@Troop671BSA.org to send to: "advisor@crew671bsa.org", Status: Successfully sent!
Using ISA.Troop671BSA@Troop671BSA.org to send to: "carverrick@comcast.net", Status: Successfully sent!
Using ISA.Troop671BSA@Troop671BSA.org to send to: "jeffriesrg@sbcglobal.net", Status: Successfully sent!
Using ISA.Troop671BSA@Troop671BSA.org to send to: "rgpavletic@gmail.com", Status: Successfully sent!
========== Wednesday May 31, 2017 at 20:2:31 ==========
========== Friday June 9, 2017 at 13:39:51 ==========
Subject: re: Zach Thomas's BSA TROOP 671 ISA ACCOUNT
Using ISA.Troop671BSA@Troop671BSA.org to send to: "weber.k.e@comcast.net", Status: Successfully sent!
Using ISA.Troop671BSA@Troop671BSA.org to send to: "ISA.Troop671BSA@troop671bsa.org", Status: Successfully sent!
Using ISA.Troop671BSA@Troop671BSA.org to send to: "advisor@crew671bsa.org", Status: Successfully sent!
Using ISA.Troop671BSA@Troop671BSA.org to send to: "carverrick@comcast.net", Status: Successfully sent!
Using ISA.Troop671BSA@Troop671BSA.org to send to: "jeffriesrg@sbcglobal.net", Status: Successfully sent!
Using ISA.Troop671BSA@Troop671BSA.org to send to: "rgpavletic@gmail.com", Status: Successfully sent!
========== Friday June 9, 2017 at 13:39:51 ==========
========== Friday June 9, 2017 at 13:39:58 ==========
Subject: re: Zach Thomas's BSA TROOP 671 ISA ACCOUNT
Using ISA.Troop671BSA@Troop671BSA.org to send to: "weber.k.e@comcast.net", Status: Successfully sent!
Using ISA.Troop671BSA@Troop671BSA.org to send to: "ISA.Troop671BSA@troop671bsa.org", Status: Successfully sent!
Using ISA.Troop671BSA@Troop671BSA.org to send to: "advisor@crew671bsa.org", Status: Successfully sent!
Using ISA.Troop671BSA@Troop671BSA.org to send to: "carverrick@comcast.net", Status: Successfully sent!
Using ISA.Troop671BSA@Troop671BSA.org to send to: "jeffriesrg@sbcglobal.net", Status: Successfully sent!
Using ISA.Troop671BSA@Troop671BSA.org to send to: "rgpavletic@gmail.com", Status: Successfully sent!
========== Friday June 9, 2017 at 13:39:58 ==========
========== Friday June 23, 2017 at 0:1:48 ==========
Subject: re: Jack Pawlak's BSA TROOP 671 ISA ACCOUNT
Using ISA.Troop671BSA@Troop671BSA.org to send to: "weber.k.e@comcast.net", Status: Successfully sent!
Using ISA.Troop671BSA@Troop671BSA.org to send to: "ISA.Troop671BSA@troop671bsa.org", Status: Successfully sent!
Using ISA.Troop671BSA@Troop671BSA.org to send to: "advisor@crew671bsa.org", Status: Successfully sent!
Using ISA.Troop671BSA@Troop671BSA.org to send to: "carverrick@comcast.net", Status: Successfully sent!
Using ISA.Troop671BSA@Troop671BSA.org to send to: "jeffriesrg@sbcglobal.net", Status: Successfully sent!
Using ISA.Troop671BSA@Troop671BSA.org to send to: "rgpavletic@gmail.com", Status: Successfully sent!
========== Friday June 23, 2017 at 0:1:48 ==========
========== Friday June 23, 2017 at 0:3:41 ==========
Subject: re: Daniel  Pawlak's BSA TROOP 671 ISA ACCOUNT
Using ISA.Troop671BSA@Troop671BSA.org to send to: "weber.k.e@comcast.net", Status: Successfully sent!
Using ISA.Troop671BSA@Troop671BSA.org to send to: "ISA.Troop671BSA@troop671bsa.org", Status: Successfully sent!
Using ISA.Troop671BSA@Troop671BSA.org to send to: "advisor@crew671bsa.org", Status: Successfully sent!
Using ISA.Troop671BSA@Troop671BSA.org to send to: "carverrick@comcast.net", Status: Successfully sent!
Using ISA.Troop671BSA@Troop671BSA.org to send to: "jeffriesrg@sbcglobal.net", Status: Successfully sent!
Using ISA.Troop671BSA@Troop671BSA.org to send to: "rgpavletic@gmail.com", Status: Successfully sent!
========== Friday June 23, 2017 at 0:3:41 ==========
========== Thursday July 13, 2017 at 15:48:46 ==========
Subject: re: Justin Shamberg's BSA TROOP 671 ISA ACCOUNT
Using ISA.Troop671BSA@Troop671BSA.org to send to: "weber.k.e@comcast.net", Status: Successfully sent!
Using ISA.Troop671BSA@Troop671BSA.org to send to: "ISA.Troop671BSA@troop671bsa.org", Status: Successfully sent!
Using ISA.Troop671BSA@Troop671BSA.org to send to: "advisor@crew671bsa.org", Status: Successfully sent!
Using ISA.Troop671BSA@Troop671BSA.org to send to: "carverrick@comcast.net", Status: Successfully sent!
Using ISA.Troop671BSA@Troop671BSA.org to send to: "jeffriesrg@sbcglobal.net", Status: Successfully sent!
Using ISA.Troop671BSA@Troop671BSA.org to send to: "rgpavletic@gmail.com", Status: Successfully sent!
========== Thursday July 13, 2017 at 15:48:46 ==========
========== Thursday July 13, 2017 at 15:48:53 ==========
Subject: re: Justin Shamberg's BSA TROOP 671 ISA ACCOUNT
Using ISA.Troop671BSA@Troop671BSA.org to send to: "weber.k.e@comcast.net", Status: Successfully sent!
Using ISA.Troop671BSA@Troop671BSA.org to send to: "ISA.Troop671BSA@troop671bsa.org", Status: Successfully sent!
Using ISA.Troop671BSA@Troop671BSA.org to send to: "advisor@crew671bsa.org", Status: Successfully sent!
Using ISA.Troop671BSA@Troop671BSA.org to send to: "carverrick@comcast.net", Status: Successfully sent!
Using ISA.Troop671BSA@Troop671BSA.org to send to: "jeffriesrg@sbcglobal.net", Status: Successfully sent!
Using ISA.Troop671BSA@Troop671BSA.org to send to: "rgpavletic@gmail.com", Status: Successfully sent!
========== Thursday July 13, 2017 at 15:48:53 ==========
========== Thursday July 13, 2017 at 15:49:0 ==========
Subject: re: Justin Shamberg's BSA TROOP 671 ISA ACCOUNT
Using ISA.Troop671BSA@Troop671BSA.org to send to: "weber.k.e@comcast.net", Status: Successfully sent!
Using ISA.Troop671BSA@Troop671BSA.org to send to: "ISA.Troop671BSA@troop671bsa.org", Status: Successfully sent!
Using ISA.Troop671BSA@Troop671BSA.org to send to: "advisor@crew671bsa.org", Status: Successfully sent!
Using ISA.Troop671BSA@Troop671BSA.org to send to: "carverrick@comcast.net", Status: Successfully sent!
Using ISA.Troop671BSA@Troop671BSA.org to send to: "jeffriesrg@sbcglobal.net", Status: Successfully sent!
Using ISA.Troop671BSA@Troop671BSA.org to send to: "rgpavletic@gmail.com", Status: Successfully sent!
========== Thursday July 13, 2017 at 15:49:0 ==========
========== Thursday July 13, 2017 at 15:49:6 ==========
Subject: re: Justin Shamberg's BSA TROOP 671 ISA ACCOUNT
Using ISA.Troop671BSA@Troop671BSA.org to send to: "weber.k.e@comcast.net", Status: Successfully sent!
Using ISA.Troop671BSA@Troop671BSA.org to send to: "ISA.Troop671BSA@troop671bsa.org", Status: Successfully sent!
Using ISA.Troop671BSA@Troop671BSA.org to send to: "advisor@crew671bsa.org", Status: Successfully sent!
Using ISA.Troop671BSA@Troop671BSA.org to send to: "carverrick@comcast.net", Status: Successfully sent!
Using ISA.Troop671BSA@Troop671BSA.org to send to: "jeffriesrg@sbcglobal.net", Status: Successfully sent!
Using ISA.Troop671BSA@Troop671BSA.org to send to: "rgpavletic@gmail.com", Status: Successfully sent!
========== Thursday July 13, 2017 at 15:49:6 ==========
========== Tuesday July 18, 2017 at 18:3:51 ==========
Subject: re: Jack Pawlak's BSA TROOP 671 ISA ACCOUNT
Using ISA.Troop671BSA@Troop671BSA.org to send to: "weber.k.e@comcast.net", Status: Successfully sent!
Using ISA.Troop671BSA@Troop671BSA.org to send to: "ISA.Troop671BSA@troop671bsa.org", Status: Successfully sent!
Using ISA.Troop671BSA@Troop671BSA.org to send to: "advisor@crew671bsa.org", Status: Successfully sent!
Using ISA.Troop671BSA@Troop671BSA.org to send to: "carverrick@comcast.net", Status: Successfully sent!
Using ISA.Troop671BSA@Troop671BSA.org to send to: "jeffriesrg@sbcglobal.net", Status: Successfully sent!
Using ISA.Troop671BSA@Troop671BSA.org to send to: "rgpavletic@gmail.com", Status: Successfully sent!
========== Tuesday July 18, 2017 at 18:3:51 ==========
========== Tuesday July 18, 2017 at 18:12:53 ==========
Subject: re: Daniel  Pawlak's BSA TROOP 671 ISA ACCOUNT
Using ISA.Troop671BSA@Troop671BSA.org to send to: "weber.k.e@comcast.net", Status: Successfully sent!
Using ISA.Troop671BSA@Troop671BSA.org to send to: "ISA.Troop671BSA@troop671bsa.org", Status: Successfully sent!
Using ISA.Troop671BSA@Troop671BSA.org to send to: "advisor@crew671bsa.org", Status: Successfully sent!
Using ISA.Troop671BSA@Troop671BSA.org to send to: "carverrick@comcast.net", Status: Successfully sent!
Using ISA.Troop671BSA@Troop671BSA.org to send to: "jeffriesrg@sbcglobal.net", Status: Successfully sent!
Using ISA.Troop671BSA@Troop671BSA.org to send to: "rgpavletic@gmail.com", Status: Successfully sent!
========== Tuesday July 18, 2017 at 18:12:53 ==========
========== Tuesday July 18, 2017 at 20:53:10 ==========
Subject: re: Christian Grams's BSA TROOP 671 ISA ACCOUNT
Using ISA.Troop671BSA@Troop671BSA.org to send to: "weber.k.e@comcast.net", Status: Successfully sent!
Using ISA.Troop671BSA@Troop671BSA.org to send to: "ISA.Troop671BSA@troop671bsa.org", Status: Successfully sent!
Using ISA.Troop671BSA@Troop671BSA.org to send to: "advisor@crew671bsa.org", Status: Successfully sent!
Using ISA.Troop671BSA@Troop671BSA.org to send to: "carverrick@comcast.net", Status: Successfully sent!
Using ISA.Troop671BSA@Troop671BSA.org to send to: "jeffriesrg@sbcglobal.net", Status: Successfully sent!
Using ISA.Troop671BSA@Troop671BSA.org to send to: "rgpavletic@gmail.com", Status: Successfully sent!
========== Tuesday July 18, 2017 at 20:53:10 ==========
========== Sunday July 30, 2017 at 19:12:51 ==========
Subject: re: William Jeffries's BSA TROOP 671 ISA ACCOUNT
Using ISA.Troop671BSA@Troop671BSA.org to send to: "weber.k.e@comcast.net", Status: Successfully sent!
Using ISA.Troop671BSA@Troop671BSA.org to send to: "ISA.Troop671BSA@troop671bsa.org", Status: Successfully sent!
Using ISA.Troop671BSA@Troop671BSA.org to send to: "advisor@crew671bsa.org", Status: Successfully sent!
Using ISA.Troop671BSA@Troop671BSA.org to send to: "carverrick@comcast.net", Status: Successfully sent!
Using ISA.Troop671BSA@Troop671BSA.org to send to: "jeffriesrg@sbcglobal.net", Status: Successfully sent!
Using ISA.Troop671BSA@Troop671BSA.org to send to: "rgpavletic@gmail.com", Status: Successfully sent!
========== Sunday July 30, 2017 at 19:12:51 ==========
========== Sunday July 30, 2017 at 19:13:5 ==========
Subject: re: William Jeffries's BSA TROOP 671 ISA ACCOUNT
Using ISA.Troop671BSA@Troop671BSA.org to send to: "weber.k.e@comcast.net", Status: Successfully sent!
Using ISA.Troop671BSA@Troop671BSA.org to send to: "ISA.Troop671BSA@troop671bsa.org", Status: Successfully sent!
Using ISA.Troop671BSA@Troop671BSA.org to send to: "advisor@crew671bsa.org", Status: Successfully sent!
Using ISA.Troop671BSA@Troop671BSA.org to send to: "carverrick@comcast.net", Status: Successfully sent!
Using ISA.Troop671BSA@Troop671BSA.org to send to: "jeffriesrg@sbcglobal.net", Status: Successfully sent!
Using ISA.Troop671BSA@Troop671BSA.org to send to: "rgpavletic@gmail.com", Status: Successfully sent!
========== Sunday July 30, 2017 at 19:13:5 ==========
========== Sunday July 30, 2017 at 19:13:12 ==========
Subject: re: William Jeffries's BSA TROOP 671 ISA ACCOUNT
Using ISA.Troop671BSA@Troop671BSA.org to send to: "weber.k.e@comcast.net", Status: Successfully sent!
Using ISA.Troop671BSA@Troop671BSA.org to send to: "ISA.Troop671BSA@troop671bsa.org", Status: Successfully sent!
Using ISA.Troop671BSA@Troop671BSA.org to send to: "advisor@crew671bsa.org", Status: Successfully sent!
Using ISA.Troop671BSA@Troop671BSA.org to send to: "carverrick@comcast.net", Status: Successfully sent!
Using ISA.Troop671BSA@Troop671BSA.org to send to: "jeffriesrg@sbcglobal.net", Status: Successfully sent!
Using ISA.Troop671BSA@Troop671BSA.org to send to: "rgpavletic@gmail.com", Status: Successfully sent!
========== Sunday July 30, 2017 at 19:13:12 ==========
========== Monday July 31, 2017 at 10:40:53 ==========
Subject: re: William Jeffries's BSA TROOP 671 ISA ACCOUNT
Using ISA.Troop671BSA@Troop671BSA.org to send to: "weber.k.e@comcast.net", Status: Successfully sent!
Using ISA.Troop671BSA@Troop671BSA.org to send to: "ISA.Troop671BSA@troop671bsa.org", Status: Successfully sent!
Using ISA.Troop671BSA@Troop671BSA.org to send to: "advisor@crew671bsa.org", Status: Successfully sent!
Using ISA.Troop671BSA@Troop671BSA.org to send to: "carverrick@comcast.net", Status: Successfully sent!
Using ISA.Troop671BSA@Troop671BSA.org to send to: "jeffriesrg@sbcglobal.net", Status: Successfully sent!
Using ISA.Troop671BSA@Troop671BSA.org to send to: "rgpavletic@gmail.com", Status: Successfully sent!
========== Monday July 31, 2017 at 10:40:53 ==========
========== Tuesday August 8, 2017 at 15:24:11 ==========
Subject: re: Nicholas Zblewski's BSA TROOP 671 ISA ACCOUNT
Using ISA.Troop671BSA@Troop671BSA.org to send to: "weber.k.e@comcast.net", Status: Successfully sent!
Using ISA.Troop671BSA@Troop671BSA.org to send to: "ISA.Troop671BSA@troop671bsa.org", Status: Successfully sent!
Using ISA.Troop671BSA@Troop671BSA.org to send to: "advisor@crew671bsa.org", Status: Successfully sent!
Using ISA.Troop671BSA@Troop671BSA.org to send to: "carverrick@comcast.net", Status: Successfully sent!
Using ISA.Troop671BSA@Troop671BSA.org to send to: "jeffriesrg@sbcglobal.net", Status: Successfully sent!
Using ISA.Troop671BSA@Troop671BSA.org to send to: "rgpavletic@gmail.com", Status: Successfully sent!
========== Tuesday August 8, 2017 at 15:24:11 ==========
========== Sunday August 13, 2017 at 17:30:26 ==========
Subject: re: Nicholas Zblewski's BSA TROOP 671 ISA ACCOUNT
Using ISA.Troop671BSA@Troop671BSA.org to send to: "weber.k.e@comcast.net", Status: Successfully sent!
Using ISA.Troop671BSA@Troop671BSA.org to send to: "ISA.Troop671BSA@troop671bsa.org", Status: Successfully sent!
Using ISA.Troop671BSA@Troop671BSA.org to send to: "advisor@crew671bsa.org", Status: Successfully sent!
Using ISA.Troop671BSA@Troop671BSA.org to send to: "carverrick@comcast.net", Status: Successfully sent!
Using ISA.Troop671BSA@Troop671BSA.org to send to: "jeffriesrg@sbcglobal.net", Status: Successfully sent!
Using ISA.Troop671BSA@Troop671BSA.org to send to: "rgpavletic@gmail.com", Status: Successfully sent!
========== Sunday August 13, 2017 at 17:30:26 ==========
========== Monday September 18, 2017 at 19:17:0 ==========
Subject: re: Joe Barber's BSA TROOP 671 ISA ACCOUNT
Using ISA.Troop671BSA@Troop671BSA.org to send to: "weber.k.e@comcast.net", Status: Successfully sent!
Using ISA.Troop671BSA@Troop671BSA.org to send to: "ISA.Troop671BSA@troop671bsa.org", Status: Successfully sent!
Using ISA.Troop671BSA@Troop671BSA.org to send to: "advisor@crew671bsa.org", Status: Successfully sent!
Using ISA.Troop671BSA@Troop671BSA.org to send to: "carverrick@comcast.net", Status: Successfully sent!
Using ISA.Troop671BSA@Troop671BSA.org to send to: "jeffriesrg@sbcglobal.net", Status: Successfully sent!
Using ISA.Troop671BSA@Troop671BSA.org to send to: "rgpavletic@gmail.com", Status: Successfully sent!
========== Monday September 18, 2017 at 19:17:0 ==========
========== Sunday October 1, 2017 at 7:31:25 ==========
Subject: re: Luke Weber's BSA TROOP 671 ISA ACCOUNT
Using ISA.Troop671BSA@Troop671BSA.org to send to: "weber.k.e@comcast.net", Status: Successfully sent!
Using ISA.Troop671BSA@Troop671BSA.org to send to: "ISA.Troop671BSA@troop671bsa.org", Status: Successfully sent!
Using ISA.Troop671BSA@Troop671BSA.org to send to: "advisor@crew671bsa.org", Status: Successfully sent!
Using ISA.Troop671BSA@Troop671BSA.org to send to: "carverrick@comcast.net", Status: Successfully sent!
Using ISA.Troop671BSA@Troop671BSA.org to send to: "jeffriesrg@sbcglobal.net", Status: Successfully sent!
Using ISA.Troop671BSA@Troop671BSA.org to send to: "rgpavletic@gmail.com", Status: Successfully sent!
========== Sunday October 1, 2017 at 7:31:25 ==========
========== Sunday October 1, 2017 at 7:31:34 ==========
Subject: re: Luke Weber's BSA TROOP 671 ISA ACCOUNT
Using ISA.Troop671BSA@Troop671BSA.org to send to: "weber.k.e@comcast.net", Status: Successfully sent!
Using ISA.Troop671BSA@Troop671BSA.org to send to: "ISA.Troop671BSA@troop671bsa.org", Status: Successfully sent!
Using ISA.Troop671BSA@Troop671BSA.org to send to: "advisor@crew671bsa.org", Status: Successfully sent!
Using ISA.Troop671BSA@Troop671BSA.org to send to: "carverrick@comcast.net", Status: Successfully sent!
Using ISA.Troop671BSA@Troop671BSA.org to send to: "jeffriesrg@sbcglobal.net", Status: Successfully sent!
Using ISA.Troop671BSA@Troop671BSA.org to send to: "rgpavletic@gmail.com", Status: Successfully sent!
========== Sunday October 1, 2017 at 7:31:34 ==========
========== Thursday October 5, 2017 at 19:26:24 ==========
Subject: re: Luke Weber's BSA TROOP 671 ISA ACCOUNT
Using ISA.Troop671BSA@Troop671BSA.org to send to: "weber.k.e@comcast.net", Status: Successfully sent!
Using ISA.Troop671BSA@Troop671BSA.org to send to: "ISA.Troop671BSA@troop671bsa.org", Status: Successfully sent!
Using ISA.Troop671BSA@Troop671BSA.org to send to: "advisor@crew671bsa.org", Status: Successfully sent!
Using ISA.Troop671BSA@Troop671BSA.org to send to: "carverrick@comcast.net", Status: Successfully sent!
Using ISA.Troop671BSA@Troop671BSA.org to send to: "jeffriesrg@sbcglobal.net", Status: Successfully sent!
Using ISA.Troop671BSA@Troop671BSA.org to send to: "rgpavletic@gmail.com", Status: Successfully sent!
========== Thursday October 5, 2017 at 19:26:24 ==========
========== Monday October 23, 2017 at 6:33:10 ==========
Subject: re: Justin Shamberg's BSA TROOP 671 ISA ACCOUNT
Using ISA.Troop671BSA@Troop671BSA.org to send to: "weber.k.e@comcast.net", Status: Successfully sent!
Using ISA.Troop671BSA@Troop671BSA.org to send to: "ISA.Troop671BSA@troop671bsa.org", Status: Successfully sent!
Using ISA.Troop671BSA@Troop671BSA.org to send to: "advisor@crew671bsa.org", Status: Successfully sent!
Using ISA.Troop671BSA@Troop671BSA.org to send to: "carverrick@comcast.net", Status: Successfully sent!
Using ISA.Troop671BSA@Troop671BSA.org to send to: "jeffriesrg@sbcglobal.net", Status: Successfully sent!
Using ISA.Troop671BSA@Troop671BSA.org to send to: "rgpavletic@gmail.com", Status: Successfully sent!
========== Monday October 23, 2017 at 6:33:10 ==========
========== Tuesday October 24, 2017 at 11:50:56 ==========
Subject: re: Greyson Fout's BSA TROOP 671 ISA ACCOUNT
Using ISA.Troop671BSA@Troop671BSA.org to send to: "weber.k.e@comcast.net", Status: Successfully sent!
Using ISA.Troop671BSA@Troop671BSA.org to send to: "ISA.Troop671BSA@troop671bsa.org", Status: Successfully sent!
Using ISA.Troop671BSA@Troop671BSA.org to send to: "advisor@crew671bsa.org", Status: Successfully sent!
Using ISA.Troop671BSA@Troop671BSA.org to send to: "carverrick@comcast.net", Status: Successfully sent!
Using ISA.Troop671BSA@Troop671BSA.org to send to: "jeffriesrg@sbcglobal.net", Status: Successfully sent!
Using ISA.Troop671BSA@Troop671BSA.org to send to: "rgpavletic@gmail.com", Status: Successfully sent!
========== Tuesday October 24, 2017 at 11:50:56 ==========
========== Friday November 3, 2017 at 9:45:14 ==========
Subject: re: Jack Pawlak's BSA TROOP 671 ISA ACCOUNT
Using ISA.Troop671BSA@Troop671BSA.org to send to: "weber.k.e@comcast.net", Status: Successfully sent!
Using ISA.Troop671BSA@Troop671BSA.org to send to: "ISA.Troop671BSA@troop671bsa.org", Status: Successfully sent!
Using ISA.Troop671BSA@Troop671BSA.org to send to: "advisor@crew671bsa.org", Status: Successfully sent!
Using ISA.Troop671BSA@Troop671BSA.org to send to: "carverrick@comcast.net", Status: Successfully sent!
Using ISA.Troop671BSA@Troop671BSA.org to send to: "jeffriesrg@sbcglobal.net", Status: Successfully sent!
Using ISA.Troop671BSA@Troop671BSA.org to send to: "rgpavletic@gmail.com", Status: Successfully sent!
========== Friday November 3, 2017 at 9:45:14 ==========
========== Friday November 3, 2017 at 18:57:37 ==========
Subject: re: Daniel  Pawlak's BSA TROOP 671 ISA ACCOUNT
Using ISA.Troop671BSA@Troop671BSA.org to send to: "weber.k.e@comcast.net", Status: Successfully sent!
Using ISA.Troop671BSA@Troop671BSA.org to send to: "ISA.Troop671BSA@troop671bsa.org", Status: Successfully sent!
Using ISA.Troop671BSA@Troop671BSA.org to send to: "advisor@crew671bsa.org", Status: Successfully sent!
Using ISA.Troop671BSA@Troop671BSA.org to send to: "carverrick@comcast.net", Status: Successfully sent!
Using ISA.Troop671BSA@Troop671BSA.org to send to: "jeffriesrg@sbcglobal.net", Status: Successfully sent!
Using ISA.Troop671BSA@Troop671BSA.org to send to: "rgpavletic@gmail.com", Status: Successfully sent!
========== Friday November 3, 2017 at 18:57:37 ==========
========== Monday November 6, 2017 at 17:6:39 ==========
Subject: re: Jonathan Roeck's BSA TROOP 671 ISA ACCOUNT
Using ISA.Troop671BSA@Troop671BSA.org to send to: "weber.k.e@comcast.net", Status: Successfully sent!
Using ISA.Troop671BSA@Troop671BSA.org to send to: "ISA.Troop671BSA@troop671bsa.org", Status: Successfully sent!
Using ISA.Troop671BSA@Troop671BSA.org to send to: "advisor@crew671bsa.org", Status: Successfully sent!
Using ISA.Troop671BSA@Troop671BSA.org to send to: "carverrick@comcast.net", Status: Successfully sent!
Using ISA.Troop671BSA@Troop671BSA.org to send to: "jeffriesrg@sbcglobal.net", Status: Successfully sent!
Using ISA.Troop671BSA@Troop671BSA.org to send to: "rgpavletic@gmail.com", Status: Successfully sent!
========== Monday November 6, 2017 at 17:6:39 ==========
========== Thursday November 9, 2017 at 16:50:38 ==========
Subject: re: Noah Adrian's BSA TROOP 671 ISA ACCOUNT
Using ISA.Troop671BSA@Troop671BSA.org to send to: "weber.k.e@comcast.net", Status: Successfully sent!
Using ISA.Troop671BSA@Troop671BSA.org to send to: "ISA.Troop671BSA@troop671bsa.org", Status: Successfully sent!
Using ISA.Troop671BSA@Troop671BSA.org to send to: "advisor@crew671bsa.org", Status: Successfully sent!
Using ISA.Troop671BSA@Troop671BSA.org to send to: "carverrick@comcast.net", Status: Successfully sent!
Using ISA.Troop671BSA@Troop671BSA.org to send to: "jeffriesrg@sbcglobal.net", Status: Successfully sent!
Using ISA.Troop671BSA@Troop671BSA.org to send to: "rgpavletic@gmail.com", Status: Successfully sent!
========== Thursday November 9, 2017 at 16:50:38 ==========
========== Tuesday November 28, 2017 at 14:19:3 ==========
Subject: re: Mason Womack's BSA TROOP 671 ISA ACCOUNT
Using ISA.Troop671BSA@Troop671BSA.org to send to: "weber.k.e@comcast.net", Status: Successfully sent!
Using ISA.Troop671BSA@Troop671BSA.org to send to: "ISA.Troop671BSA@troop671bsa.org", Status: Successfully sent!
Using ISA.Troop671BSA@Troop671BSA.org to send to: "advisor@crew671bsa.org", Status: Successfully sent!
Using ISA.Troop671BSA@Troop671BSA.org to send to: "carverrick@comcast.net", Status: Successfully sent!
Using ISA.Troop671BSA@Troop671BSA.org to send to: "jeffriesrg@sbcglobal.net", Status: Successfully sent!
Using ISA.Troop671BSA@Troop671BSA.org to send to: "rgpavletic@gmail.com", Status: Successfully sent!
========== Tuesday November 28, 2017 at 14:19:3 ==========
========== Tuesday November 28, 2017 at 18:11:46 ==========
Subject: re: Alex Osterman's BSA TROOP 671 ISA ACCOUNT
Using ISA.Troop671BSA@Troop671BSA.org to send to: "weber.k.e@comcast.net", Status: Successfully sent!
Using ISA.Troop671BSA@Troop671BSA.org to send to: "ISA.Troop671BSA@troop671bsa.org", Status: Successfully sent!
Using ISA.Troop671BSA@Troop671BSA.org to send to: "advisor@crew671bsa.org", Status: Successfully sent!
Using ISA.Troop671BSA@Troop671BSA.org to send to: "carverrick@comcast.net", Status: Successfully sent!
Using ISA.Troop671BSA@Troop671BSA.org to send to: "jeffriesrg@sbcglobal.net", Status: Successfully sent!
Using ISA.Troop671BSA@Troop671BSA.org to send to: "rgpavletic@gmail.com", Status: Successfully sent!
========== Tuesday November 28, 2017 at 18:11:46 ==========
========== Friday January 12, 2018 at 17:28:16 ==========
Subject: re: Luke Weber's BSA TROOP 671 ISA ACCOUNT
Using ISA.Troop671BSA@Troop671BSA.org to send to: "weber.k.e@comcast.net", Status: Successfully sent!
Using ISA.Troop671BSA@Troop671BSA.org to send to: "ISA.Troop671BSA@troop671bsa.org", Status: Successfully sent!
Using ISA.Troop671BSA@Troop671BSA.org to send to: "advisor@crew671bsa.org", Status: Successfully sent!
Using ISA.Troop671BSA@Troop671BSA.org to send to: "carverrick@comcast.net", Status: Successfully sent!
Using ISA.Troop671BSA@Troop671BSA.org to send to: "jeffriesrg@sbcglobal.net", Status: Successfully sent!
Using ISA.Troop671BSA@Troop671BSA.org to send to: "rgpavletic@gmail.com", Status: Successfully sent!
========== Friday January 12, 2018 at 17:28:16 ==========
========== Friday January 12, 2018 at 17:28:23 ==========
Subject: re: Luke Weber's BSA TROOP 671 ISA ACCOUNT
Using ISA.Troop671BSA@Troop671BSA.org to send to: "weber.k.e@comcast.net", Status: Successfully sent!
Using ISA.Troop671BSA@Troop671BSA.org to send to: "ISA.Troop671BSA@troop671bsa.org", Status: Successfully sent!
Using ISA.Troop671BSA@Troop671BSA.org to send to: "advisor@crew671bsa.org", Status: Successfully sent!
Using ISA.Troop671BSA@Troop671BSA.org to send to: "carverrick@comcast.net", Status: Successfully sent!
Using ISA.Troop671BSA@Troop671BSA.org to send to: "jeffriesrg@sbcglobal.net", Status: Successfully sent!
Using ISA.Troop671BSA@Troop671BSA.org to send to: "rgpavletic@gmail.com", Status: Successfully sent!
========== Friday January 12, 2018 at 17:28:23 ==========
========== Thursday January 25, 2018 at 12:55:49 ==========
Subject: re: Luke Weber's BSA TROOP 671 ISA ACCOUNT
Using ISA.Troop671BSA@Troop671BSA.org to send to: "weber.k.e@comcast.net", Status: Successfully sent!
Using ISA.Troop671BSA@Troop671BSA.org to send to: "ISA.Troop671BSA@troop671bsa.org", Status: Successfully sent!
Using ISA.Troop671BSA@Troop671BSA.org to send to: "advisor@crew671bsa.org", Status: Successfully sent!
Using ISA.Troop671BSA@Troop671BSA.org to send to: "carverrick@comcast.net", Status: Successfully sent!
Using ISA.Troop671BSA@Troop671BSA.org to send to: "jeffriesrg@sbcglobal.net", Status: Successfully sent!
Using ISA.Troop671BSA@Troop671BSA.org to send to: "rgpavletic@gmail.com", Status: Successfully sent!
========== Thursday January 25, 2018 at 12:55:49 ==========
========== Wednesday January 31, 2018 at 16:38:45 ==========
Subject: re: Justin Shamberg's BSA TROOP 671 ISA ACCOUNT
Using ISA.Troop671BSA@Troop671BSA.org to send to: "weber.k.e@comcast.net", Status: Successfully sent!
Using ISA.Troop671BSA@Troop671BSA.org to send to: "ISA.Troop671BSA@troop671bsa.org", Status: Failed to connect to ssl://smtp.gmail.com:465 [SMTP: Failed to connect socket: Connection timed out (code: -1, response: )]
Using ISA.Troop671BSA@Troop671BSA.org to send to: "advisor@crew671bsa.org", Status: Successfully sent!
Using ISA.Troop671BSA@Troop671BSA.org to send to: "carverrick@comcast.net", Status: Successfully sent!
Using ISA.Troop671BSA@Troop671BSA.org to send to: "jeffriesrg@sbcglobal.net", Status: Successfully sent!
Using ISA.Troop671BSA@Troop671BSA.org to send to: "rgpavletic@gmail.com", Status: Successfully sent!
========== Wednesday January 31, 2018 at 16:38:45 ==========
========== Wednesday January 31, 2018 at 16:39:52 ==========
Subject: re: Justin Shamberg's BSA TROOP 671 ISA ACCOUNT
Using ISA.Troop671BSA@Troop671BSA.org to send to: "weber.k.e@comcast.net", Status: Successfully sent!
Using ISA.Troop671BSA@Troop671BSA.org to send to: "ISA.Troop671BSA@troop671bsa.org", Status: Successfully sent!
Using ISA.Troop671BSA@Troop671BSA.org to send to: "advisor@crew671bsa.org", Status: Successfully sent!
Using ISA.Troop671BSA@Troop671BSA.org to send to: "carverrick@comcast.net", Status: Successfully sent!
Using ISA.Troop671BSA@Troop671BSA.org to send to: "jeffriesrg@sbcglobal.net", Status: Successfully sent!
Using ISA.Troop671BSA@Troop671BSA.org to send to: "rgpavletic@gmail.com", Status: Successfully sent!
========== Wednesday January 31, 2018 at 16:39:52 ==========
========== Monday February 26, 2018 at 15:57:45 ==========
Subject: re: Alex Laycock's BSA TROOP 671 ISA ACCOUNT
Using ISA.Troop671BSA@Troop671BSA.org to send to: "weber.k.e@comcast.net", Status: Successfully sent!
Using ISA.Troop671BSA@Troop671BSA.org to send to: "ISA.Troop671BSA@troop671bsa.org", Status: Successfully sent!
Using ISA.Troop671BSA@Troop671BSA.org to send to: "advisor@crew671bsa.org", Status: Successfully sent!
Using ISA.Troop671BSA@Troop671BSA.org to send to: "carverrick@comcast.net", Status: Successfully sent!
Using ISA.Troop671BSA@Troop671BSA.org to send to: "jeffriesrg@sbcglobal.net", Status: Successfully sent!
Using ISA.Troop671BSA@Troop671BSA.org to send to: "rgpavletic@gmail.com", Status: Successfully sent!
========== Monday February 26, 2018 at 15:57:45 ==========
========== Monday February 26, 2018 at 16:0:36 ==========
Subject: re: Alex Laycock's BSA TROOP 671 ISA ACCOUNT
Using ISA.Troop671BSA@Troop671BSA.org to send to: "weber.k.e@comcast.net", Status: Successfully sent!
Using ISA.Troop671BSA@Troop671BSA.org to send to: "ISA.Troop671BSA@troop671bsa.org", Status: Successfully sent!
Using ISA.Troop671BSA@Troop671BSA.org to send to: "advisor@crew671bsa.org", Status: Successfully sent!
Using ISA.Troop671BSA@Troop671BSA.org to send to: "carverrick@comcast.net", Status: Successfully sent!
Using ISA.Troop671BSA@Troop671BSA.org to send to: "jeffriesrg@sbcglobal.net", Status: Successfully sent!
Using ISA.Troop671BSA@Troop671BSA.org to send to: "rgpavletic@gmail.com", Status: Successfully sent!
========== Monday February 26, 2018 at 16:0:36 ==========
========== Tuesday February 27, 2018 at 16:17:39 ==========
Subject: re: Daniel  Pawlak's BSA TROOP 671 ISA ACCOUNT
Using ISA.Troop671BSA@Troop671BSA.org to send to: "weber.k.e@comcast.net", Status: Successfully sent!
Using ISA.Troop671BSA@Troop671BSA.org to send to: "ISA.Troop671BSA@troop671bsa.org", Status: Successfully sent!
Using ISA.Troop671BSA@Troop671BSA.org to send to: "advisor@crew671bsa.org", Status: Successfully sent!
Using ISA.Troop671BSA@Troop671BSA.org to send to: "carverrick@comcast.net", Status: Successfully sent!
Using ISA.Troop671BSA@Troop671BSA.org to send to: "jeffriesrg@sbcglobal.net", Status: Successfully sent!
Using ISA.Troop671BSA@Troop671BSA.org to send to: "rgpavletic@gmail.com", Status: Successfully sent!
========== Tuesday February 27, 2018 at 16:17:39 ==========
========== Tuesday February 27, 2018 at 16:18:31 ==========
Subject: re: Jack Pawlak's BSA TROOP 671 ISA ACCOUNT
Using ISA.Troop671BSA@Troop671BSA.org to send to: "weber.k.e@comcast.net", Status: Successfully sent!
Using ISA.Troop671BSA@Troop671BSA.org to send to: "ISA.Troop671BSA@troop671bsa.org", Status: Successfully sent!
Using ISA.Troop671BSA@Troop671BSA.org to send to: "advisor@crew671bsa.org", Status: Successfully sent!
Using ISA.Troop671BSA@Troop671BSA.org to send to: "carverrick@comcast.net", Status: Successfully sent!
Using ISA.Troop671BSA@Troop671BSA.org to send to: "jeffriesrg@sbcglobal.net", Status: Successfully sent!
Using ISA.Troop671BSA@Troop671BSA.org to send to: "rgpavletic@gmail.com", Status: Successfully sent!
========== Tuesday February 27, 2018 at 16:18:31 ==========
========== Wednesday June 6, 2018 at 6:25:46 ==========
Subject: re: Noah Adrian's BSA TROOP 671 ISA ACCOUNT
Using ISA.Troop671BSA@Troop671BSA.org to send to: "weber.k.e@comcast.net", Status: Successfully sent!
Using ISA.Troop671BSA@Troop671BSA.org to send to: "ISA.Troop671BSA@troop671bsa.org", Status: Successfully sent!
Using ISA.Troop671BSA@Troop671BSA.org to send to: "advisor@crew671bsa.org", Status: Successfully sent!
Using ISA.Troop671BSA@Troop671BSA.org to send to: "carverrick@comcast.net", Status: Successfully sent!
Using ISA.Troop671BSA@Troop671BSA.org to send to: "jeffriesrg@sbcglobal.net", Status: Successfully sent!
Using ISA.Troop671BSA@Troop671BSA.org to send to: "rgpavletic@gmail.com", Status: Successfully sent!
========== Wednesday June 6, 2018 at 6:25:46 ==========
========== Wednesday June 6, 2018 at 6:26:9 ==========
Subject: re: Noah Adrian's BSA TROOP 671 ISA ACCOUNT
Using ISA.Troop671BSA@Troop671BSA.org to send to: "weber.k.e@comcast.net", Status: Successfully sent!
Using ISA.Troop671BSA@Troop671BSA.org to send to: "ISA.Troop671BSA@troop671bsa.org", Status: Successfully sent!
Using ISA.Troop671BSA@Troop671BSA.org to send to: "advisor@crew671bsa.org", Status: Successfully sent!
Using ISA.Troop671BSA@Troop671BSA.org to send to: "carverrick@comcast.net", Status: Successfully sent!
Using ISA.Troop671BSA@Troop671BSA.org to send to: "jeffriesrg@sbcglobal.net", Status: Successfully sent!
Using ISA.Troop671BSA@Troop671BSA.org to send to: "rgpavletic@gmail.com", Status: Successfully sent!
========== Wednesday June 6, 2018 at 6:26:9 ==========
========== Thursday July 19, 2018 at 15:30:42 ==========
Subject: re: Patrick Naumann's BSA TROOP 671 ISA ACCOUNT
Using ISA.Troop671BSA@Troop671BSA.org to send to: "weber.k.e@comcast.net", Status: Successfully sent!
Using ISA.Troop671BSA@Troop671BSA.org to send to: "ISA.Troop671BSA@troop671bsa.org", Status: Successfully sent!
Using ISA.Troop671BSA@Troop671BSA.org to send to: "advisor@crew671bsa.org", Status: Successfully sent!
Using ISA.Troop671BSA@Troop671BSA.org to send to: "carverrick@comcast.net", Status: Successfully sent!
Using ISA.Troop671BSA@Troop671BSA.org to send to: "jeffriesrg@sbcglobal.net", Status: Successfully sent!
Using ISA.Troop671BSA@Troop671BSA.org to send to: "rgpavletic@gmail.com", Status: Successfully sent!
========== Thursday July 19, 2018 at 15:30:42 ==========
========== Tuesday August 7, 2018 at 14:48:20 ==========
Subject: re: Gavin Short's BSA TROOP 671 ISA ACCOUNT
Using ISA.Troop671BSA@Troop671BSA.org to send to: "weber.k.e@comcast.net", Status: Successfully sent!
Using ISA.Troop671BSA@Troop671BSA.org to send to: "ISA.Troop671BSA@troop671bsa.org", Status: Successfully sent!
Using ISA.Troop671BSA@Troop671BSA.org to send to: "advisor@crew671bsa.org", Status: Successfully sent!
Using ISA.Troop671BSA@Troop671BSA.org to send to: "carverrick@comcast.net", Status: Successfully sent!
Using ISA.Troop671BSA@Troop671BSA.org to send to: "jeffriesrg@sbcglobal.net", Status: Successfully sent!
Using ISA.Troop671BSA@Troop671BSA.org to send to: "rgpavletic@gmail.com", Status: Successfully sent!
========== Tuesday August 7, 2018 at 14:48:20 ==========
========== Tuesday August 14, 2018 at 15:42:13 ==========
Subject: re: Alex Laycock's BSA TROOP 671 ISA ACCOUNT
Using ISA.Troop671BSA@Troop671BSA.org to send to: "weber.k.e@comcast.net", Status: Successfully sent!
Using ISA.Troop671BSA@Troop671BSA.org to send to: "ISA.Troop671BSA@troop671bsa.org", Status: Successfully sent!
Using ISA.Troop671BSA@Troop671BSA.org to send to: "advisor@crew671bsa.org", Status: Successfully sent!
Using ISA.Troop671BSA@Troop671BSA.org to send to: "carverrick@comcast.net", Status: Successfully sent!
Using ISA.Troop671BSA@Troop671BSA.org to send to: "jeffriesrg@sbcglobal.net", Status: Successfully sent!
Using ISA.Troop671BSA@Troop671BSA.org to send to: "rgpavletic@gmail.com", Status: Successfully sent!
========== Tuesday August 14, 2018 at 15:42:13 ==========
========== Tuesday August 21, 2018 at 8:34:54 ==========
Subject: re: Gavin Short's BSA TROOP 671 ISA ACCOUNT
Using ISA.Troop671BSA@Troop671BSA.org to send to: "weber.k.e@comcast.net", Status: Successfully sent!
Using ISA.Troop671BSA@Troop671BSA.org to send to: "ISA.Troop671BSA@troop671bsa.org", Status: Successfully sent!
Using ISA.Troop671BSA@Troop671BSA.org to send to: "advisor@crew671bsa.org", Status: Successfully sent!
Using ISA.Troop671BSA@Troop671BSA.org to send to: "carverrick@comcast.net", Status: Successfully sent!
Using ISA.Troop671BSA@Troop671BSA.org to send to: "jeffriesrg@sbcglobal.net", Status: Successfully sent!
Using ISA.Troop671BSA@Troop671BSA.org to send to: "rgpavletic@gmail.com", Status: Successfully sent!
========== Tuesday August 21, 2018 at 8:34:54 ==========
========== Tuesday September 18, 2018 at 18:17:3 ==========
Subject: re: William Jeffries's BSA TROOP 671 ISA ACCOUNT
Using ISA.Troop671BSA@Troop671BSA.org to send to: "weber.k.e@comcast.net", Status: Successfully sent!
Using ISA.Troop671BSA@Troop671BSA.org to send to: "ISA.Troop671BSA@troop671bsa.org", Status: Successfully sent!
Using ISA.Troop671BSA@Troop671BSA.org to send to: "advisor@crew671bsa.org", Status: Successfully sent!
Using ISA.Troop671BSA@Troop671BSA.org to send to: "carverrick@comcast.net", Status: Successfully sent!
Using ISA.Troop671BSA@Troop671BSA.org to send to: "jeffriesrg@sbcglobal.net", Status: Successfully sent!
Using ISA.Troop671BSA@Troop671BSA.org to send to: "rgpavletic@gmail.com", Status: Successfully sent!
========== Tuesday September 18, 2018 at 18:17:3 ==========
========== Tuesday September 25, 2018 at 17:22:10 ==========
Subject: re: Gavin Short's BSA TROOP 671 ISA ACCOUNT
Using ISA.Troop671BSA@Troop671BSA.org to send to: "weber.k.e@comcast.net", Status: Successfully sent!
Using ISA.Troop671BSA@Troop671BSA.org to send to: "ISA.Troop671BSA@troop671bsa.org", Status: Successfully sent!
Using ISA.Troop671BSA@Troop671BSA.org to send to: "advisor@crew671bsa.org", Status: Successfully sent!
Using ISA.Troop671BSA@Troop671BSA.org to send to: "carverrick@comcast.net", Status: Successfully sent!
Using ISA.Troop671BSA@Troop671BSA.org to send to: "jeffriesrg@sbcglobal.net", Status: Successfully sent!
Using ISA.Troop671BSA@Troop671BSA.org to send to: "rgpavletic@gmail.com", Status: Successfully sent!
========== Tuesday September 25, 2018 at 17:22:10 ==========
========== Tuesday September 25, 2018 at 19:53:55 ==========
Subject: re: Daniel  Pawlak's BSA TROOP 671 ISA ACCOUNT
Using ISA.Troop671BSA@Troop671BSA.org to send to: "weber.k.e@comcast.net", Status: Successfully sent!
Using ISA.Troop671BSA@Troop671BSA.org to send to: "ISA.Troop671BSA@troop671bsa.org", Status: Successfully sent!
Using ISA.Troop671BSA@Troop671BSA.org to send to: "advisor@crew671bsa.org", Status: Successfully sent!
Using ISA.Troop671BSA@Troop671BSA.org to send to: "carverrick@comcast.net", Status: Successfully sent!
Using ISA.Troop671BSA@Troop671BSA.org to send to: "jeffriesrg@sbcglobal.net", Status: Successfully sent!
Using ISA.Troop671BSA@Troop671BSA.org to send to: "rgpavletic@gmail.com", Status: Successfully sent!
========== Tuesday September 25, 2018 at 19:53:55 ==========
========== Tuesday September 25, 2018 at 19:54:24 ==========
Subject: re: Jack Pawlak's BSA TROOP 671 ISA ACCOUNT
Using ISA.Troop671BSA@Troop671BSA.org to send to: "weber.k.e@comcast.net", Status: Successfully sent!
Using ISA.Troop671BSA@Troop671BSA.org to send to: "ISA.Troop671BSA@troop671bsa.org", Status: Successfully sent!
Using ISA.Troop671BSA@Troop671BSA.org to send to: "advisor@crew671bsa.org", Status: Successfully sent!
Using ISA.Troop671BSA@Troop671BSA.org to send to: "carverrick@comcast.net", Status: Successfully sent!
Using ISA.Troop671BSA@Troop671BSA.org to send to: "jeffriesrg@sbcglobal.net", Status: Successfully sent!
Using ISA.Troop671BSA@Troop671BSA.org to send to: "rgpavletic@gmail.com", Status: Successfully sent!
========== Tuesday September 25, 2018 at 19:54:24 ==========
========== Thursday October 4, 2018 at 13:52:23 ==========
Subject: re: Rutvik Sayankar's BSA TROOP 671 ISA ACCOUNT
Using ISA.Troop671BSA@Troop671BSA.org to send to: "weber.k.e@comcast.net", Status: Successfully sent!
Using ISA.Troop671BSA@Troop671BSA.org to send to: "ISA.Troop671BSA@troop671bsa.org", Status: Successfully sent!
Using ISA.Troop671BSA@Troop671BSA.org to send to: "advisor@crew671bsa.org", Status: Successfully sent!
Using ISA.Troop671BSA@Troop671BSA.org to send to: "carverrick@comcast.net", Status: Successfully sent!
Using ISA.Troop671BSA@Troop671BSA.org to send to: "jeffriesrg@sbcglobal.net", Status: Successfully sent!
Using ISA.Troop671BSA@Troop671BSA.org to send to: "rgpavletic@gmail.com", Status: Successfully sent!
========== Thursday October 4, 2018 at 13:52:23 ==========
========== Tuesday October 9, 2018 at 17:50:52 ==========
Subject: re: Luke Weber's BSA TROOP 671 ISA ACCOUNT
Using ISA.Troop671BSA@Troop671BSA.org to send to: "weber.k.e@comcast.net", Status: Successfully sent!
Using ISA.Troop671BSA@Troop671BSA.org to send to: "ISA.Troop671BSA@troop671bsa.org", Status: Successfully sent!
Using ISA.Troop671BSA@Troop671BSA.org to send to: "advisor@crew671bsa.org", Status: Successfully sent!
Using ISA.Troop671BSA@Troop671BSA.org to send to: "carverrick@comcast.net", Status: Successfully sent!
Using ISA.Troop671BSA@Troop671BSA.org to send to: "jeffriesrg@sbcglobal.net", Status: Successfully sent!
Using ISA.Troop671BSA@Troop671BSA.org to send to: "rgpavletic@gmail.com", Status: Successfully sent!
========== Tuesday October 9, 2018 at 17:50:52 ==========
========== Tuesday October 16, 2018 at 16:51:50 ==========
Subject: re: Joe Barber's BSA TROOP 671 ISA ACCOUNT
Using ISA.Troop671BSA@Troop671BSA.org to send to: "weber.k.e@comcast.net", Status: Successfully sent!
Using ISA.Troop671BSA@Troop671BSA.org to send to: "ISA.Troop671BSA@troop671bsa.org", Status: Successfully sent!
Using ISA.Troop671BSA@Troop671BSA.org to send to: "advisor@crew671bsa.org", Status: Successfully sent!
Using ISA.Troop671BSA@Troop671BSA.org to send to: "carverrick@comcast.net", Status: Successfully sent!
Using ISA.Troop671BSA@Troop671BSA.org to send to: "jeffriesrg@sbcglobal.net", Status: Successfully sent!
Using ISA.Troop671BSA@Troop671BSA.org to send to: "rgpavletic@gmail.com", Status: Successfully sent!
========== Tuesday October 16, 2018 at 16:51:50 ==========
========== Thursday October 18, 2018 at 13:13:29 ==========
Subject: re: Sumanth Muthukrishnan's BSA TROOP 671 ISA ACCOUNT
Using ISA.Troop671BSA@Troop671BSA.org to send to: "weber.k.e@comcast.net", Status: Successfully sent!
Using ISA.Troop671BSA@Troop671BSA.org to send to: "ISA.Troop671BSA@troop671bsa.org", Status: Successfully sent!
Using ISA.Troop671BSA@Troop671BSA.org to send to: "advisor@crew671bsa.org", Status: Successfully sent!
Using ISA.Troop671BSA@Troop671BSA.org to send to: "carverrick@comcast.net", Status: Successfully sent!
Using ISA.Troop671BSA@Troop671BSA.org to send to: "jeffriesrg@sbcglobal.net", Status: Successfully sent!
Using ISA.Troop671BSA@Troop671BSA.org to send to: "rgpavletic@gmail.com", Status: Successfully sent!
========== Thursday October 18, 2018 at 13:13:29 ==========
========== Thursday October 25, 2018 at 9:30:17 ==========
Subject: re: Spencer Burton's BSA TROOP 671 ISA ACCOUNT
Using ISA.Troop671BSA@Troop671BSA.org to send to: "weber.k.e@comcast.net", Status: Successfully sent!
Using ISA.Troop671BSA@Troop671BSA.org to send to: "ISA.Troop671BSA@troop671bsa.org", Status: Successfully sent!
Using ISA.Troop671BSA@Troop671BSA.org to send to: "advisor@crew671bsa.org", Status: Successfully sent!
Using ISA.Troop671BSA@Troop671BSA.org to send to: "carverrick@comcast.net", Status: Successfully sent!
Using ISA.Troop671BSA@Troop671BSA.org to send to: "jeffriesrg@sbcglobal.net", Status: Successfully sent!
Using ISA.Troop671BSA@Troop671BSA.org to send to: "rgpavletic@gmail.com", Status: Successfully sent!
========== Thursday October 25, 2018 at 9:30:17 ==========
========== Tuesday October 30, 2018 at 18:56:4 ==========
Subject: re: Jack Pawlak's BSA TROOP 671 ISA ACCOUNT
Using ISA.Troop671BSA@Troop671BSA.org to send to: "weber.k.e@comcast.net", Status: Successfully sent!
Using ISA.Troop671BSA@Troop671BSA.org to send to: "ISA.Troop671BSA@troop671bsa.org", Status: Successfully sent!
Using ISA.Troop671BSA@Troop671BSA.org to send to: "advisor@crew671bsa.org", Status: Successfully sent!
Using ISA.Troop671BSA@Troop671BSA.org to send to: "carverrick@comcast.net", Status: Successfully sent!
Using ISA.Troop671BSA@Troop671BSA.org to send to: "jeffriesrg@sbcglobal.net", Status: Successfully sent!
Using ISA.Troop671BSA@Troop671BSA.org to send to: "rgpavletic@gmail.com", Status: Successfully sent!
========== Tuesday October 30, 2018 at 18:56:4 ==========
========== Tuesday October 30, 2018 at 18:56:33 ==========
Subject: re: Daniel  Pawlak's BSA TROOP 671 ISA ACCOUNT
Using ISA.Troop671BSA@Troop671BSA.org to send to: "weber.k.e@comcast.net", Status: Successfully sent!
Using ISA.Troop671BSA@Troop671BSA.org to send to: "ISA.Troop671BSA@troop671bsa.org", Status: Successfully sent!
Using ISA.Troop671BSA@Troop671BSA.org to send to: "advisor@crew671bsa.org", Status: Successfully sent!
Using ISA.Troop671BSA@Troop671BSA.org to send to: "carverrick@comcast.net", Status: Successfully sent!
Using ISA.Troop671BSA@Troop671BSA.org to send to: "jeffriesrg@sbcglobal.net", Status: Successfully sent!
Using ISA.Troop671BSA@Troop671BSA.org to send to: "rgpavletic@gmail.com", Status: Successfully sent!
========== Tuesday October 30, 2018 at 18:56:33 ==========
========== Tuesday November 6, 2018 at 10:46:7 ==========
Subject: re: Giovanni Cava's BSA TROOP 671 ISA ACCOUNT
Using ISA.Troop671BSA@Troop671BSA.org to send to: "weber.k.e@comcast.net", Status: Successfully sent!
Using ISA.Troop671BSA@Troop671BSA.org to send to: "ISA.Troop671BSA@troop671bsa.org", Status: Successfully sent!
Using ISA.Troop671BSA@Troop671BSA.org to send to: "advisor@crew671bsa.org", Status: Successfully sent!
Using ISA.Troop671BSA@Troop671BSA.org to send to: "carverrick@comcast.net", Status: Successfully sent!
Using ISA.Troop671BSA@Troop671BSA.org to send to: "jeffriesrg@sbcglobal.net", Status: Successfully sent!
Using ISA.Troop671BSA@Troop671BSA.org to send to: "rgpavletic@gmail.com", Status: Successfully sent!
========== Tuesday November 6, 2018 at 10:46:7 ==========
========== Tuesday November 6, 2018 at 10:46:14 ==========
Subject: re: Giovanni Cava's BSA TROOP 671 ISA ACCOUNT
Using ISA.Troop671BSA@Troop671BSA.org to send to: "weber.k.e@comcast.net", Status: Successfully sent!
Using ISA.Troop671BSA@Troop671BSA.org to send to: "ISA.Troop671BSA@troop671bsa.org", Status: Successfully sent!
Using ISA.Troop671BSA@Troop671BSA.org to send to: "advisor@crew671bsa.org", Status: Successfully sent!
Using ISA.Troop671BSA@Troop671BSA.org to send to: "carverrick@comcast.net", Status: Successfully sent!
Using ISA.Troop671BSA@Troop671BSA.org to send to: "jeffriesrg@sbcglobal.net", Status: Successfully sent!
Using ISA.Troop671BSA@Troop671BSA.org to send to: "rgpavletic@gmail.com", Status: Successfully sent!
========== Tuesday November 6, 2018 at 10:46:14 ==========
========== Tuesday November 6, 2018 at 10:46:21 ==========
Subject: re: Giovanni Cava's BSA TROOP 671 ISA ACCOUNT
Using ISA.Troop671BSA@Troop671BSA.org to send to: "weber.k.e@comcast.net", Status: Successfully sent!
Using ISA.Troop671BSA@Troop671BSA.org to send to: "ISA.Troop671BSA@troop671bsa.org", Status: Successfully sent!
Using ISA.Troop671BSA@Troop671BSA.org to send to: "advisor@crew671bsa.org", Status: Successfully sent!
Using ISA.Troop671BSA@Troop671BSA.org to send to: "carverrick@comcast.net", Status: Successfully sent!
Using ISA.Troop671BSA@Troop671BSA.org to send to: "jeffriesrg@sbcglobal.net", Status: Successfully sent!
Using ISA.Troop671BSA@Troop671BSA.org to send to: "rgpavletic@gmail.com", Status: Successfully sent!
========== Tuesday November 6, 2018 at 10:46:21 ==========
========== Tuesday November 6, 2018 at 10:46:28 ==========
Subject: re: Giovanni Cava's BSA TROOP 671 ISA ACCOUNT
Using ISA.Troop671BSA@Troop671BSA.org to send to: "weber.k.e@comcast.net", Status: Successfully sent!
Using ISA.Troop671BSA@Troop671BSA.org to send to: "ISA.Troop671BSA@troop671bsa.org", Status: Successfully sent!
Using ISA.Troop671BSA@Troop671BSA.org to send to: "advisor@crew671bsa.org", Status: Successfully sent!
Using ISA.Troop671BSA@Troop671BSA.org to send to: "carverrick@comcast.net", Status: Successfully sent!
Using ISA.Troop671BSA@Troop671BSA.org to send to: "jeffriesrg@sbcglobal.net", Status: Successfully sent!
Using ISA.Troop671BSA@Troop671BSA.org to send to: "rgpavletic@gmail.com", Status: Successfully sent!
========== Tuesday November 6, 2018 at 10:46:28 ==========
========== Tuesday November 6, 2018 at 10:46:34 ==========
Subject: re: Giovanni Cava's BSA TROOP 671 ISA ACCOUNT
Using ISA.Troop671BSA@Troop671BSA.org to send to: "weber.k.e@comcast.net", Status: Successfully sent!
Using ISA.Troop671BSA@Troop671BSA.org to send to: "ISA.Troop671BSA@troop671bsa.org", Status: Successfully sent!
Using ISA.Troop671BSA@Troop671BSA.org to send to: "advisor@crew671bsa.org", Status: Successfully sent!
Using ISA.Troop671BSA@Troop671BSA.org to send to: "carverrick@comcast.net", Status: Successfully sent!
Using ISA.Troop671BSA@Troop671BSA.org to send to: "jeffriesrg@sbcglobal.net", Status: Successfully sent!
Using ISA.Troop671BSA@Troop671BSA.org to send to: "rgpavletic@gmail.com", Status: Successfully sent!
========== Tuesday November 6, 2018 at 10:46:34 ==========
========== Tuesday November 6, 2018 at 10:46:40 ==========
Subject: re: Giovanni Cava's BSA TROOP 671 ISA ACCOUNT
Using ISA.Troop671BSA@Troop671BSA.org to send to: "weber.k.e@comcast.net", Status: Successfully sent!
Using ISA.Troop671BSA@Troop671BSA.org to send to: "ISA.Troop671BSA@troop671bsa.org", Status: Successfully sent!
Using ISA.Troop671BSA@Troop671BSA.org to send to: "advisor@crew671bsa.org", Status: Successfully sent!
Using ISA.Troop671BSA@Troop671BSA.org to send to: "carverrick@comcast.net", Status: Successfully sent!
Using ISA.Troop671BSA@Troop671BSA.org to send to: "jeffriesrg@sbcglobal.net", Status: Successfully sent!
Using ISA.Troop671BSA@Troop671BSA.org to send to: "rgpavletic@gmail.com", Status: Successfully sent!
========== Tuesday November 6, 2018 at 10:46:40 ==========
========== Monday November 12, 2018 at 19:29:33 ==========
Subject: re: Alex Osterman's BSA TROOP 671 ISA ACCOUNT
Using ISA.Troop671BSA@Troop671BSA.org to send to: "weber.k.e@comcast.net", Status: Successfully sent!
Using ISA.Troop671BSA@Troop671BSA.org to send to: "ISA.Troop671BSA@troop671bsa.org", Status: Successfully sent!
Using ISA.Troop671BSA@Troop671BSA.org to send to: "advisor@crew671bsa.org", Status: Successfully sent!
Using ISA.Troop671BSA@Troop671BSA.org to send to: "carverrick@comcast.net", Status: Successfully sent!
Using ISA.Troop671BSA@Troop671BSA.org to send to: "jeffriesrg@sbcglobal.net", Status: Successfully sent!
Using ISA.Troop671BSA@Troop671BSA.org to send to: "rgpavletic@gmail.com", Status: Successfully sent!
========== Monday November 12, 2018 at 19:29:33 ==========
========== Monday December 3, 2018 at 14:42:20 ==========
Subject: re: Noah Adrian's BSA TROOP 671 ISA ACCOUNT
Using ISA.Troop671BSA@Troop671BSA.org to send to: "weber.k.e@comcast.net", Status: Successfully sent!
Using ISA.Troop671BSA@Troop671BSA.org to send to: "ISA.Troop671BSA@troop671bsa.org", Status: Successfully sent!
Using ISA.Troop671BSA@Troop671BSA.org to send to: "advisor@crew671bsa.org", Status: Successfully sent!
Using ISA.Troop671BSA@Troop671BSA.org to send to: "carverrick@comcast.net", Status: Successfully sent!
Using ISA.Troop671BSA@Troop671BSA.org to send to: "jeffriesrg@sbcglobal.net", Status: Successfully sent!
Using ISA.Troop671BSA@Troop671BSA.org to send to: "rgpavletic@gmail.com", Status: Successfully sent!
========== Monday December 3, 2018 at 14:42:20 ==========
========== Monday December 3, 2018 at 14:44:15 ==========
Subject: re: Jacob Adrian's BSA TROOP 671 ISA ACCOUNT
Using ISA.Troop671BSA@Troop671BSA.org to send to: "weber.k.e@comcast.net", Status: Successfully sent!
Using ISA.Troop671BSA@Troop671BSA.org to send to: "ISA.Troop671BSA@troop671bsa.org", Status: Successfully sent!
Using ISA.Troop671BSA@Troop671BSA.org to send to: "advisor@crew671bsa.org", Status: Successfully sent!
Using ISA.Troop671BSA@Troop671BSA.org to send to: "carverrick@comcast.net", Status: Successfully sent!
Using ISA.Troop671BSA@Troop671BSA.org to send to: "jeffriesrg@sbcglobal.net", Status: Successfully sent!
Using ISA.Troop671BSA@Troop671BSA.org to send to: "rgpavletic@gmail.com", Status: Successfully sent!
========== Monday December 3, 2018 at 14:44:15 ==========
========== Thursday December 6, 2018 at 15:25:42 ==========
Subject: re: Gavin Short's BSA TROOP 671 ISA ACCOUNT
Using ISA.Troop671BSA@Troop671BSA.org to send to: "weber.k.e@comcast.net", Status: Successfully sent!
Using ISA.Troop671BSA@Troop671BSA.org to send to: "ISA.Troop671BSA@troop671bsa.org", Status: Successfully sent!
Using ISA.Troop671BSA@Troop671BSA.org to send to: "advisor@crew671bsa.org", Status: Successfully sent!
Using ISA.Troop671BSA@Troop671BSA.org to send to: "carverrick@comcast.net", Status: Successfully sent!
Using ISA.Troop671BSA@Troop671BSA.org to send to: "jeffriesrg@sbcglobal.net", Status: Successfully sent!
Using ISA.Troop671BSA@Troop671BSA.org to send to: "rgpavletic@gmail.com", Status: Successfully sent!
========== Thursday December 6, 2018 at 15:25:42 ==========
========== Wednesday December 19, 2018 at 14:55:52 ==========
Subject: re: Justin Shamberg's BSA TROOP 671 ISA ACCOUNT
Using ISA.Troop671BSA@Troop671BSA.org to send to: "weber.k.e@comcast.net", Status: Successfully sent!
Using ISA.Troop671BSA@Troop671BSA.org to send to: "ISA.Troop671BSA@troop671bsa.org", Status: Successfully sent!
Using ISA.Troop671BSA@Troop671BSA.org to send to: "advisor@crew671bsa.org", Status: Successfully sent!
Using ISA.Troop671BSA@Troop671BSA.org to send to: "jeffriesrg@sbcglobal.net", Status: Successfully sent!
========== Wednesday December 19, 2018 at 14:55:52 ==========
========== Wednesday December 19, 2018 at 14:55:56 ==========
Subject: re: Justin Shamberg's BSA TROOP 671 ISA ACCOUNT
Using ISA.Troop671BSA@Troop671BSA.org to send to: "weber.k.e@comcast.net", Status: Successfully sent!
Using ISA.Troop671BSA@Troop671BSA.org to send to: "ISA.Troop671BSA@troop671bsa.org", Status: Successfully sent!
Using ISA.Troop671BSA@Troop671BSA.org to send to: "advisor@crew671bsa.org", Status: Successfully sent!
Using ISA.Troop671BSA@Troop671BSA.org to send to: "jeffriesrg@sbcglobal.net", Status: Successfully sent!
========== Wednesday December 19, 2018 at 14:55:56 ==========
========== Wednesday January 16, 2019 at 19:7:27 ==========
Subject: re: Matthew Sierzega's BSA TROOP 671 ISA ACCOUNT
Using ISA.Troop671BSA@Troop671BSA.org to send to: "weber.k.e@comcast.net", Status: Successfully sent!
Using ISA.Troop671BSA@Troop671BSA.org to send to: "ISA.Troop671BSA@troop671bsa.org", Status: Successfully sent!
Using ISA.Troop671BSA@Troop671BSA.org to send to: "advisor@crew671bsa.org", Status: Successfully sent!
Using ISA.Troop671BSA@Troop671BSA.org to send to: "jeffriesrg@sbcglobal.net", Status: Successfully sent!
========== Wednesday January 16, 2019 at 19:7:27 ==========
========== Monday February 18, 2019 at 15:11:6 ==========
Subject: re: Greyson Fout's BSA TROOP 671 ISA ACCOUNT
Using ISA.Troop671BSA@Troop671BSA.org to send to: "weber.k.e@comcast.net", Status: Successfully sent!
Using ISA.Troop671BSA@Troop671BSA.org to send to: "ISA.Troop671BSA@troop671bsa.org", Status: Successfully sent!
Using ISA.Troop671BSA@Troop671BSA.org to send to: "advisor@crew671bsa.org", Status: Successfully sent!
Using ISA.Troop671BSA@Troop671BSA.org to send to: "jeffriesrg@sbcglobal.net", Status: Successfully sent!
========== Monday February 18, 2019 at 15:11:6 ==========
========== Monday February 18, 2019 at 18:58:51 ==========
Subject: re: Vedant Sayankar's BSA TROOP 671 ISA ACCOUNT
Using ISA.Troop671BSA@Troop671BSA.org to send to: "weber.k.e@comcast.net", Status: Successfully sent!
Using ISA.Troop671BSA@Troop671BSA.org to send to: "ISA.Troop671BSA@troop671bsa.org", Status: Successfully sent!
Using ISA.Troop671BSA@Troop671BSA.org to send to: "advisor@crew671bsa.org", Status: Successfully sent!
Using ISA.Troop671BSA@Troop671BSA.org to send to: "jeffriesrg@sbcglobal.net", Status: Successfully sent!
========== Monday February 18, 2019 at 18:58:51 ==========
========== Tuesday February 19, 2019 at 15:48:12 ==========
Subject: re: William Jeffries's BSA TROOP 671 ISA ACCOUNT
Using ISA.Troop671BSA@Troop671BSA.org to send to: "weber.k.e@comcast.net", Status: Successfully sent!
Using ISA.Troop671BSA@Troop671BSA.org to send to: "ISA.Troop671BSA@troop671bsa.org", Status: Successfully sent!
Using ISA.Troop671BSA@Troop671BSA.org to send to: "advisor@crew671bsa.org", Status: Successfully sent!
Using ISA.Troop671BSA@Troop671BSA.org to send to: "jeffriesrg@sbcglobal.net", Status: Successfully sent!
========== Tuesday February 19, 2019 at 15:48:12 ==========
========== Sunday February 24, 2019 at 11:54:12 ==========
Subject: re: Matthew Sierzega's BSA TROOP 671 ISA ACCOUNT
Using ISA.Troop671BSA@Troop671BSA.org to send to: "weber.k.e@comcast.net", Status: Successfully sent!
Using ISA.Troop671BSA@Troop671BSA.org to send to: "ISA.Troop671BSA@troop671bsa.org", Status: Successfully sent!
Using ISA.Troop671BSA@Troop671BSA.org to send to: "advisor@crew671bsa.org", Status: Successfully sent!
Using ISA.Troop671BSA@Troop671BSA.org to send to: "jeffriesrg@sbcglobal.net", Status: Successfully sent!
========== Sunday February 24, 2019 at 11:54:12 ==========
========== Thursday March 14, 2019 at 20:46:20 ==========
Subject: re: Johnathan Kellogg's BSA TROOP 671 ISA ACCOUNT
Using ISA.Troop671BSA@Troop671BSA.org to send to: "weber.k.e@comcast.net", Status: Successfully sent!
Using ISA.Troop671BSA@Troop671BSA.org to send to: "ISA.Troop671BSA@troop671bsa.org", Status: Successfully sent!
Using ISA.Troop671BSA@Troop671BSA.org to send to: "advisor@crew671bsa.org", Status: Successfully sent!
Using ISA.Troop671BSA@Troop671BSA.org to send to: "jeffriesrg@sbcglobal.net", Status: Successfully sent!
========== Thursday March 14, 2019 at 20:46:20 ==========
========== Wednesday April 3, 2019 at 17:32:56 ==========
Subject: re: Spencer Pavletic's BSA TROOP 671 ISA ACCOUNT
Using ISA.Troop671BSA@Troop671BSA.org to send to: "weber.k.e@comcast.net", Status: Successfully sent!
Using ISA.Troop671BSA@Troop671BSA.org to send to: "ISA.Troop671BSA@troop671bsa.org", Status: Successfully sent!
Using ISA.Troop671BSA@Troop671BSA.org to send to: "advisor@crew671bsa.org", Status: Successfully sent!
Using ISA.Troop671BSA@Troop671BSA.org to send to: "jeffriesrg@sbcglobal.net", Status: Successfully sent!
========== Wednesday April 3, 2019 at 17:32:56 ==========
========== Tuesday April 9, 2019 at 4:57:52 ==========
Subject: re: Zach Thomas's BSA TROOP 671 ISA ACCOUNT
Using ISA.Troop671BSA@Troop671BSA.org to send to: "weber.k.e@comcast.net", Status: Successfully sent!
Using ISA.Troop671BSA@Troop671BSA.org to send to: "ISA.Troop671BSA@troop671bsa.org", Status: Successfully sent!
Using ISA.Troop671BSA@Troop671BSA.org to send to: "advisor@crew671bsa.org", Status: Successfully sent!
Using ISA.Troop671BSA@Troop671BSA.org to send to: "jeffriesrg@sbcglobal.net", Status: Successfully sent!
========== Tuesday April 9, 2019 at 4:57:52 ==========
========== Tuesday April 16, 2019 at 16:20:12 ==========
Subject: re: Isaac Koob's BSA TROOP 671 ISA ACCOUNT
Using ISA.Troop671BSA@Troop671BSA.org to send to: "weber.k.e@comcast.net", Status: Successfully sent!
Using ISA.Troop671BSA@Troop671BSA.org to send to: "ISA.Troop671BSA@troop671bsa.org", Status: Successfully sent!
Using ISA.Troop671BSA@Troop671BSA.org to send to: "advisor@crew671bsa.org", Status: Successfully sent!
Using ISA.Troop671BSA@Troop671BSA.org to send to: "jeffriesrg@sbcglobal.net", Status: Successfully sent!
========== Tuesday April 16, 2019 at 16:20:12 ==========
========== Tuesday April 16, 2019 at 16:22:33 ==========
Subject: re: Daniel  Pawlak's BSA TROOP 671 ISA ACCOUNT
Using ISA.Troop671BSA@Troop671BSA.org to send to: "weber.k.e@comcast.net", Status: Successfully sent!
Using ISA.Troop671BSA@Troop671BSA.org to send to: "ISA.Troop671BSA@troop671bsa.org", Status: Successfully sent!
Using ISA.Troop671BSA@Troop671BSA.org to send to: "advisor@crew671bsa.org", Status: Successfully sent!
Using ISA.Troop671BSA@Troop671BSA.org to send to: "jeffriesrg@sbcglobal.net", Status: Successfully sent!
========== Tuesday April 16, 2019 at 16:22:33 ==========
========== Tuesday April 16, 2019 at 16:23:25 ==========
Subject: re: Jack Pawlak's BSA TROOP 671 ISA ACCOUNT
Using ISA.Troop671BSA@Troop671BSA.org to send to: "weber.k.e@comcast.net", Status: Successfully sent!
Using ISA.Troop671BSA@Troop671BSA.org to send to: "ISA.Troop671BSA@troop671bsa.org", Status: Successfully sent!
Using ISA.Troop671BSA@Troop671BSA.org to send to: "advisor@crew671bsa.org", Status: Successfully sent!
Using ISA.Troop671BSA@Troop671BSA.org to send to: "jeffriesrg@sbcglobal.net", Status: Successfully sent!
========== Tuesday April 16, 2019 at 16:23:25 ==========
========== Friday April 19, 2019 at 13:39:59 ==========
Subject: re: Isaac Koob's BSA TROOP 671 ISA ACCOUNT
Using ISA.Troop671BSA@Troop671BSA.org to send to: "weber.k.e@comcast.net", Status: Successfully sent!
Using ISA.Troop671BSA@Troop671BSA.org to send to: "ISA.Troop671BSA@troop671bsa.org", Status: Successfully sent!
Using ISA.Troop671BSA@Troop671BSA.org to send to: "advisor@crew671bsa.org", Status: Successfully sent!
Using ISA.Troop671BSA@Troop671BSA.org to send to: "jeffriesrg@sbcglobal.net", Status: Successfully sent!
========== Friday April 19, 2019 at 13:39:59 ==========
========== Sunday May 26, 2019 at 15:31:22 ==========
Subject: re: Isaac Koob's BSA TROOP 671 ISA ACCOUNT
Using ISA.Troop671BSA@Troop671BSA.org to send to: "weber.k.e@comcast.net", Status: Successfully sent!
Using ISA.Troop671BSA@Troop671BSA.org to send to: "ISA.Troop671BSA@troop671bsa.org", Status: Successfully sent!
Using ISA.Troop671BSA@Troop671BSA.org to send to: "advisor@crew671bsa.org", Status: Successfully sent!
Using ISA.Troop671BSA@Troop671BSA.org to send to: "jeffriesrg@sbcglobal.net", Status: Successfully sent!
========== Sunday May 26, 2019 at 15:31:22 ==========
========== Sunday May 26, 2019 at 15:31:25 ==========
Subject: re: Isaac Koob's BSA TROOP 671 ISA ACCOUNT
Using ISA.Troop671BSA@Troop671BSA.org to send to: "weber.k.e@comcast.net", Status: Successfully sent!
Using ISA.Troop671BSA@Troop671BSA.org to send to: "ISA.Troop671BSA@troop671bsa.org", Status: Successfully sent!
Using ISA.Troop671BSA@Troop671BSA.org to send to: "advisor@crew671bsa.org", Status: Successfully sent!
Using ISA.Troop671BSA@Troop671BSA.org to send to: "jeffriesrg@sbcglobal.net", Status: Successfully sent!
========== Sunday May 26, 2019 at 15:31:25 ==========
========== Sunday May 26, 2019 at 15:31:28 ==========
Subject: re: Isaac Koob's BSA TROOP 671 ISA ACCOUNT
Using ISA.Troop671BSA@Troop671BSA.org to send to: "weber.k.e@comcast.net", Status: Successfully sent!
Using ISA.Troop671BSA@Troop671BSA.org to send to: "ISA.Troop671BSA@troop671bsa.org", Status: Successfully sent!
Using ISA.Troop671BSA@Troop671BSA.org to send to: "advisor@crew671bsa.org", Status: Successfully sent!
Using ISA.Troop671BSA@Troop671BSA.org to send to: "jeffriesrg@sbcglobal.net", Status: Successfully sent!
========== Sunday May 26, 2019 at 15:31:28 ==========
========== Sunday May 26, 2019 at 15:31:31 ==========
Subject: re: Isaac Koob's BSA TROOP 671 ISA ACCOUNT
Using ISA.Troop671BSA@Troop671BSA.org to send to: "weber.k.e@comcast.net", Status: Successfully sent!
Using ISA.Troop671BSA@Troop671BSA.org to send to: "ISA.Troop671BSA@troop671bsa.org", Status: Successfully sent!
Using ISA.Troop671BSA@Troop671BSA.org to send to: "advisor@crew671bsa.org", Status: Successfully sent!
Using ISA.Troop671BSA@Troop671BSA.org to send to: "jeffriesrg@sbcglobal.net", Status: Successfully sent!
========== Sunday May 26, 2019 at 15:31:31 ==========
========== Sunday May 26, 2019 at 15:31:34 ==========
Subject: re: Isaac Koob's BSA TROOP 671 ISA ACCOUNT
Using ISA.Troop671BSA@Troop671BSA.org to send to: "weber.k.e@comcast.net", Status: Successfully sent!
Using ISA.Troop671BSA@Troop671BSA.org to send to: "ISA.Troop671BSA@troop671bsa.org", Status: Successfully sent!
Using ISA.Troop671BSA@Troop671BSA.org to send to: "advisor@crew671bsa.org", Status: Successfully sent!
Using ISA.Troop671BSA@Troop671BSA.org to send to: "jeffriesrg@sbcglobal.net", Status: Successfully sent!
========== Sunday May 26, 2019 at 15:31:34 ==========
========== Monday June 17, 2019 at 17:52:39 ==========
Subject: re: Vedant Sayankar's BSA TROOP 671 ISA ACCOUNT
Using ISA.Troop671BSA@Troop671BSA.org to send to: "weber.k.e@comcast.net", Status: Successfully sent!
Using ISA.Troop671BSA@Troop671BSA.org to send to: "ISA.Troop671BSA@troop671bsa.org", Status: Successfully sent!
Using ISA.Troop671BSA@Troop671BSA.org to send to: "advisor@crew671bsa.org", Status: Successfully sent!
Using ISA.Troop671BSA@Troop671BSA.org to send to: "jeffriesrg@sbcglobal.net", Status: Successfully sent!
========== Monday June 17, 2019 at 17:52:39 ==========
========== Wednesday June 26, 2019 at 14:46:45 ==========
Subject: re: Luke Weber's BSA TROOP 671 ISA ACCOUNT
Using ISA.Troop671BSA@Troop671BSA.org to send to: "weber.k.e@comcast.net", Status: Successfully sent!
Using ISA.Troop671BSA@Troop671BSA.org to send to: "ISA.Troop671BSA@troop671bsa.org", Status: Successfully sent!
Using ISA.Troop671BSA@Troop671BSA.org to send to: "advisor@crew671bsa.org", Status: Successfully sent!
Using ISA.Troop671BSA@Troop671BSA.org to send to: "jeffriesrg@sbcglobal.net", Status: Successfully sent!
========== Wednesday June 26, 2019 at 14:46:45 ==========
========== Friday July 12, 2019 at 6:51:17 ==========
Subject: re: Zach Thomas's BSA TROOP 671 ISA ACCOUNT
Using ISA.Troop671BSA@Troop671BSA.org to send to: "weber.k.e@comcast.net", Status: Successfully sent!
Using ISA.Troop671BSA@Troop671BSA.org to send to: "ISA.Troop671BSA@troop671bsa.org", Status: Successfully sent!
Using ISA.Troop671BSA@Troop671BSA.org to send to: "advisor@crew671bsa.org", Status: Successfully sent!
Using ISA.Troop671BSA@Troop671BSA.org to send to: "jeffriesrg@sbcglobal.net", Status: Successfully sent!
========== Friday July 12, 2019 at 6:51:17 ==========
========== Tuesday July 16, 2019 at 11:37:34 ==========
Subject: re: Justin Shamberg's BSA TROOP 671 ISA ACCOUNT
Using ISA.Troop671BSA@Troop671BSA.org to send to: "weber.k.e@comcast.net", Status: Successfully sent!
Using ISA.Troop671BSA@Troop671BSA.org to send to: "ISA.Troop671BSA@troop671bsa.org", Status: Successfully sent!
Using ISA.Troop671BSA@Troop671BSA.org to send to: "advisor@crew671bsa.org", Status: Successfully sent!
Using ISA.Troop671BSA@Troop671BSA.org to send to: "jeffriesrg@sbcglobal.net", Status: Successfully sent!
========== Tuesday July 16, 2019 at 11:37:34 ==========
========== Tuesday July 16, 2019 at 12:36:22 ==========
Subject: re: William Jeffries's BSA TROOP 671 ISA ACCOUNT
Using ISA.Troop671BSA@Troop671BSA.org to send to: "weber.k.e@comcast.net", Status: Successfully sent!
Using ISA.Troop671BSA@Troop671BSA.org to send to: "ISA.Troop671BSA@troop671bsa.org", Status: Successfully sent!
Using ISA.Troop671BSA@Troop671BSA.org to send to: "advisor@crew671bsa.org", Status: Successfully sent!
Using ISA.Troop671BSA@Troop671BSA.org to send to: "jeffriesrg@sbcglobal.net", Status: Successfully sent!
========== Tuesday July 16, 2019 at 12:36:22 ==========
========== Tuesday July 16, 2019 at 14:35:26 ==========
Subject: re: William Jeffries's BSA TROOP 671 ISA ACCOUNT
Using ISA.Troop671BSA@Troop671BSA.org to send to: "weber.k.e@comcast.net", Status: Successfully sent!
Using ISA.Troop671BSA@Troop671BSA.org to send to: "ISA.Troop671BSA@troop671bsa.org", Status: Successfully sent!
Using ISA.Troop671BSA@Troop671BSA.org to send to: "advisor@crew671bsa.org", Status: Successfully sent!
Using ISA.Troop671BSA@Troop671BSA.org to send to: "jeffriesrg@sbcglobal.net", Status: Successfully sent!
========== Tuesday July 16, 2019 at 14:35:26 ==========
========== Tuesday August 27, 2019 at 15:59:25 ==========
Subject: re: Isaac Koob's BSA TROOP 671 ISA ACCOUNT
Using ISA.Troop671BSA@Troop671BSA.org to send to: "weber.k.e@comcast.net", Status: Successfully sent!
Using ISA.Troop671BSA@Troop671BSA.org to send to: "ISA.Troop671BSA@troop671bsa.org", Status: Successfully sent!
Using ISA.Troop671BSA@Troop671BSA.org to send to: "advisor@crew671bsa.org", Status: Successfully sent!
Using ISA.Troop671BSA@Troop671BSA.org to send to: "jeffriesrg@sbcglobal.net", Status: Successfully sent!
========== Tuesday August 27, 2019 at 15:59:25 ==========
========== Tuesday October 29, 2019 at 17:11:37 ==========
Subject: re: Gavin Short's BSA TROOP 671 ISA ACCOUNT
Using ISA.Troop671BSA@Troop671BSA.org to send to: "weber.k.e@comcast.net", Status: Successfully sent!
Using ISA.Troop671BSA@Troop671BSA.org to send to: "ISA.Troop671BSA@troop671bsa.org", Status: Successfully sent!
Using ISA.Troop671BSA@Troop671BSA.org to send to: "advisor@crew671bsa.org", Status: Successfully sent!
Using ISA.Troop671BSA@Troop671BSA.org to send to: "jeffriesrg@sbcglobal.net", Status: Successfully sent!
========== Tuesday October 29, 2019 at 17:11:37 ==========
========== Tuesday November 12, 2019 at 15:12:37 ==========
Subject: re: Joe Barber's BSA TROOP 671 ISA ACCOUNT
Using ISA.Troop671BSA@Troop671BSA.org to send to: "weber.k.e@comcast.net", Status: Successfully sent!
Using ISA.Troop671BSA@Troop671BSA.org to send to: "ISA.Troop671BSA@troop671bsa.org", Status: Successfully sent!
Using ISA.Troop671BSA@Troop671BSA.org to send to: "advisor@crew671bsa.org", Status: Successfully sent!
Using ISA.Troop671BSA@Troop671BSA.org to send to: "jeffriesrg@sbcglobal.net", Status: Successfully sent!
Using ISA.Troop671BSA@Troop671BSA.org to send to: "marylpec@gmail.com", Status: Successfully sent!
========== Tuesday November 12, 2019 at 15:12:37 ==========
========== Monday November 18, 2019 at 15:32:42 ==========
Subject: re: Jacob Adrian's BSA TROOP 671 ISA ACCOUNT
Using ISA.Troop671BSA@Troop671BSA.org to send to: "weber.k.e@comcast.net", Status: Successfully sent!
Using ISA.Troop671BSA@Troop671BSA.org to send to: "ISA.Troop671BSA@troop671bsa.org", Status: Successfully sent!
Using ISA.Troop671BSA@Troop671BSA.org to send to: "advisor@crew671bsa.org", Status: Successfully sent!
Using ISA.Troop671BSA@Troop671BSA.org to send to: "jeffriesrg@sbcglobal.net", Status: Successfully sent!
Using ISA.Troop671BSA@Troop671BSA.org to send to: "marylpec@gmail.com", Status: Successfully sent!
========== Monday November 18, 2019 at 15:32:42 ==========
========== Monday November 18, 2019 at 15:34:49 ==========
Subject: re: Noah Adrian's BSA TROOP 671 ISA ACCOUNT
Using ISA.Troop671BSA@Troop671BSA.org to send to: "weber.k.e@comcast.net", Status: Successfully sent!
Using ISA.Troop671BSA@Troop671BSA.org to send to: "ISA.Troop671BSA@troop671bsa.org", Status: Successfully sent!
Using ISA.Troop671BSA@Troop671BSA.org to send to: "advisor@crew671bsa.org", Status: Successfully sent!
Using ISA.Troop671BSA@Troop671BSA.org to send to: "jeffriesrg@sbcglobal.net", Status: Successfully sent!
Using ISA.Troop671BSA@Troop671BSA.org to send to: "marylpec@gmail.com", Status: Successfully sent!
========== Monday November 18, 2019 at 15:34:49 ==========
========== Tuesday January 7, 2020 at 16:28:13 ==========
Subject: re: Jack Pawlak's BSA TROOP 671 ISA ACCOUNT
Using ISA.Troop671BSA@Troop671BSA.org to send to: "weber.k.e@comcast.net", Status: Successfully sent!
Using ISA.Troop671BSA@Troop671BSA.org to send to: "ISA.Troop671BSA@troop671bsa.org", Status: Successfully sent!
Using ISA.Troop671BSA@Troop671BSA.org to send to: "advisor@crew671bsa.org", Status: Successfully sent!
Using ISA.Troop671BSA@Troop671BSA.org to send to: "jeffriesrg@sbcglobal.net", Status: Successfully sent!
Using ISA.Troop671BSA@Troop671BSA.org to send to: "marylpec@gmail.com", Status: Successfully sent!
========== Tuesday January 7, 2020 at 16:28:13 ==========
========== Wednesday January 15, 2020 at 19:31:30 ==========
Subject: re: Rutvik Sayankar's BSA TROOP 671 ISA ACCOUNT
Using ISA.Troop671BSA@Troop671BSA.org to send to: "weber.k.e@comcast.net", Status: Successfully sent!
Using ISA.Troop671BSA@Troop671BSA.org to send to: "ISA.Troop671BSA@troop671bsa.org", Status: Successfully sent!
Using ISA.Troop671BSA@Troop671BSA.org to send to: "advisor@crew671bsa.org", Status: Successfully sent!
Using ISA.Troop671BSA@Troop671BSA.org to send to: "jeffriesrg@sbcglobal.net", Status: Successfully sent!
Using ISA.Troop671BSA@Troop671BSA.org to send to: "marylpec@gmail.com", Status: Successfully sent!
========== Wednesday January 15, 2020 at 19:31:30 ==========
========== Tuesday February 4, 2020 at 16:33:6 ==========
Subject: re: Patrick Naumann's BSA TROOP 671 ISA ACCOUNT
Using ISA.Troop671BSA@Troop671BSA.org to send to: "weber.k.e@comcast.net", Status: Successfully sent!
Using ISA.Troop671BSA@Troop671BSA.org to send to: "ISA.Troop671BSA@troop671bsa.org", Status: Successfully sent!
Using ISA.Troop671BSA@Troop671BSA.org to send to: "advisor@crew671bsa.org", Status: Successfully sent!
Using ISA.Troop671BSA@Troop671BSA.org to send to: "jeffriesrg@sbcglobal.net", Status: Successfully sent!
Using ISA.Troop671BSA@Troop671BSA.org to send to: "marylpec@gmail.com", Status: Successfully sent!
========== Tuesday February 4, 2020 at 16:33:6 ==========
========== Tuesday March 10, 2020 at 12:40:43 ==========
Subject: re: Gavin Short's BSA TROOP 671 ISA ACCOUNT
Using ISA.Troop671BSA@Troop671BSA.org to send to: "weber.k.e@comcast.net", Status:  authentication failure [SMTP: Invalid response code received from server (code: 535, response: 5.7.8 Username and Password not accepted. Learn more at
5.7.8  https://support.google.com/mail/?p=BadCredentials t7sm380612qtr.88 - gsmtp)]
Using ISA.Troop671BSA@Troop671BSA.org to send to: "ISA.Troop671BSA@troop671bsa.org", Status:  authentication failure [SMTP: Invalid response code received from server (code: 535, response: 5.7.8 Username and Password not accepted. Learn more at
5.7.8  https://support.google.com/mail/?p=BadCredentials k66sm11861920qke.10 - gsmtp)]
Using ISA.Troop671BSA@Troop671BSA.org to send to: "advisor@crew671bsa.org", Status:  authentication failure [SMTP: Invalid response code received from server (code: 535, response: 5.7.8 Username and Password not accepted. Learn more at
5.7.8  https://support.google.com/mail/?p=BadCredentials u18sm10043571qtv.96 - gsmtp)]
Using ISA.Troop671BSA@Troop671BSA.org to send to: "jeffriesrg@sbcglobal.net", Status:  authentication failure [SMTP: Invalid response code received from server (code: 535, response: 5.7.8 Username and Password not accepted. Learn more at
5.7.8  https://support.google.com/mail/?p=BadCredentials i16sm24167703qkh.120 - gsmtp)]
Using ISA.Troop671BSA@Troop671BSA.org to send to: "marylpec@gmail.com", Status:  authentication failure [SMTP: Invalid response code received from server (code: 535, response: 5.7.8 Username and Password not accepted. Learn more at
5.7.8  https://support.google.com/mail/?p=BadCredentials m17sm18147995qke.24 - gsmtp)]
========== Tuesday March 10, 2020 at 12:40:43 ==========
========== Tuesday March 10, 2020 at 12:41:30 ==========
Subject: re: Gavin Short's BSA TROOP 671 ISA ACCOUNT
Using ISA.Troop671BSA@Troop671BSA.org to send to: "weber.k.e@comcast.net", Status:  authentication failure [SMTP: Invalid response code received from server (code: 535, response: 5.7.8 Username and Password not accepted. Learn more at
5.7.8  https://support.google.com/mail/?p=BadCredentials b145sm3862558qkg.52 - gsmtp)]
Using ISA.Troop671BSA@Troop671BSA.org to send to: "ISA.Troop671BSA@troop671bsa.org", Status:  authentication failure [SMTP: Invalid response code received from server (code: 535, response: 5.7.8 Username and Password not accepted. Learn more at
5.7.8  https://support.google.com/mail/?p=BadCredentials k11sm24352814qti.68 - gsmtp)]
Using ISA.Troop671BSA@Troop671BSA.org to send to: "advisor@crew671bsa.org", Status:  authentication failure [SMTP: Invalid response code received from server (code: 535, response: 5.7.8 Username and Password not accepted. Learn more at
5.7.8  https://support.google.com/mail/?p=BadCredentials j17sm25138925qth.27 - gsmtp)]
Using ISA.Troop671BSA@Troop671BSA.org to send to: "jeffriesrg@sbcglobal.net", Status:  authentication failure [SMTP: Invalid response code received from server (code: 535, response: 5.7.8 Username and Password not accepted. Learn more at
5.7.8  https://support.google.com/mail/?p=BadCredentials a21sm3861811qtp.25 - gsmtp)]
Using ISA.Troop671BSA@Troop671BSA.org to send to: "marylpec@gmail.com", Status:  authentication failure [SMTP: Invalid response code received from server (code: 535, response: 5.7.8 Username and Password not accepted. Learn more at
5.7.8  https://support.google.com/mail/?p=BadCredentials q142sm4614381qke.45 - gsmtp)]
========== Tuesday March 10, 2020 at 12:41:30 ==========
========== Wednesday March 11, 2020 at 5:55:5 ==========
Subject: re: Gavin Short's BSA TROOP 671 ISA ACCOUNT
Using ISA.Troop671BSA@Troop671BSA.org to send to: "ISA.Troop671BSA@troop671bsa.org", Status: Successfully sent!
Using ISA.Troop671BSA@Troop671BSA.org to send to: "jeffriesrg@sbcglobal.net", Status: Successfully sent!
Using ISA.Troop671BSA@Troop671BSA.org to send to: "marylpec@gmail.com", Status: Successfully sent!
========== Wednesday March 11, 2020 at 5:55:5 ==========
========== Wednesday September 9, 2020 at 18:29:30 ==========
Subject: re: Vedant Sayankar's BSA TROOP 671 ISA ACCOUNT
Using ISA.Troop671BSA@Troop671BSA.org to send to: "ISA.Troop671BSA@troop671bsa.org", Status:  authentication failure [SMTP: Invalid response code received from server (code: 535, response: 5.7.8 Username and Password not accepted. Learn more at
5.7.8  https://support.google.com/mail/?p=BadCredentials h125sm4570605qkf.90 - gsmtp)]
Using ISA.Troop671BSA@Troop671BSA.org to send to: "jeffriesrg@sbcglobal.net", Status:  authentication failure [SMTP: Invalid response code received from server (code: 535, response: 5.7.8 Username and Password not accepted. Learn more at
5.7.8  https://support.google.com/mail/?p=BadCredentials y69sm4632916qkb.52 - gsmtp)]
Using ISA.Troop671BSA@Troop671BSA.org to send to: "marylpec@gmail.com", Status:  authentication failure [SMTP: Invalid response code received from server (code: 535, response: 5.7.8 Username and Password not accepted. Learn more at
5.7.8  https://support.google.com/mail/?p=BadCredentials e26sm4470860qka.24 - gsmtp)]
========== Wednesday September 9, 2020 at 18:29:30 ==========
========== Thursday September 24, 2020 at 7:16:11 ==========
Subject: re: Vedant Sayankar's BSA TROOP 671 ISA ACCOUNT
Using ISA.Troop671BSA@Troop671BSA.org to send to: "ISA.Troop671BSA@troop671bsa.org", Status:  authentication failure [SMTP: Invalid response code received from server (code: 535, response: 5.7.8 Username and Password not accepted. Learn more at
5.7.8  https://support.google.com/mail/?p=BadCredentials i187sm2151197qke.43 - gsmtp)]
Using ISA.Troop671BSA@Troop671BSA.org to send to: "jeffriesrg@sbcglobal.net", Status:  authentication failure [SMTP: Invalid response code received from server (code: 535, response: 5.7.8 Username and Password not accepted. Learn more at
5.7.8  https://support.google.com/mail/?p=BadCredentials u15sm2339142qtj.3 - gsmtp)]
Using ISA.Troop671BSA@Troop671BSA.org to send to: "marylpec@gmail.com", Status:  authentication failure [SMTP: Invalid response code received from server (code: 535, response: 5.7.8 Username and Password not accepted. Learn more at
5.7.8  https://support.google.com/mail/?p=BadCredentials z2sm2168899qkg.40 - gsmtp)]
========== Thursday September 24, 2020 at 7:16:11 ==========
========== Thursday September 24, 2020 at 7:36:53 ==========
Subject: re: Gavin Short's BSA TROOP 671 ISA ACCOUNT
Using ISA.Troop671BSA@Troop671BSA.org to send to: "ISA.Troop671BSA@troop671bsa.org", Status: Successfully sent!
Using ISA.Troop671BSA@Troop671BSA.org to send to: "jeffriesrg@sbcglobal.net", Status: Successfully sent!
Using ISA.Troop671BSA@Troop671BSA.org to send to: "marylpec@gmail.com", Status: Successfully sent!
========== Thursday September 24, 2020 at 7:36:53 ==========
========== Thursday September 24, 2020 at 8:18:27 ==========
Subject: re: Vedant Sayankar's BSA TROOP 671 ISA ACCOUNT
Using ISA.Troop671BSA@Troop671BSA.org to send to: "ISA.Troop671BSA@troop671bsa.org", Status: Successfully sent!
Using ISA.Troop671BSA@Troop671BSA.org to send to: "jeffriesrg@sbcglobal.net", Status: Successfully sent!
Using ISA.Troop671BSA@Troop671BSA.org to send to: "marylpec@gmail.com", Status: Successfully sent!
========== Thursday September 24, 2020 at 8:18:27 ==========
========== Thursday September 24, 2020 at 8:19:27 ==========
Subject: re: Vedant Sayankar's BSA TROOP 671 ISA ACCOUNT
Using ISA.Troop671BSA@Troop671BSA.org to send to: "ISA.Troop671BSA@troop671bsa.org", Status: Successfully sent!
Using ISA.Troop671BSA@Troop671BSA.org to send to: "jeffriesrg@sbcglobal.net", Status: Successfully sent!
Using ISA.Troop671BSA@Troop671BSA.org to send to: "marylpec@gmail.com", Status: Successfully sent!
========== Thursday September 24, 2020 at 8:19:27 ==========
========== Wednesday September 30, 2020 at 15:15:54 ==========
Subject: re: Jack Pawlak's BSA TROOP 671 ISA ACCOUNT
Using ISA.Troop671BSA@Troop671BSA.org to send to: "ISA.Troop671BSA@troop671bsa.org", Status: Successfully sent!
Using ISA.Troop671BSA@Troop671BSA.org to send to: "jeffriesrg@sbcglobal.net", Status: Successfully sent!
Using ISA.Troop671BSA@Troop671BSA.org to send to: "marylpec@gmail.com", Status: Successfully sent!
========== Wednesday September 30, 2020 at 15:15:54 ==========
========== Tuesday October 20, 2020 at 16:53:47 ==========
Subject: re: Jack Pawlak's BSA TROOP 671 ISA ACCOUNT
Using ISA.Troop671BSA@Troop671BSA.org to send to: "ISA.Troop671BSA@troop671bsa.org", Status: Successfully sent!
Using ISA.Troop671BSA@Troop671BSA.org to send to: "jeffriesrg@sbcglobal.net", Status: Successfully sent!
Using ISA.Troop671BSA@Troop671BSA.org to send to: "marylpec@gmail.com", Status: Successfully sent!
========== Tuesday October 20, 2020 at 16:53:47 ==========
========== Tuesday November 10, 2020 at 17:28:57 ==========
Subject: re: Gavin Short's BSA TROOP 671 ISA ACCOUNT
Using ISA.Troop671BSA@Troop671BSA.org to send to: "ISA.Troop671BSA@troop671bsa.org", Status: Successfully sent!
Using ISA.Troop671BSA@Troop671BSA.org to send to: "jeffriesrg@sbcglobal.net", Status: Successfully sent!
Using ISA.Troop671BSA@Troop671BSA.org to send to: "marylpec@gmail.com", Status: Successfully sent!
========== Tuesday November 10, 2020 at 17:28:57 ==========
========== Tuesday November 10, 2020 at 17:29:41 ==========
Subject: re: Gavin Short's BSA TROOP 671 ISA ACCOUNT
Using ISA.Troop671BSA@Troop671BSA.org to send to: "ISA.Troop671BSA@troop671bsa.org", Status: Successfully sent!
Using ISA.Troop671BSA@Troop671BSA.org to send to: "jeffriesrg@sbcglobal.net", Status: Successfully sent!
Using ISA.Troop671BSA@Troop671BSA.org to send to: "marylpec@gmail.com", Status: Successfully sent!
========== Tuesday November 10, 2020 at 17:29:41 ==========
========== Wednesday November 11, 2020 at 22:33:21 ==========
Subject: re: Daniel  Pawlak's BSA TROOP 671 ISA ACCOUNT
Using ISA.Troop671BSA@Troop671BSA.org to send to: "ISA.Troop671BSA@troop671bsa.org", Status: Successfully sent!
Using ISA.Troop671BSA@Troop671BSA.org to send to: "jeffriesrg@sbcglobal.net", Status: Successfully sent!
Using ISA.Troop671BSA@Troop671BSA.org to send to: "marylpec@gmail.com", Status: Successfully sent!
========== Wednesday November 11, 2020 at 22:33:21 ==========
========== Sunday November 22, 2020 at 12:43:11 ==========
Subject: re: William Jeffries's BSA TROOP 671 ISA ACCOUNT
Using ISA.Troop671BSA@Troop671BSA.org to send to: "ISA.Troop671BSA@troop671bsa.org", Status: Successfully sent!
Using ISA.Troop671BSA@Troop671BSA.org to send to: "jeffriesrg@sbcglobal.net", Status: Successfully sent!
Using ISA.Troop671BSA@Troop671BSA.org to send to: "marylpec@gmail.com", Status: Successfully sent!
========== Sunday November 22, 2020 at 12:43:11 ==========
========== Sunday November 22, 2020 at 12:45:26 ==========
Subject: re: William Jeffries's BSA TROOP 671 ISA ACCOUNT
Using ISA.Troop671BSA@Troop671BSA.org to send to: "ISA.Troop671BSA@troop671bsa.org", Status: Successfully sent!
Using ISA.Troop671BSA@Troop671BSA.org to send to: "jeffriesrg@sbcglobal.net", Status: Successfully sent!
Using ISA.Troop671BSA@Troop671BSA.org to send to: "marylpec@gmail.com", Status: Successfully sent!
========== Sunday November 22, 2020 at 12:45:26 ==========
========== Wednesday November 25, 2020 at 11:37:3 ==========
Subject: re: Gavin Short's BSA TROOP 671 ISA ACCOUNT
Using ISA.Troop671BSA@Troop671BSA.org to send to: "ISA.Troop671BSA@troop671bsa.org", Status: Successfully sent!
Using ISA.Troop671BSA@Troop671BSA.org to send to: "jeffriesrg@sbcglobal.net", Status: Successfully sent!
Using ISA.Troop671BSA@Troop671BSA.org to send to: "marylpec@gmail.com", Status: Successfully sent!
========== Wednesday November 25, 2020 at 11:37:3 ==========
========== Saturday November 28, 2020 at 17:42:28 ==========
Subject: re: Noah Adrian's BSA TROOP 671 ISA ACCOUNT
Using ISA.Troop671BSA@Troop671BSA.org to send to: "ISA.Troop671BSA@troop671bsa.org", Status: Successfully sent!
Using ISA.Troop671BSA@Troop671BSA.org to send to: "jeffriesrg@sbcglobal.net", Status: Successfully sent!
Using ISA.Troop671BSA@Troop671BSA.org to send to: "marylpec@gmail.com", Status: Successfully sent!
========== Saturday November 28, 2020 at 17:42:28 ==========
========== Thursday December 31, 2020 at 16:58:16 ==========
Subject: re: William Jeffries's BSA TROOP 671 ISA ACCOUNT
Using ISA.Troop671BSA@Troop671BSA.org to send to: "ISA.Troop671BSA@troop671bsa.org", Status: Successfully sent!
Using ISA.Troop671BSA@Troop671BSA.org to send to: "jeffriesrg@sbcglobal.net", Status: Successfully sent!
Using ISA.Troop671BSA@Troop671BSA.org to send to: "marylpec@gmail.com", Status: Successfully sent!
========== Thursday December 31, 2020 at 16:58:16 ==========
========== Thursday December 31, 2020 at 17:11:2 ==========
Subject: re: William Jeffries's BSA TROOP 671 ISA ACCOUNT
Using ISA.Troop671BSA@Troop671BSA.org to send to: "ISA.Troop671BSA@troop671bsa.org", Status: Successfully sent!
Using ISA.Troop671BSA@Troop671BSA.org to send to: "jeffriesrg@sbcglobal.net", Status: Successfully sent!
Using ISA.Troop671BSA@Troop671BSA.org to send to: "marylpec@gmail.com", Status: Successfully sent!
========== Thursday December 31, 2020 at 17:11:2 ==========
========== Thursday December 31, 2020 at 17:11:5 ==========
Subject: re: William Jeffries's BSA TROOP 671 ISA ACCOUNT
Using ISA.Troop671BSA@Troop671BSA.org to send to: "ISA.Troop671BSA@troop671bsa.org", Status: Successfully sent!
Using ISA.Troop671BSA@Troop671BSA.org to send to: "jeffriesrg@sbcglobal.net", Status: Successfully sent!
Using ISA.Troop671BSA@Troop671BSA.org to send to: "marylpec@gmail.com", Status: Successfully sent!
========== Thursday December 31, 2020 at 17:11:5 ==========
========== Friday March 12, 2021 at 0:38:17 ==========
Subject: re: Jack Pawlak's BSA TROOP 671 ISA ACCOUNT
Using ISA.Troop671BSA@Troop671BSA.org to send to: "ISA.Troop671BSA@troop671bsa.org", Status: Successfully sent!
Using ISA.Troop671BSA@Troop671BSA.org to send to: "jeffriesrg@sbcglobal.net", Status: Successfully sent!
Using ISA.Troop671BSA@Troop671BSA.org to send to: "marylpec@gmail.com", Status: Successfully sent!
========== Friday March 12, 2021 at 0:38:17 ==========
========== Thursday April 15, 2021 at 7:52:22 ==========
Subject: re: Jack Pawlak's BSA TROOP 671 ISA ACCOUNT
Using ISA.Troop671BSA@Troop671BSA.org to send to: "ISA.Troop671BSA@troop671bsa.org", Status: Successfully sent!
Using ISA.Troop671BSA@Troop671BSA.org to send to: "jeffriesrg@sbcglobal.net", Status: Successfully sent!
Using ISA.Troop671BSA@Troop671BSA.org to send to: "marylpec@gmail.com", Status: Successfully sent!
========== Thursday April 15, 2021 at 7:52:22 ==========
========== Thursday April 15, 2021 at 7:56:29 ==========
Subject: re: Clark Pawlak's BSA TROOP 671 ISA ACCOUNT
Using ISA.Troop671BSA@Troop671BSA.org to send to: "ISA.Troop671BSA@troop671bsa.org", Status: Successfully sent!
Using ISA.Troop671BSA@Troop671BSA.org to send to: "jeffriesrg@sbcglobal.net", Status: Successfully sent!
Using ISA.Troop671BSA@Troop671BSA.org to send to: "marylpec@gmail.com", Status: Successfully sent!
========== Thursday April 15, 2021 at 7:56:29 ==========
========== Monday May 3, 2021 at 14:24:48 ==========
Subject: re: Vedant Sayankar's BSA TROOP 671 ISA ACCOUNT
Using ISA.Troop671BSA@Troop671BSA.org to send to: "ISA.Troop671BSA@troop671bsa.org", Status: Successfully sent!
Using ISA.Troop671BSA@Troop671BSA.org to send to: "jeffriesrg@sbcglobal.net", Status: Successfully sent!
Using ISA.Troop671BSA@Troop671BSA.org to send to: "marylpec@gmail.com", Status: Successfully sent!
========== Monday May 3, 2021 at 14:24:48 ==========
========== Wednesday July 21, 2021 at 15:30:30 ==========
Subject: re: Vedant Sayankar's BSA TROOP 671 ISA ACCOUNT
Using ISA.Troop671BSA@Troop671BSA.org to send to: "ISA.Troop671BSA@troop671bsa.org", Status: Successfully sent!
Using ISA.Troop671BSA@Troop671BSA.org to send to: "jeffriesrg@sbcglobal.net", Status: Successfully sent!
Using ISA.Troop671BSA@Troop671BSA.org to send to: "marylpec@gmail.com", Status: Successfully sent!
========== Wednesday July 21, 2021 at 15:30:30 ==========
========== Tuesday September 14, 2021 at 14:32:45 ==========
Subject: re: Aaron Richards's BSA TROOP 671 ISA ACCOUNT
Using ISA.Troop671BSA@Troop671BSA.org to send to: "ISA.Troop671BSA@troop671bsa.org", Status: Successfully sent!
Using ISA.Troop671BSA@Troop671BSA.org to send to: "jeffriesrg@sbcglobal.net", Status: Successfully sent!
Using ISA.Troop671BSA@Troop671BSA.org to send to: "marylpec@gmail.com", Status: Successfully sent!
========== Tuesday September 14, 2021 at 14:32:45 ==========
========== Tuesday September 14, 2021 at 16:55:29 ==========
Subject: re: Jacob Richards's BSA TROOP 671 ISA ACCOUNT
Using ISA.Troop671BSA@Troop671BSA.org to send to: "ISA.Troop671BSA@troop671bsa.org", Status: Successfully sent!
Using ISA.Troop671BSA@Troop671BSA.org to send to: "jeffriesrg@sbcglobal.net", Status: Successfully sent!
Using ISA.Troop671BSA@Troop671BSA.org to send to: "marylpec@gmail.com", Status: Successfully sent!
========== Tuesday September 14, 2021 at 16:55:29 ==========
========== Wednesday October 20, 2021 at 9:55:56 ==========
Subject: re: Vedant Sayankar's BSA TROOP 671 ISA ACCOUNT
Using ISA.Troop671BSA@Troop671BSA.org to send to: "ISA.Troop671BSA@troop671bsa.org", Status: Successfully sent!
Using ISA.Troop671BSA@Troop671BSA.org to send to: "jeffriesrg@sbcglobal.net", Status: Successfully sent!
Using ISA.Troop671BSA@Troop671BSA.org to send to: "marylpec@gmail.com", Status: Successfully sent!
========== Wednesday October 20, 2021 at 9:55:56 ==========
========== Monday November 8, 2021 at 14:20:8 ==========
Subject: re: Gavin Short's BSA TROOP 671 ISA ACCOUNT
Using ISA.Troop671BSA@Troop671BSA.org to send to: "ISA.Troop671BSA@troop671bsa.org", Status: Successfully sent!
Using ISA.Troop671BSA@Troop671BSA.org to send to: "jeffriesrg@sbcglobal.net", Status: Successfully sent!
Using ISA.Troop671BSA@Troop671BSA.org to send to: "marylpec@gmail.com", Status: Successfully sent!
========== Monday November 8, 2021 at 14:20:8 ==========
========== Tuesday November 9, 2021 at 13:31:7 ==========
Subject: re: Noah Adrian's BSA TROOP 671 ISA ACCOUNT
Using ISA.Troop671BSA@Troop671BSA.org to send to: "ISA.Troop671BSA@troop671bsa.org", Status: Successfully sent!
Using ISA.Troop671BSA@Troop671BSA.org to send to: "jeffriesrg@sbcglobal.net", Status: Successfully sent!
Using ISA.Troop671BSA@Troop671BSA.org to send to: "marylpec@gmail.com", Status: Successfully sent!
========== Tuesday November 9, 2021 at 13:31:7 ==========
========== Tuesday November 9, 2021 at 13:31:11 ==========
Subject: re: Noah Adrian's BSA TROOP 671 ISA ACCOUNT
Using ISA.Troop671BSA@Troop671BSA.org to send to: "ISA.Troop671BSA@troop671bsa.org", Status: Successfully sent!
Using ISA.Troop671BSA@Troop671BSA.org to send to: "jeffriesrg@sbcglobal.net", Status: Successfully sent!
Using ISA.Troop671BSA@Troop671BSA.org to send to: "marylpec@gmail.com", Status: Successfully sent!
========== Tuesday November 9, 2021 at 13:31:11 ==========
========== Tuesday November 9, 2021 at 13:33:44 ==========
Subject: re: Noah Adrian's BSA TROOP 671 ISA ACCOUNT
Using ISA.Troop671BSA@Troop671BSA.org to send to: "ISA.Troop671BSA@troop671bsa.org", Status: Successfully sent!
Using ISA.Troop671BSA@Troop671BSA.org to send to: "jeffriesrg@sbcglobal.net", Status: Successfully sent!
Using ISA.Troop671BSA@Troop671BSA.org to send to: "marylpec@gmail.com", Status: Successfully sent!
========== Tuesday November 9, 2021 at 13:33:44 ==========
========== Monday March 21, 2022 at 8:52:4 ==========
Subject: re: Vedant Sayankar's BSA TROOP 671 ISA ACCOUNT
Using ISA.Troop671BSA@Troop671BSA.org to send to: "ISA.Troop671BSA@troop671bsa.org", Status: Successfully sent!
Using ISA.Troop671BSA@Troop671BSA.org to send to: "jeffriesrg@sbcglobal.net", Status: Successfully sent!
Using ISA.Troop671BSA@Troop671BSA.org to send to: "marylpec@gmail.com", Status: Successfully sent!
========== Monday March 21, 2022 at 8:52:4 ==========
========== Tuesday March 22, 2022 at 16:47:6 ==========
Subject: re: Zander Dent's BSA TROOP 671 ISA ACCOUNT
Using ISA.Troop671BSA@Troop671BSA.org to send to: "ISA.Troop671BSA@troop671bsa.org", Status: Successfully sent!
Using ISA.Troop671BSA@Troop671BSA.org to send to: "jeffriesrg@sbcglobal.net", Status: Successfully sent!
Using ISA.Troop671BSA@Troop671BSA.org to send to: "marylpec@gmail.com", Status: Successfully sent!
========== Tuesday March 22, 2022 at 16:47:6 ==========
========== Monday May 23, 2022 at 7:22:10 ==========
Subject: re: Vedant Sayankar's BSA TROOP 671 ISA ACCOUNT
Using ISA.Troop671BSA@Troop671BSA.org to send to: "ISA.Troop671BSA@troop671bsa.org", Status: Successfully sent!
Using ISA.Troop671BSA@Troop671BSA.org to send to: "jeffriesrg@sbcglobal.net", Status: Successfully sent!
Using ISA.Troop671BSA@Troop671BSA.org to send to: "marylpec@gmail.com", Status: Successfully sent!
========== Monday May 23, 2022 at 7:22:10 ==========
========== Wednesday June 8, 2022 at 7:23:53 ==========
Subject: re: Vedant Sayankar's BSA TROOP 671 ISA ACCOUNT
Using ISA.Troop671BSA@Troop671BSA.org to send to: "ISA.Troop671BSA@troop671bsa.org", Status: Successfully sent!
Using ISA.Troop671BSA@Troop671BSA.org to send to: "jeffriesrg@sbcglobal.net", Status: Successfully sent!
Using ISA.Troop671BSA@Troop671BSA.org to send to: "marylpec@gmail.com", Status: Successfully sent!
========== Wednesday June 8, 2022 at 7:23:53 ==========
========== Wednesday June 8, 2022 at 7:33:24 ==========
Subject: re: Vedant Sayankar's BSA TROOP 671 ISA ACCOUNT
Using ISA.Troop671BSA@Troop671BSA.org to send to: "ISA.Troop671BSA@troop671bsa.org", Status: Successfully sent!
Using ISA.Troop671BSA@Troop671BSA.org to send to: "jeffriesrg@sbcglobal.net", Status: Successfully sent!
Using ISA.Troop671BSA@Troop671BSA.org to send to: "marylpec@gmail.com", Status: Successfully sent!
========== Wednesday June 8, 2022 at 7:33:24 ==========
========== Wednesday September 14, 2022 at 6:30:19 ==========
Subject: re: Vedant Sayankar's BSA TROOP 671 ISA ACCOUNT
Using ISA.Troop671BSA@Troop671BSA.org to send to: "ISA.Troop671BSA@troop671bsa.org", Status: Successfully sent!
Using ISA.Troop671BSA@Troop671BSA.org to send to: "jeffriesrg@sbcglobal.net", Status: Successfully sent!
Using ISA.Troop671BSA@Troop671BSA.org to send to: "marylpec@gmail.com", Status: Successfully sent!
========== Wednesday September 14, 2022 at 6:30:19 ==========
========== Wednesday October 26, 2022 at 11:54:8 ==========
Subject: re: Vedant Sayankar's BSA TROOP 671 ISA ACCOUNT
Using ISA.Troop671BSA@Troop671BSA.org to send to: "ISA.Troop671BSA@troop671bsa.org", Status: Successfully sent!
Using ISA.Troop671BSA@Troop671BSA.org to send to: "jeffriesrg@sbcglobal.net", Status: Successfully sent!
Using ISA.Troop671BSA@Troop671BSA.org to send to: "marylpec@gmail.com", Status: Successfully sent!
========== Wednesday October 26, 2022 at 11:54:8 ==========
========== Monday November 28, 2022 at 18:13:18 ==========
Subject: re: Leith Hoffman's BSA TROOP 671 ISA ACCOUNT
Using ISA.Troop671BSA@Troop671BSA.org to send to: "ISA.Troop671BSA@troop671bsa.org", Status: Successfully sent!
Using ISA.Troop671BSA@Troop671BSA.org to send to: "jeffriesrg@sbcglobal.net", Status: Successfully sent!
Using ISA.Troop671BSA@Troop671BSA.org to send to: "marylpec@gmail.com", Status: Successfully sent!
========== Monday November 28, 2022 at 18:13:18 ==========
========== Sunday February 5, 2023 at 16:22:1 ==========
Subject: re: Matthew Ephgrave's BSA TROOP 671 ISA ACCOUNT
Using ISA.Troop671BSA@Troop671BSA.org to send to: "ISA.Troop671BSA@troop671bsa.org", Status: Successfully sent!
Using ISA.Troop671BSA@Troop671BSA.org to send to: "jeffriesrg@sbcglobal.net", Status: Successfully sent!
Using ISA.Troop671BSA@Troop671BSA.org to send to: "marylpec@gmail.com", Status: Successfully sent!
========== Sunday February 5, 2023 at 16:22:1 ==========
========== Tuesday February 7, 2023 at 16:38:39 ==========
Subject: re: Matthew Ephgrave's BSA TROOP 671 ISA ACCOUNT
Using ISA.Troop671BSA@Troop671BSA.org to send to: "ISA.Troop671BSA@troop671bsa.org", Status: Successfully sent!
Using ISA.Troop671BSA@Troop671BSA.org to send to: "jeffriesrg@sbcglobal.net", Status: Successfully sent!
Using ISA.Troop671BSA@Troop671BSA.org to send to: "marylpec@gmail.com", Status: Successfully sent!
========== Tuesday February 7, 2023 at 16:38:39 ==========
========== Monday March 6, 2023 at 6:58:47 ==========
Subject: re: Leith Hoffman's BSA TROOP 671 ISA ACCOUNT
Using ISA.Troop671BSA@Troop671BSA.org to send to: "ISA.Troop671BSA@troop671bsa.org", Status: Successfully sent!
Using ISA.Troop671BSA@Troop671BSA.org to send to: "jeffriesrg@sbcglobal.net", Status: Successfully sent!
Using ISA.Troop671BSA@Troop671BSA.org to send to: "marylpec@gmail.com", Status: Successfully sent!
========== Monday March 6, 2023 at 6:58:47 ==========
========== Wednesday March 8, 2023 at 19:28:55 ==========
Subject: re: Aydan Galvin's BSA TROOP 671 ISA ACCOUNT
Using ISA.Troop671BSA@Troop671BSA.org to send to: "ISA.Troop671BSA@troop671bsa.org", Status: Successfully sent!
Using ISA.Troop671BSA@Troop671BSA.org to send to: "jeffriesrg@sbcglobal.net", Status: Successfully sent!
Using ISA.Troop671BSA@Troop671BSA.org to send to: "marylpec@gmail.com", Status: Successfully sent!
========== Wednesday March 8, 2023 at 19:28:55 ==========
========== Thursday March 9, 2023 at 9:11:30 ==========
Subject: re: William Dionne's BSA TROOP 671 ISA ACCOUNT
Using ISA.Troop671BSA@Troop671BSA.org to send to: "ISA.Troop671BSA@troop671bsa.org", Status: Successfully sent!
Using ISA.Troop671BSA@Troop671BSA.org to send to: "jeffriesrg@sbcglobal.net", Status: Successfully sent!
Using ISA.Troop671BSA@Troop671BSA.org to send to: "marylpec@gmail.com", Status: Successfully sent!
========== Thursday March 9, 2023 at 9:11:30 ==========
========== Wednesday May 10, 2023 at 12:56:45 ==========
Subject: re: Gavin Short's BSA TROOP 671 ISA ACCOUNT
Using ISA.Troop671BSA@Troop671BSA.org to send to: "ISA.Troop671BSA@troop671bsa.org", Status: Successfully sent!
Using ISA.Troop671BSA@Troop671BSA.org to send to: "jeffriesrg@sbcglobal.net", Status: Successfully sent!
Using ISA.Troop671BSA@Troop671BSA.org to send to: "marylpec@gmail.com", Status: Successfully sent!
========== Wednesday May 10, 2023 at 12:56:45 ==========
========== Tuesday August 29, 2023 at 18:44:15 ==========
Subject: re: Zander Dent's BSA TROOP 671 ISA ACCOUNT
Using ISA.Troop671BSA@Troop671BSA.org to send to: "ISA.Troop671BSA@troop671bsa.org", Status: Successfully sent!
Using ISA.Troop671BSA@Troop671BSA.org to send to: "jeffriesrg@sbcglobal.net", Status: Successfully sent!
Using ISA.Troop671BSA@Troop671BSA.org to send to: "marylpec@gmail.com", Status: Successfully sent!
========== Tuesday August 29, 2023 at 18:44:15 ==========
========== Tuesday November 7, 2023 at 19:25:54 ==========
Subject: re: Vedant Sayankar's BSA TROOP 671 ISA ACCOUNT
Using ISA.Troop671BSA@Troop671BSA.org to send to: "ISA.Troop671BSA@troop671bsa.org", Status: Successfully sent!
Using ISA.Troop671BSA@Troop671BSA.org to send to: "jeffriesrg@sbcglobal.net", Status: Successfully sent!
Using ISA.Troop671BSA@Troop671BSA.org to send to: "marylpec@gmail.com", Status: Successfully sent!
========== Tuesday November 7, 2023 at 19:25:54 ==========
========== Wednesday November 29, 2023 at 7:48:21 ==========
Subject: re: Jack Pawlak's BSA TROOP 671 ISA ACCOUNT
Using ISA.Troop671BSA@Troop671BSA.org to send to: "ISA.Troop671BSA@troop671bsa.org", Status: Successfully sent!
Using ISA.Troop671BSA@Troop671BSA.org to send to: "jeffriesrg@sbcglobal.net", Status: Successfully sent!
Using ISA.Troop671BSA@Troop671BSA.org to send to: "marylpec@gmail.com", Status: Successfully sent!
========== Wednesday November 29, 2023 at 7:48:21 ==========
========== Wednesday November 29, 2023 at 7:49:26 ==========
Subject: re: Clark Pawlak's BSA TROOP 671 ISA ACCOUNT
Using ISA.Troop671BSA@Troop671BSA.org to send to: "ISA.Troop671BSA@troop671bsa.org", Status: Successfully sent!
Using ISA.Troop671BSA@Troop671BSA.org to send to: "jeffriesrg@sbcglobal.net", Status: Successfully sent!
Using ISA.Troop671BSA@Troop671BSA.org to send to: "marylpec@gmail.com", Status: Successfully sent!
========== Wednesday November 29, 2023 at 7:49:26 ==========
========== Friday January 12, 2024 at 12:29:10 ==========
Subject: re: Nate Gutzke's BSA TROOP 671 ISA ACCOUNT
Using ISA.Troop671BSA@Troop671BSA.org to send to: "ISA.Troop671BSA@troop671bsa.org", Status: Successfully sent!
Using ISA.Troop671BSA@Troop671BSA.org to send to: "jeffriesrg@sbcglobal.net", Status: Successfully sent!
Using ISA.Troop671BSA@Troop671BSA.org to send to: "marylpec@gmail.com", Status: Successfully sent!
========== Friday January 12, 2024 at 12:29:10 ==========
========== Friday January 12, 2024 at 12:29:44 ==========
Subject: re: Benjamin Gutzke's BSA TROOP 671 ISA ACCOUNT
Using ISA.Troop671BSA@Troop671BSA.org to send to: "ISA.Troop671BSA@troop671bsa.org", Status: Successfully sent!
Using ISA.Troop671BSA@Troop671BSA.org to send to: "jeffriesrg@sbcglobal.net", Status: Successfully sent!
Using ISA.Troop671BSA@Troop671BSA.org to send to: "marylpec@gmail.com", Status: Successfully sent!
========== Friday January 12, 2024 at 12:29:44 ==========
========== Tuesday January 23, 2024 at 16:53:35 ==========
Subject: re: Nate Gutzke's BSA TROOP 671 ISA ACCOUNT
Using ISA.Troop671BSA@Troop671BSA.org to send to: "ISA.Troop671BSA@troop671bsa.org", Status: Successfully sent!
Using ISA.Troop671BSA@Troop671BSA.org to send to: "jeffriesrg@sbcglobal.net", Status: Successfully sent!
Using ISA.Troop671BSA@Troop671BSA.org to send to: "marylpec@gmail.com", Status: Successfully sent!
========== Tuesday January 23, 2024 at 16:53:35 ==========
========== Monday January 29, 2024 at 11:27:25 ==========
Subject: re: Aydan Galvin's BSA TROOP 671 ISA ACCOUNT
Using ISA.Troop671BSA@Troop671BSA.org to send to: "ISA.Troop671BSA@troop671bsa.org", Status: Successfully sent!
Using ISA.Troop671BSA@Troop671BSA.org to send to: "jeffriesrg@sbcglobal.net", Status: Successfully sent!
Using ISA.Troop671BSA@Troop671BSA.org to send to: "marylpec@gmail.com", Status: Successfully sent!
========== Monday January 29, 2024 at 11:27:25 ==========
========== Monday January 29, 2024 at 11:27:29 ==========
Subject: re: Aydan Galvin's BSA TROOP 671 ISA ACCOUNT
Using ISA.Troop671BSA@Troop671BSA.org to send to: "ISA.Troop671BSA@troop671bsa.org", Status: Successfully sent!
Using ISA.Troop671BSA@Troop671BSA.org to send to: "jeffriesrg@sbcglobal.net", Status: Successfully sent!
Using ISA.Troop671BSA@Troop671BSA.org to send to: "marylpec@gmail.com", Status: Successfully sent!
========== Monday January 29, 2024 at 11:27:29 ==========
========== Tuesday February 27, 2024 at 16:41:1 ==========
Subject: re: William Dionne's BSA TROOP 671 ISA ACCOUNT
Using ISA.Troop671BSA@Troop671BSA.org to send to: "ISA.Troop671BSA@troop671bsa.org", Status: Successfully sent!
Using ISA.Troop671BSA@Troop671BSA.org to send to: "jeffriesrg@sbcglobal.net", Status: Successfully sent!
Using ISA.Troop671BSA@Troop671BSA.org to send to: "marylpec@gmail.com", Status: Successfully sent!
========== Tuesday February 27, 2024 at 16:41:1 ==========
========== Tuesday February 27, 2024 at 17:49:58 ==========
Subject: re: Zander Dent's BSA TROOP 671 ISA ACCOUNT
Using ISA.Troop671BSA@Troop671BSA.org to send to: "ISA.Troop671BSA@troop671bsa.org", Status: Successfully sent!
Using ISA.Troop671BSA@Troop671BSA.org to send to: "jeffriesrg@sbcglobal.net", Status: Successfully sent!
Using ISA.Troop671BSA@Troop671BSA.org to send to: "marylpec@gmail.com", Status: Successfully sent!
========== Tuesday February 27, 2024 at 17:49:58 ==========
========== Tuesday March 19, 2024 at 14:45:11 ==========
Subject: re: Ryland Rivera's BSA TROOP 671 ISA ACCOUNT
Using ISA.Troop671BSA@Troop671BSA.org to send to: "ISA.Troop671BSA@troop671bsa.org", Status: Successfully sent!
Using ISA.Troop671BSA@Troop671BSA.org to send to: "jeffriesrg@sbcglobal.net", Status: Successfully sent!
Using ISA.Troop671BSA@Troop671BSA.org to send to: "marylpec@gmail.com", Status: Successfully sent!
========== Tuesday March 19, 2024 at 14:45:11 ==========
========== Wednesday July 31, 2024 at 12:22:55 ==========
Subject: re: William Dionne's BSA TROOP 671 ISA ACCOUNT
Using ISA.Troop671BSA@Troop671BSA.org to send to: "ISA.Troop671BSA@troop671bsa.org", Status: Successfully sent!
Using ISA.Troop671BSA@Troop671BSA.org to send to: "jeffriesrg@sbcglobal.net", Status: Successfully sent!
Using ISA.Troop671BSA@Troop671BSA.org to send to: "marylpec@gmail.com", Status: Successfully sent!
========== Wednesday July 31, 2024 at 12:22:55 ==========
========== Wednesday July 31, 2024 at 12:23:0 ==========
Subject: re: William Dionne's BSA TROOP 671 ISA ACCOUNT
Using ISA.Troop671BSA@Troop671BSA.org to send to: "ISA.Troop671BSA@troop671bsa.org", Status: Successfully sent!
Using ISA.Troop671BSA@Troop671BSA.org to send to: "jeffriesrg@sbcglobal.net", Status: Successfully sent!
Using ISA.Troop671BSA@Troop671BSA.org to send to: "marylpec@gmail.com", Status: Successfully sent!
========== Wednesday July 31, 2024 at 12:23:0 ==========
========== Wednesday August 7, 2024 at 9:53:36 ==========
Subject: re: Ryland Rivera's BSA TROOP 671 ISA ACCOUNT
Using ISA.Troop671BSA@Troop671BSA.org to send to: "ISA.Troop671BSA@troop671bsa.org", Status: Successfully sent!
Using ISA.Troop671BSA@Troop671BSA.org to send to: "jeffriesrg@sbcglobal.net", Status: Successfully sent!
Using ISA.Troop671BSA@Troop671BSA.org to send to: "marylpec@gmail.com", Status: Successfully sent!
========== Wednesday August 7, 2024 at 9:53:36 ==========
========== Tuesday October 22, 2024 at 18:45:24 ==========
Subject: re: Elijiah Crothers's BSA TROOP 671 ISA ACCOUNT
Using ISA.Troop671BSA@Troop671BSA.org to send to: "ISA.Troop671BSA@troop671bsa.org", Status: Successfully sent!
Using ISA.Troop671BSA@Troop671BSA.org to send to: "jeffriesrg@sbcglobal.net", Status: Successfully sent!
Using ISA.Troop671BSA@Troop671BSA.org to send to: "marylpec@gmail.com", Status: Successfully sent!
========== Tuesday October 22, 2024 at 18:45:24 ==========
========== Tuesday November 5, 2024 at 12:35:55 ==========
Subject: re: William Dionne's BSA TROOP 671 ISA ACCOUNT
Using ISA.Troop671BSA@Troop671BSA.org to send to: "ISA.Troop671BSA@troop671bsa.org", Status: Successfully sent!
Using ISA.Troop671BSA@Troop671BSA.org to send to: "jeffriesrg@sbcglobal.net", Status: Successfully sent!
Using ISA.Troop671BSA@Troop671BSA.org to send to: "marylpec@gmail.com", Status: Successfully sent!
========== Tuesday November 5, 2024 at 12:35:55 ==========
========== Monday November 11, 2024 at 9:56:43 ==========
Subject: re: Vedant Sayankar's BSA TROOP 671 ISA ACCOUNT
Using ISA.Troop671BSA@Troop671BSA.org to send to: "ISA.Troop671BSA@troop671bsa.org", Status: Successfully sent!
Using ISA.Troop671BSA@Troop671BSA.org to send to: "jeffriesrg@sbcglobal.net", Status: Successfully sent!
Using ISA.Troop671BSA@Troop671BSA.org to send to: "marylpec@gmail.com", Status: Successfully sent!
========== Monday November 11, 2024 at 9:56:43 ==========
========== Friday November 22, 2024 at 14:36:11 ==========
Subject: re: Nate Gutzke's BSA TROOP 671 ISA ACCOUNT
Using ISA.Troop671BSA@Troop671BSA.org to send to: "ISA.Troop671BSA@troop671bsa.org", Status: Successfully sent!
Using ISA.Troop671BSA@Troop671BSA.org to send to: "jeffriesrg@sbcglobal.net", Status: Successfully sent!
Using ISA.Troop671BSA@Troop671BSA.org to send to: "marylpec@gmail.com", Status: Successfully sent!
========== Friday November 22, 2024 at 14:36:11 ==========
========== Friday November 22, 2024 at 14:37:48 ==========
Subject: re: Benjamin Gutzke's BSA TROOP 671 ISA ACCOUNT
Using ISA.Troop671BSA@Troop671BSA.org to send to: "ISA.Troop671BSA@troop671bsa.org", Status: Successfully sent!
Using ISA.Troop671BSA@Troop671BSA.org to send to: "jeffriesrg@sbcglobal.net", Status: Successfully sent!
Using ISA.Troop671BSA@Troop671BSA.org to send to: "marylpec@gmail.com", Status: Successfully sent!
========== Friday November 22, 2024 at 14:37:48 ==========
========== Sunday December 8, 2024 at 16:54:39 ==========
Subject: re: Clark Pawlak's BSA TROOP 671 ISA ACCOUNT
Using ISA.Troop671BSA@Troop671BSA.org to send to: "ISA.Troop671BSA@troop671bsa.org", Status: Successfully sent!
Using ISA.Troop671BSA@Troop671BSA.org to send to: "jeffriesrg@sbcglobal.net", Status: Successfully sent!
Using ISA.Troop671BSA@Troop671BSA.org to send to: "marylpec@gmail.com", Status: Successfully sent!
========== Sunday December 8, 2024 at 16:54:39 ==========
========== Monday January 27, 2025 at 20:15:35 ==========
Subject: re: Zander Dent's BSA TROOP 671 ISA ACCOUNT
Using ISA.Troop671BSA@Troop671BSA.org to send to: "ISA.Troop671BSA@troop671bsa.org", Status: Successfully sent!
Using ISA.Troop671BSA@Troop671BSA.org to send to: "jeffriesrg@sbcglobal.net", Status: Successfully sent!
Using ISA.Troop671BSA@Troop671BSA.org to send to: "marylpec@gmail.com", Status: Successfully sent!
========== Monday January 27, 2025 at 20:15:35 ==========
========== Friday February 7, 2025 at 10:13:39 ==========
Subject: re: Benjamin Gutzke's BSA TROOP 671 ISA ACCOUNT
Using ISA.Troop671BSA@Troop671BSA.org to send to: "ISA.Troop671BSA@troop671bsa.org", Status: Successfully sent!
Using ISA.Troop671BSA@Troop671BSA.org to send to: "jeffriesrg@sbcglobal.net", Status: Successfully sent!
Using ISA.Troop671BSA@Troop671BSA.org to send to: "marylpec@gmail.com", Status: Successfully sent!
========== Friday February 7, 2025 at 10:13:39 ==========
========== Friday February 7, 2025 at 10:14:12 ==========
Subject: re: Nate Gutzke's BSA TROOP 671 ISA ACCOUNT
Using ISA.Troop671BSA@Troop671BSA.org to send to: "ISA.Troop671BSA@troop671bsa.org", Status: Successfully sent!
Using ISA.Troop671BSA@Troop671BSA.org to send to: "jeffriesrg@sbcglobal.net", Status: Successfully sent!
Using ISA.Troop671BSA@Troop671BSA.org to send to: "marylpec@gmail.com", Status: Successfully sent!
========== Friday February 7, 2025 at 10:14:12 ==========
========== Monday February 24, 2025 at 7:24:44 ==========
Subject: re: Ryland Rivera's BSA TROOP 671 ISA ACCOUNT
Using ISA.Troop671BSA@Troop671BSA.org to send to: "ISA.Troop671BSA@troop671bsa.org", Status: Successfully sent!
Using ISA.Troop671BSA@Troop671BSA.org to send to: "jeffriesrg@sbcglobal.net", Status: Successfully sent!
Using ISA.Troop671BSA@Troop671BSA.org to send to: "marylpec@gmail.com", Status: Successfully sent!
========== Monday February 24, 2025 at 7:24:44 ==========
========== Tuesday May 20, 2025 at 17:33:40 ==========
Subject: re: Taso Barnes's BSA TROOP 671 ISA ACCOUNT
Using ISA.Troop671BSA@Troop671BSA.org to send to: "ISA.Troop671BSA@troop671bsa.org", Status: Successfully sent!
Using ISA.Troop671BSA@Troop671BSA.org to send to: "jeffriesrg@sbcglobal.net", Status: Successfully sent!
Using ISA.Troop671BSA@Troop671BSA.org to send to: "marylpec@gmail.com", Status: Successfully sent!
========== Tuesday May 20, 2025 at 17:33:40 ==========
========== Tuesday May 20, 2025 at 17:35:51 ==========
Subject: re: Taso Barnes's BSA TROOP 671 ISA ACCOUNT
Using ISA.Troop671BSA@Troop671BSA.org to send to: "ISA.Troop671BSA@troop671bsa.org", Status: Successfully sent!
Using ISA.Troop671BSA@Troop671BSA.org to send to: "jeffriesrg@sbcglobal.net", Status: Successfully sent!
Using ISA.Troop671BSA@Troop671BSA.org to send to: "marylpec@gmail.com", Status: Successfully sent!
========== Tuesday May 20, 2025 at 17:35:51 ==========
========== Tuesday May 20, 2025 at 17:35:56 ==========
Subject: re: Taso Barnes's BSA TROOP 671 ISA ACCOUNT
Using ISA.Troop671BSA@Troop671BSA.org to send to: "ISA.Troop671BSA@troop671bsa.org", Status: Successfully sent!
Using ISA.Troop671BSA@Troop671BSA.org to send to: "jeffriesrg@sbcglobal.net", Status: Successfully sent!
Using ISA.Troop671BSA@Troop671BSA.org to send to: "marylpec@gmail.com", Status: Successfully sent!
========== Tuesday May 20, 2025 at 17:35:56 ==========
========== Tuesday June 3, 2025 at 12:35:37 ==========
Subject: re: William Dionne's BSA TROOP 671 ISA ACCOUNT
Using ISA.Troop671BSA@Troop671BSA.org to send to: "ISA.Troop671BSA@troop671bsa.org", Status: Successfully sent!
Using ISA.Troop671BSA@Troop671BSA.org to send to: "jeffriesrg@sbcglobal.net", Status: Successfully sent!
Using ISA.Troop671BSA@Troop671BSA.org to send to: "marylpec@gmail.com", Status: Successfully sent!
========== Tuesday June 3, 2025 at 12:35:37 ==========
========== Tuesday June 3, 2025 at 12:36:41 ==========
Subject: re: William Dionne's BSA TROOP 671 ISA ACCOUNT
Using ISA.Troop671BSA@Troop671BSA.org to send to: "ISA.Troop671BSA@troop671bsa.org", Status: Successfully sent!
Using ISA.Troop671BSA@Troop671BSA.org to send to: "jeffriesrg@sbcglobal.net", Status: Successfully sent!
Using ISA.Troop671BSA@Troop671BSA.org to send to: "marylpec@gmail.com", Status: Successfully sent!
========== Tuesday June 3, 2025 at 12:36:41 ==========
========== Tuesday June 17, 2025 at 7:3:0 ==========
Subject: re: William Dionne's BSA TROOP 671 ISA ACCOUNT
Using ISA.Troop671BSA@Troop671BSA.org to send to: "ISA.Troop671BSA@troop671bsa.org", Status: Successfully sent!
Using ISA.Troop671BSA@Troop671BSA.org to send to: "jeffriesrg@sbcglobal.net", Status: Successfully sent!
Using ISA.Troop671BSA@Troop671BSA.org to send to: "marylpec@gmail.com", Status: Successfully sent!
========== Tuesday June 17, 2025 at 7:3:0 ==========
========== Tuesday June 17, 2025 at 7:3:11 ==========
Subject: re: William Dionne's BSA TROOP 671 ISA ACCOUNT
Using ISA.Troop671BSA@Troop671BSA.org to send to: "ISA.Troop671BSA@troop671bsa.org", Status: Successfully sent!
Using ISA.Troop671BSA@Troop671BSA.org to send to: "jeffriesrg@sbcglobal.net", Status: Successfully sent!
Using ISA.Troop671BSA@Troop671BSA.org to send to: "marylpec@gmail.com", Status: Successfully sent!
========== Tuesday June 17, 2025 at 7:3:11 ==========
========== Monday June 23, 2025 at 6:55:4 ==========
Subject: re: William Dionne's BSA TROOP 671 ISA ACCOUNT
Using ISA.Troop671BSA@Troop671BSA.org to send to: "ISA.Troop671BSA@troop671bsa.org", Status: Successfully sent!
Using ISA.Troop671BSA@Troop671BSA.org to send to: "jeffriesrg@sbcglobal.net", Status: Successfully sent!
Using ISA.Troop671BSA@Troop671BSA.org to send to: "marylpec@gmail.com", Status: Successfully sent!
========== Monday June 23, 2025 at 6:55:4 ==========
========== Monday June 23, 2025 at 6:56:8 ==========
Subject: re: William Dionne's BSA TROOP 671 ISA ACCOUNT
Using ISA.Troop671BSA@Troop671BSA.org to send to: "ISA.Troop671BSA@troop671bsa.org", Status: Successfully sent!
Using ISA.Troop671BSA@Troop671BSA.org to send to: "jeffriesrg@sbcglobal.net", Status: Successfully sent!
Using ISA.Troop671BSA@Troop671BSA.org to send to: "marylpec@gmail.com", Status: Successfully sent!
========== Monday June 23, 2025 at 6:56:8 ==========
========== Saturday June 28, 2025 at 15:56:56 ==========
Subject: re: William Dionne's BSA TROOP 671 ISA ACCOUNT
Using ISA.Troop671BSA@Troop671BSA.org to send to: "ISA.Troop671BSA@troop671bsa.org", Status: Successfully sent!
Using ISA.Troop671BSA@Troop671BSA.org to send to: "jeffriesrg@sbcglobal.net", Status: Successfully sent!
Using ISA.Troop671BSA@Troop671BSA.org to send to: "marylpec@gmail.com", Status: Successfully sent!
========== Saturday June 28, 2025 at 15:56:56 ==========
========== Tuesday July 1, 2025 at 14:34:44 ==========
Subject: re: Aydan Galvin's BSA TROOP 671 ISA ACCOUNT
Using ISA.Troop671BSA@Troop671BSA.org to send to: "ISA.Troop671BSA@troop671bsa.org", Status: Successfully sent!
Using ISA.Troop671BSA@Troop671BSA.org to send to: "jeffriesrg@sbcglobal.net", Status: Successfully sent!
Using ISA.Troop671BSA@Troop671BSA.org to send to: "marylpec@gmail.com", Status: Successfully sent!
========== Tuesday July 1, 2025 at 14:34:44 ==========
========== Tuesday August 12, 2025 at 6:44:19 ==========
Subject: re: William Dionne's BSA TROOP 671 ISA ACCOUNT
Using ISA.Troop671BSA@Troop671BSA.org to send to: "ISA.Troop671BSA@troop671bsa.org", Status: Successfully sent!
Using ISA.Troop671BSA@Troop671BSA.org to send to: "jeffriesrg@sbcglobal.net", Status: Successfully sent!
Using ISA.Troop671BSA@Troop671BSA.org to send to: "marylpec@gmail.com", Status: Successfully sent!
========== Tuesday August 12, 2025 at 6:44:19 ==========
========== Tuesday August 12, 2025 at 6:46:9 ==========
Subject: re: William Dionne's BSA TROOP 671 ISA ACCOUNT
Using ISA.Troop671BSA@Troop671BSA.org to send to: "ISA.Troop671BSA@troop671bsa.org", Status: Successfully sent!
Using ISA.Troop671BSA@Troop671BSA.org to send to: "jeffriesrg@sbcglobal.net", Status: Successfully sent!
Using ISA.Troop671BSA@Troop671BSA.org to send to: "marylpec@gmail.com", Status: Successfully sent!
========== Tuesday August 12, 2025 at 6:46:9 ==========
========== Wednesday August 13, 2025 at 14:16:28 ==========
Subject: re: Hudson Hoffman's BSA TROOP 671 ISA ACCOUNT
Using ISA.Troop671BSA@Troop671BSA.org to send to: "ISA.Troop671BSA@troop671bsa.org", Status: Successfully sent!
Using ISA.Troop671BSA@Troop671BSA.org to send to: "jeffriesrg@sbcglobal.net", Status: Successfully sent!
Using ISA.Troop671BSA@Troop671BSA.org to send to: "marylpec@gmail.com", Status: Successfully sent!
========== Wednesday August 13, 2025 at 14:16:28 ==========
========== Tuesday August 19, 2025 at 19:19:30 ==========
Subject: re: Benjamin Gutzke's BSA TROOP 671 ISA ACCOUNT
Using ISA.Troop671BSA@Troop671BSA.org to send to: "ISA.Troop671BSA@troop671bsa.org", Status: Successfully sent!
Using ISA.Troop671BSA@Troop671BSA.org to send to: "jeffriesrg@sbcglobal.net", Status: Successfully sent!
Using ISA.Troop671BSA@Troop671BSA.org to send to: "marylpec@gmail.com", Status: Successfully sent!
========== Tuesday August 19, 2025 at 19:19:30 ==========
========== Tuesday August 19, 2025 at 19:20:52 ==========
Subject: re: Nate Gutzke's BSA TROOP 671 ISA ACCOUNT
Using ISA.Troop671BSA@Troop671BSA.org to send to: "ISA.Troop671BSA@troop671bsa.org", Status: Successfully sent!
Using ISA.Troop671BSA@Troop671BSA.org to send to: "jeffriesrg@sbcglobal.net", Status: Successfully sent!
Using ISA.Troop671BSA@Troop671BSA.org to send to: "marylpec@gmail.com", Status: Successfully sent!
========== Tuesday August 19, 2025 at 19:20:52 ==========
========== Wednesday August 27, 2025 at 8:39:55 ==========
Subject: re: William Dionne's BSA TROOP 671 ISA ACCOUNT
Using ISA.Troop671BSA@Troop671BSA.org to send to: "ISA.Troop671BSA@troop671bsa.org", Status: Successfully sent!
Using ISA.Troop671BSA@Troop671BSA.org to send to: "jeffriesrg@sbcglobal.net", Status: Successfully sent!
Using ISA.Troop671BSA@Troop671BSA.org to send to: "marylpec@gmail.com", Status: Successfully sent!
========== Wednesday August 27, 2025 at 8:39:55 ==========
========== Tuesday October 14, 2025 at 16:59:12 ==========
Subject: re: Nikhilan Rathinakumar's BSA TROOP 671 ISA ACCOUNT
Using ISA.Troop671BSA@Troop671BSA.org to send to: "ISA.Troop671BSA@troop671bsa.org", Status: Successfully sent!
Using ISA.Troop671BSA@Troop671BSA.org to send to: "jeffriesrg@sbcglobal.net", Status: Successfully sent!
Using ISA.Troop671BSA@Troop671BSA.org to send to: "marylpec@gmail.com", Status: Successfully sent!
========== Tuesday October 14, 2025 at 16:59:12 ==========
========== Sunday November 16, 2025 at 13:30:24 ==========
Subject: re: Seth Gross's BSA TROOP 671 ISA ACCOUNT
Using ISA.Troop671BSA@Troop671BSA.org to send to: "ISA.Troop671BSA@troop671bsa.org", Status: Successfully sent!
Using ISA.Troop671BSA@Troop671BSA.org to send to: "jeffriesrg@sbcglobal.net", Status: Successfully sent!
Using ISA.Troop671BSA@Troop671BSA.org to send to: "marylpec@gmail.com", Status: Successfully sent!
========== Sunday November 16, 2025 at 13:30:24 ==========
========== Tuesday November 18, 2025 at 16:11:59 ==========
Subject: re: Seth Gross's BSA TROOP 671 ISA ACCOUNT
Using ISA.Troop671BSA@Troop671BSA.org to send to: "ISA.Troop671BSA@troop671bsa.org", Status: Successfully sent!
Using ISA.Troop671BSA@Troop671BSA.org to send to: "jeffriesrg@sbcglobal.net", Status: Successfully sent!
Using ISA.Troop671BSA@Troop671BSA.org to send to: "marylpec@gmail.com", Status: Successfully sent!
========== Tuesday November 18, 2025 at 16:11:59 ==========
========== Tuesday November 18, 2025 at 16:12:6 ==========
Subject: re: Seth Gross's BSA TROOP 671 ISA ACCOUNT
Using ISA.Troop671BSA@Troop671BSA.org to send to: "ISA.Troop671BSA@troop671bsa.org", Status: Successfully sent!
Using ISA.Troop671BSA@Troop671BSA.org to send to: "jeffriesrg@sbcglobal.net", Status: Successfully sent!
Using ISA.Troop671BSA@Troop671BSA.org to send to: "marylpec@gmail.com", Status: Successfully sent!
========== Tuesday November 18, 2025 at 16:12:6 ==========
========== Thursday December 4, 2025 at 9:35:16 ==========
Subject: re: Clark Pawlak's BSA TROOP 671 ISA ACCOUNT
Using ISA.Troop671BSA@Troop671BSA.org to send to: "ISA.Troop671BSA@troop671bsa.org", Status: Successfully sent!
Using ISA.Troop671BSA@Troop671BSA.org to send to: "jeffriesrg@sbcglobal.net", Status: Successfully sent!
Using ISA.Troop671BSA@Troop671BSA.org to send to: "marylpec@gmail.com", Status: Successfully sent!
========== Thursday December 4, 2025 at 9:35:16 ==========
========== Friday December 12, 2025 at 14:7:8 ==========
Subject: re: Matthew Ephgrave's BSA TROOP 671 ISA ACCOUNT
Using ISA.Troop671BSA@Troop671BSA.org to send to: "ISA.Troop671BSA@troop671bsa.org", Status: Successfully sent!
Using ISA.Troop671BSA@Troop671BSA.org to send to: "jeffriesrg@sbcglobal.net", Status: Successfully sent!
Using ISA.Troop671BSA@Troop671BSA.org to send to: "marylpec@gmail.com", Status: Successfully sent!
========== Friday December 12, 2025 at 14:7:8 ==========
========== Wednesday January 28, 2026 at 12:41:54 ==========
Subject: re: Hudson Hoffman's BSA TROOP 671 ISA ACCOUNT
Using ISA.Troop671BSA@Troop671BSA.org to send to: "ISA.Troop671BSA@troop671bsa.org", Status: Successfully sent!
Using ISA.Troop671BSA@Troop671BSA.org to send to: "jeffriesrg@sbcglobal.net", Status: Successfully sent!
Using ISA.Troop671BSA@Troop671BSA.org to send to: "marylpec@gmail.com", Status: Successfully sent!
========== Wednesday January 28, 2026 at 12:41:54 ==========
========== Tuesday March 3, 2026 at 16:40:56 ==========
Subject: re: Ryland Rivera's BSA TROOP 671 ISA ACCOUNT
Using ISA.Troop671BSA@Troop671BSA.org to send to: "ISA.Troop671BSA@troop671bsa.org", Status: Successfully sent!
Using ISA.Troop671BSA@Troop671BSA.org to send to: "jeffriesrg@sbcglobal.net", Status: Successfully sent!
Using ISA.Troop671BSA@Troop671BSA.org to send to: "marylpec@gmail.com", Status: Successfully sent!
========== Tuesday March 3, 2026 at 16:40:56 ==========
========== Friday March 20, 2026 at 14:27:36 ==========
Subject: re: Ryland Rivera's BSA TROOP 671 ISA ACCOUNT
Using ISA.Troop671BSA@Troop671BSA.org to send to: "ISA.Troop671BSA@troop671bsa.org", Status: Successfully sent!
Using ISA.Troop671BSA@Troop671BSA.org to send to: "jeffriesrg@sbcglobal.net", Status: Successfully sent!
Using ISA.Troop671BSA@Troop671BSA.org to send to: "marylpec@gmail.com", Status: Successfully sent!
========== Friday March 20, 2026 at 14:27:36 ==========
========== Friday April 24, 2026 at 19:13:52 ==========
Subject: re: Seth Gross's BSA TROOP 671 ISA ACCOUNT
Using ISA.Troop671BSA@Troop671BSA.org to send to: "ISA.Troop671BSA@troop671bsa.org", Status: Successfully sent!
Using ISA.Troop671BSA@Troop671BSA.org to send to: "jeffriesrg@sbcglobal.net", Status: Successfully sent!
Using ISA.Troop671BSA@Troop671BSA.org to send to: "marylpec@gmail.com", Status: Successfully sent!
========== Friday April 24, 2026 at 19:13:52 ==========
========== Sunday April 26, 2026 at 12:45:46 ==========
Subject: re: Cole Gross's BSA TROOP 671 ISA ACCOUNT
Using ISA.Troop671BSA@Troop671BSA.org to send to: "ISA.Troop671BSA@troop671bsa.org", Status: Successfully sent!
Using ISA.Troop671BSA@Troop671BSA.org to send to: "jeffriesrg@sbcglobal.net", Status: Successfully sent!
Using ISA.Troop671BSA@Troop671BSA.org to send to: "marylpec@gmail.com", Status: Successfully sent!
========== Sunday April 26, 2026 at 12:45:46 ==========
========== Thursday April 30, 2026 at 7:15:8 ==========
Subject: re: Leith Hoffman's BSA TROOP 671 ISA ACCOUNT
Using ISA.Troop671BSA@Troop671BSA.org to send to: "ISA.Troop671BSA@troop671bsa.org", Status: Successfully sent!
Using ISA.Troop671BSA@Troop671BSA.org to send to: "jeffriesrg@sbcglobal.net", Status: Successfully sent!
Using ISA.Troop671BSA@Troop671BSA.org to send to: "marylpec@gmail.com", Status: Successfully sent!
========== Thursday April 30, 2026 at 7:15:8 ==========
========== Saturday June 13, 2026 at 8:48:12 ==========
Subject: re: Cole Gross's BSA TROOP 671 ISA ACCOUNT
========== Saturday June 13, 2026 at 8:49:39 ==========
Subject: re: Seth Gross's BSA TROOP 671 ISA ACCOUNT
========== Thursday July 2, 2026 at 16:48:49 ==========
Subject: re: Seth Gross's BSA TROOP 671 ISA ACCOUNT
========== Sunday August 23, 2026 at 20:2:0 ==========
Subject: re: Seth Gross's BSA TROOP 671 ISA ACCOUNT
========== Sunday August 23, 2026 at 20:2:58 ==========
Subject: re: Cole Gross's BSA TROOP 671 ISA ACCOUNT
========== Tuesday September 1, 2026 at 19:25:43 ==========
Subject: re: Cole Gross's BSA TROOP 671 ISA ACCOUNT
========== Tuesday September 1, 2026 at 19:26:21 ==========
Subject: re: Seth Gross's BSA TROOP 671 ISA ACCOUNT
========== Tuesday September 1, 2026 at 19:39:5 ==========
Subject: re: Joseph Pec's BSA TROOP 671 ISA ACCOUNT
========== Wednesday September 2, 2026 at 14:34:58 ==========
Subject: re: Joseph Pec's BSA TROOP 671 ISA ACCOUNT
